EXPLAIN
TAG	CV
TITLE	LABEL	PCN nitrogen-doped porous carbon - CV scan-rate series	&Title
DATE	LABEL	7/7/2026	&Date
TIME	LABEL	12:00:00	&Time
NOTES	LINES	6	CC0 1.0 open data - Zhang and Wei (USN), doi:10.18710/F4NFMJ
Data: Zhang and Wei, Univ. of South-Eastern Norway (CC0 1.0).
Electrochemical and Structural Data of Carbon-Based Materials
for Energy Storage. doi:10.18710/F4NFMJ
Curves 1-5 are scan rates 10, 20, 30, 50, 100 mV/s
(one sweep per rate; SCANRATE header lists the mid rate).
6 M KOH, three-electrode cell, potential vs. Hg/HgO.
SCANRATE	QUANT	50.	&Scan Rate (mV/s)
VINIT	QUANT	0.2	&Initial E (V)
VLIMIT1	QUANT	1.8	&Scan Limit 1 (V)
VLIMIT2	QUANT	0.2	&Scan Limit 2 (V)
CURVE	TABLE	3200
Pt	T	Vf	Im
#	s	V vs. Ref.	A
0	0	0.2	-0.001192
1	0.1	0.201	-0.001098
2	0.2	0.202	-0.001018
3	0.3	0.203	-0.000951
4	0.4	0.204	-0.000895
5	0.5	0.205	-0.000845
6	0.6	0.206	-0.000801
7	0.7	0.207	-0.000762
8	0.8	0.208	-0.000724
9	0.9	0.209	-0.000691
10	1	0.21	-0.000659
11	1.1	0.211	-0.000631
12	1.2	0.212	-0.000603
13	1.3	0.213	-0.000576
14	1.4	0.214	-0.000551
15	1.5	0.215	-0.000528
16	1.6	0.216	-0.000506
17	1.7	0.217	-0.000485
18	1.8	0.218	-0.000465
19	1.9	0.219	-0.000446
20	2	0.22	-0.000428
21	2.1	0.221	-0.000409
22	2.2	0.222	-0.000392
23	2.3	0.223	-0.000375
24	2.4	0.224	-0.000359
25	2.5	0.225	-0.000345
26	2.6	0.226	-0.00033
27	2.7	0.227	-0.000316
28	2.8	0.228	-0.000303
29	2.9	0.229	-0.00029
30	3	0.23	-0.000276
31	3.1	0.231	-0.000264
32	3.2	0.232	-0.000252
33	3.3	0.233	-0.000241
34	3.4	0.234	-0.00023
35	3.5	0.235	-0.00022
36	3.6	0.236	-0.000209
37	3.7	0.237	-0.0002
38	3.8	0.238	-0.000189
39	3.9	0.239	-0.00018
40	4	0.24	-0.000172
41	4.1	0.241	-0.000163
42	4.2	0.242	-0.000154
43	4.3	0.243	-0.000146
44	4.4	0.244	-0.000139
45	4.5	0.245	-0.000131
46	4.6	0.246	-0.000123
47	4.7	0.247	-0.000116
48	4.8	0.248	-0.000109
49	4.9	0.249	-0.000102
50	5	0.25	-9.6e-05
51	5.1	0.251	-9.13e-05
52	5.2	0.252	-8.61e-05
53	5.3	0.253	-8.04e-05
54	5.4	0.254	-7.49e-05
55	5.5	0.255	-6.96e-05
56	5.6	0.256	-6.52e-05
57	5.7	0.257	-6.05e-05
58	5.8	0.258	-5.62e-05
59	5.9	0.259	-5.22e-05
60	6	0.26	-4.74e-05
61	6.1	0.261	-4.37e-05
62	6.2	0.262	-3.96e-05
63	6.3	0.263	-3.6e-05
64	6.4	0.264	-3.16e-05
65	6.5	0.265	-2.83e-05
66	6.6	0.266	-2.61e-05
67	6.7	0.267	-2.38e-05
68	6.8	0.268	-2.02e-05
69	6.9	0.269	-1.68e-05
70	7	0.27	-1.4e-05
71	7.1	0.271	-1.08e-05
72	7.2	0.272	-8.92e-06
73	7.3	0.273	-7.23e-06
74	7.4	0.274	-4.34e-06
75	7.5	0.275	-1.62e-06
76	7.6	0.276	-5.72e-07
77	7.7	0.277	1.03e-06
78	7.8	0.278	3.12e-06
79	7.9	0.279	5.13e-06
80	8	0.28	6.17e-06
81	8.1	0.281	7.86e-06
82	8.2	0.282	1.05e-05
83	8.3	0.283	1.31e-05
84	8.4	0.284	1.44e-05
85	8.5	0.285	1.48e-05
86	8.6	0.286	1.66e-05
87	8.7	0.287	1.77e-05
88	8.8	0.288	1.97e-05
89	8.9	0.289	1.97e-05
90	9	0.29	2.08e-05
91	9.1	0.291	2.16e-05
92	9.2	0.292	2.25e-05
93	9.3	0.293	2.44e-05
94	9.4	0.294	2.62e-05
95	9.5	0.295	2.74e-05
96	9.6	0.296	2.78e-05
97	9.7	0.297	2.88e-05
98	9.8	0.298	3e-05
99	9.9	0.299	3.07e-05
100	10	0.3	3.19e-05
101	10.1	0.301	3.31e-05
102	10.2	0.302	3.35e-05
103	10.3	0.303	3.51e-05
104	10.4	0.304	3.58e-05
105	10.5	0.305	3.8e-05
106	10.6	0.306	3.92e-05
107	10.7	0.307	4.03e-05
108	10.8	0.308	4.15e-05
109	10.9	0.309	4.36e-05
110	11	0.31	4.63e-05
111	11.1	0.311	4.65e-05
112	11.2	0.312	4.9e-05
113	11.3	0.313	5.1e-05
114	11.4	0.314	5.27e-05
115	11.5	0.315	5.57e-05
116	11.6	0.316	5.84e-05
117	11.7	0.317	6.18e-05
118	11.8	0.318	6.48e-05
119	11.9	0.319	6.88e-05
120	12	0.32	7.25e-05
121	12.1	0.321	7.65e-05
122	12.2	0.322	8.09e-05
123	12.3	0.323	8.53e-05
124	12.4	0.324	8.94e-05
125	12.5	0.325	9.42e-05
126	12.6	0.326	9.93e-05
127	12.7	0.327	0.000105
128	12.8	0.328	0.000112
129	12.9	0.329	0.000118
130	13	0.33	0.000123
131	13.1	0.331	0.000129
132	13.2	0.332	0.000136
133	13.3	0.333	0.000142
134	13.4	0.334	0.000148
135	13.5	0.335	0.000155
136	13.6	0.336	0.000161
137	13.7	0.337	0.000166
138	13.8	0.338	0.000173
139	13.9	0.339	0.000177
140	14	0.34	0.000183
141	14.1	0.341	0.00019
142	14.2	0.342	0.000195
143	14.3	0.343	0.0002
144	14.4	0.344	0.000207
145	14.5	0.345	0.000213
146	14.6	0.346	0.000219
147	14.7	0.347	0.000223
148	14.8	0.348	0.000229
149	14.9	0.349	0.000232
150	15	0.35	0.000238
151	15.1	0.351	0.000243
152	15.2	0.352	0.000249
153	15.3	0.353	0.000253
154	15.4	0.354	0.000258
155	15.5	0.355	0.000263
156	15.6	0.356	0.000267
157	15.7	0.357	0.000273
158	15.8	0.358	0.000278
159	15.9	0.359	0.000283
160	16	0.36	0.000288
161	16.1	0.361	0.000292
162	16.2	0.362	0.000296
163	16.3	0.363	0.0003
164	16.4	0.364	0.000304
165	16.5	0.365	0.000309
166	16.6	0.366	0.000314
167	16.7	0.367	0.000318
168	16.8	0.368	0.000323
169	16.9	0.369	0.000327
170	17	0.37	0.000331
171	17.1	0.371	0.000335
172	17.2	0.372	0.000339
173	17.3	0.373	0.000343
174	17.4	0.374	0.000347
175	17.5	0.375	0.000351
176	17.6	0.376	0.000354
177	17.7	0.377	0.00036
178	17.8	0.378	0.000363
179	17.9	0.379	0.000365
180	18	0.38	0.000369
181	18.1	0.381	0.000374
182	18.2	0.382	0.000378
183	18.3	0.383	0.000381
184	18.4	0.384	0.000385
185	18.5	0.385	0.000389
186	18.6	0.386	0.000392
187	18.7	0.387	0.000395
188	18.8	0.388	0.000398
189	18.9	0.389	0.000402
190	19	0.39	0.000406
191	19.1	0.391	0.000409
192	19.2	0.392	0.000412
193	19.3	0.393	0.000417
194	19.4	0.394	0.000419
195	19.5	0.395	0.000422
196	19.6	0.396	0.000426
197	19.7	0.397	0.000428
198	19.8	0.398	0.000432
199	19.9	0.399	0.000435
200	20	0.4	0.000437
201	20.1	0.401	0.000441
202	20.2	0.402	0.000443
203	20.3	0.403	0.000446
204	20.4	0.404	0.000449
205	20.5	0.405	0.000452
206	20.6	0.406	0.000455
207	20.7	0.407	0.000457
208	20.8	0.408	0.000459
209	20.9	0.409	0.000461
210	21	0.41	0.000465
211	21.1	0.411	0.000467
212	21.2	0.412	0.00047
213	21.3	0.413	0.000472
214	21.4	0.414	0.000474
215	21.5	0.415	0.000476
216	21.6	0.416	0.000478
217	21.7	0.417	0.000481
218	21.8	0.418	0.000483
219	21.9	0.419	0.000484
220	22	0.42	0.000487
221	22.1	0.421	0.000489
222	22.2	0.422	0.000491
223	22.3	0.423	0.000492
224	22.4	0.424	0.000494
225	22.5	0.425	0.000496
226	22.6	0.426	0.000499
227	22.7	0.427	0.0005
228	22.8	0.428	0.000503
229	22.9	0.429	0.000504
230	23	0.43	0.000506
231	23.1	0.431	0.000507
232	23.2	0.432	0.000509
233	23.3	0.433	0.000511
234	23.4	0.434	0.000513
235	23.5	0.435	0.000514
236	23.6	0.436	0.000516
237	23.7	0.437	0.000517
238	23.8	0.438	0.000519
239	23.9	0.439	0.000521
240	24	0.44	0.000523
241	24.1	0.441	0.000524
242	24.2	0.442	0.000525
243	24.3	0.443	0.000527
244	24.4	0.444	0.00053
245	24.5	0.445	0.00053
246	24.6	0.446	0.000532
247	24.7	0.447	0.000533
248	24.8	0.448	0.000536
249	24.9	0.449	0.000537
250	25	0.45	0.000538
251	25.1	0.451	0.000539
252	25.2	0.452	0.000541
253	25.3	0.453	0.000542
254	25.4	0.454	0.000544
255	25.5	0.455	0.000545
256	25.6	0.456	0.000547
257	25.7	0.457	0.000548
258	25.8	0.458	0.00055
259	25.9	0.459	0.000551
260	26	0.46	0.000552
261	26.1	0.461	0.000553
262	26.2	0.462	0.000555
263	26.3	0.463	0.000555
264	26.4	0.464	0.000557
265	26.5	0.465	0.000558
266	26.6	0.466	0.000559
267	26.7	0.467	0.000561
268	26.8	0.468	0.000562
269	26.9	0.469	0.000562
270	27	0.47	0.000563
271	27.1	0.471	0.000565
272	27.2	0.472	0.000565
273	27.3	0.473	0.000567
274	27.4	0.474	0.000568
275	27.5	0.475	0.000569
276	27.6	0.476	0.000572
277	27.7	0.477	0.000573
278	27.8	0.478	0.000574
279	27.9	0.479	0.000575
280	28	0.48	0.000576
281	28.1	0.481	0.000576
282	28.2	0.482	0.000578
283	28.3	0.483	0.000579
284	28.4	0.484	0.000579
285	28.5	0.485	0.00058
286	28.6	0.486	0.000582
287	28.7	0.487	0.000583
288	28.8	0.488	0.000583
289	28.9	0.489	0.000585
290	29	0.49	0.000585
291	29.1	0.491	0.000587
292	29.2	0.492	0.000588
293	29.3	0.493	0.000588
294	29.4	0.494	0.00059
295	29.5	0.495	0.000591
296	29.6	0.496	0.000591
297	29.7	0.497	0.000592
298	29.8	0.498	0.000593
299	29.9	0.499	0.000595
300	30	0.5	0.000596
301	30.1	0.501	0.000597
302	30.2	0.502	0.000598
303	30.3	0.503	0.000599
304	30.4	0.504	0.0006
305	30.5	0.505	0.000601
306	30.6	0.506	0.000602
307	30.7	0.507	0.000603
308	30.8	0.508	0.000604
309	30.9	0.509	0.000605
310	31	0.51	0.000607
311	31.1	0.511	0.000608
312	31.2	0.512	0.000608
313	31.3	0.513	0.000609
314	31.4	0.514	0.00061
315	31.5	0.515	0.000611
316	31.6	0.516	0.000611
317	31.7	0.517	0.000612
318	31.8	0.518	0.000613
319	31.9	0.519	0.000614
320	32	0.52	0.000615
321	32.1	0.521	0.000616
322	32.2	0.522	0.000617
323	32.3	0.523	0.000617
324	32.4	0.524	0.000618
325	32.5	0.525	0.000619
326	32.6	0.526	0.000619
327	32.7	0.527	0.00062
328	32.8	0.528	0.000621
329	32.9	0.529	0.000622
330	33	0.53	0.000623
331	33.1	0.531	0.000623
332	33.2	0.532	0.000625
333	33.3	0.533	0.000625
334	33.4	0.534	0.000626
335	33.5	0.535	0.000627
336	33.6	0.536	0.000628
337	33.7	0.537	0.00063
338	33.8	0.538	0.00063
339	33.9	0.539	0.000631
340	34	0.54	0.000631
341	34.1	0.541	0.000631
342	34.2	0.542	0.000632
343	34.3	0.543	0.000633
344	34.4	0.544	0.000634
345	34.5	0.545	0.000634
346	34.6	0.546	0.000634
347	34.7	0.547	0.000636
348	34.8	0.548	0.000636
349	34.9	0.549	0.000636
350	35	0.55	0.000638
351	35.1	0.551	0.000639
352	35.2	0.552	0.000639
353	35.3	0.553	0.000639
354	35.4	0.554	0.00064
355	35.5	0.555	0.000641
356	35.6	0.556	0.000641
357	35.7	0.557	0.000642
358	35.8	0.558	0.000642
359	35.9	0.559	0.000643
360	36	0.56	0.000644
361	36.1	0.561	0.000645
362	36.2	0.562	0.000646
363	36.3	0.563	0.000646
364	36.4	0.564	0.000647
365	36.5	0.565	0.000648
366	36.6	0.566	0.000649
367	36.7	0.567	0.000649
368	36.8	0.568	0.00065
369	36.9	0.569	0.000651
370	37	0.57	0.000652
371	37.1	0.571	0.000652
372	37.2	0.572	0.000653
373	37.3	0.573	0.000653
374	37.4	0.574	0.000653
375	37.5	0.575	0.000655
376	37.6	0.576	0.000655
377	37.7	0.577	0.000655
378	37.8	0.578	0.000656
379	37.9	0.579	0.000657
380	38	0.58	0.000658
381	38.1	0.581	0.000659
382	38.2	0.582	0.000659
383	38.3	0.583	0.00066
384	38.4	0.584	0.00066
385	38.5	0.585	0.000662
386	38.6	0.586	0.000662
387	38.7	0.587	0.000664
388	38.8	0.588	0.000664
389	38.9	0.589	0.000665
390	39	0.59	0.000665
391	39.1	0.591	0.000666
392	39.2	0.592	0.000666
393	39.3	0.593	0.000667
394	39.4	0.594	0.000667
395	39.5	0.595	0.000668
396	39.6	0.596	0.000669
397	39.7	0.597	0.00067
398	39.8	0.598	0.000672
399	39.9	0.599	0.000671
400	40	0.6	0.000672
401	40.1	0.601	0.000672
402	40.2	0.602	0.000672
403	40.3	0.603	0.000673
404	40.4	0.604	0.000673
405	40.5	0.605	0.000675
406	40.6	0.606	0.000675
407	40.7	0.607	0.000676
408	40.8	0.608	0.000677
409	40.9	0.609	0.000678
410	41	0.61	0.000679
411	41.1	0.611	0.00068
412	41.2	0.612	0.00068
413	41.3	0.613	0.00068
414	41.4	0.614	0.00068
415	41.5	0.615	0.000681
416	41.6	0.616	0.000682
417	41.7	0.617	0.000683
418	41.8	0.618	0.000683
419	41.9	0.619	0.000684
420	42	0.62	0.000685
421	42.1	0.621	0.000685
422	42.2	0.622	0.000685
423	42.3	0.623	0.000685
424	42.4	0.624	0.000686
425	42.5	0.625	0.000686
426	42.6	0.626	0.000687
427	42.7	0.627	0.000688
428	42.8	0.628	0.000689
429	42.9	0.629	0.000689
430	43	0.63	0.000689
431	43.1	0.631	0.000691
432	43.2	0.632	0.000691
433	43.3	0.633	0.000691
434	43.4	0.634	0.000692
435	43.5	0.635	0.000693
436	43.6	0.636	0.000694
437	43.7	0.637	0.000694
438	43.8	0.638	0.000694
439	43.9	0.639	0.000695
440	44	0.64	0.000696
441	44.1	0.641	0.000696
442	44.2	0.642	0.000697
443	44.3	0.643	0.000697
444	44.4	0.644	0.000697
445	44.5	0.645	0.000698
446	44.6	0.646	0.000699
447	44.7	0.647	0.000699
448	44.8	0.648	0.0007
449	44.9	0.649	0.0007
450	45	0.65	0.000701
451	45.1	0.651	0.000701
452	45.2	0.652	0.000701
453	45.3	0.653	0.000702
454	45.4	0.654	0.000702
455	45.5	0.655	0.000703
456	45.6	0.656	0.000703
457	45.7	0.657	0.000704
458	45.8	0.658	0.000705
459	45.9	0.659	0.000705
460	46	0.66	0.000706
461	46.1	0.661	0.000706
462	46.2	0.662	0.000707
463	46.3	0.663	0.000709
464	46.4	0.664	0.000709
465	46.5	0.665	0.000709
466	46.6	0.666	0.000709
467	46.7	0.667	0.00071
468	46.8	0.668	0.000711
469	46.9	0.669	0.000711
470	47	0.67	0.000712
471	47.1	0.671	0.000712
472	47.2	0.672	0.000713
473	47.3	0.673	0.000713
474	47.4	0.674	0.000714
475	47.5	0.675	0.000714
476	47.6	0.676	0.000715
477	47.7	0.677	0.000715
478	47.8	0.678	0.000715
479	47.9	0.679	0.000715
480	48	0.68	0.000716
481	48.1	0.681	0.000718
482	48.2	0.682	0.000717
483	48.3	0.683	0.000719
484	48.4	0.684	0.000718
485	48.5	0.685	0.000718
486	48.6	0.686	0.00072
487	48.7	0.687	0.000719
488	48.8	0.688	0.00072
489	48.9	0.689	0.000721
490	49	0.69	0.000722
491	49.1	0.691	0.000722
492	49.2	0.692	0.000723
493	49.3	0.693	0.000723
494	49.4	0.694	0.000724
495	49.5	0.695	0.000724
496	49.6	0.696	0.000725
497	49.7	0.697	0.000725
498	49.8	0.698	0.000725
499	49.9	0.699	0.000726
500	50	0.7	0.000727
501	50.1	0.701	0.000727
502	50.2	0.702	0.000727
503	50.3	0.703	0.000727
504	50.4	0.704	0.000728
505	50.5	0.705	0.000729
506	50.6	0.706	0.000729
507	50.7	0.707	0.000729
508	50.8	0.708	0.00073
509	50.9	0.709	0.00073
510	51	0.71	0.00073
511	51.1	0.711	0.000732
512	51.2	0.712	0.000732
513	51.3	0.713	0.000733
514	51.4	0.714	0.000732
515	51.5	0.715	0.000732
516	51.6	0.716	0.000734
517	51.7	0.717	0.000735
518	51.8	0.718	0.000734
519	51.9	0.719	0.000735
520	52	0.72	0.000736
521	52.1	0.721	0.000736
522	52.2	0.722	0.000737
523	52.3	0.723	0.000737
524	52.4	0.724	0.000737
525	52.5	0.725	0.000738
526	52.6	0.726	0.000738
527	52.7	0.727	0.000738
528	52.8	0.728	0.000739
529	52.9	0.729	0.000739
530	53	0.73	0.000739
531	53.1	0.731	0.000739
532	53.2	0.732	0.000739
533	53.3	0.733	0.00074
534	53.4	0.734	0.00074
535	53.5	0.735	0.000741
536	53.6	0.736	0.000742
537	53.7	0.737	0.000742
538	53.8	0.738	0.000742
539	53.9	0.739	0.000743
540	54	0.74	0.000744
541	54.1	0.741	0.000744
542	54.2	0.742	0.000744
543	54.3	0.743	0.000745
544	54.4	0.744	0.000744
545	54.5	0.745	0.000745
546	54.6	0.746	0.000745
547	54.7	0.747	0.000746
548	54.8	0.748	0.000747
549	54.9	0.749	0.000746
550	55	0.75	0.000747
551	55.1	0.751	0.000747
552	55.2	0.752	0.000748
553	55.3	0.753	0.000748
554	55.4	0.754	0.000748
555	55.5	0.755	0.000749
556	55.6	0.756	0.00075
557	55.7	0.757	0.000749
558	55.8	0.758	0.00075
559	55.9	0.759	0.00075
560	56	0.76	0.000751
561	56.1	0.761	0.000752
562	56.2	0.762	0.000752
563	56.3	0.763	0.000752
564	56.4	0.764	0.000753
565	56.5	0.765	0.000753
566	56.6	0.766	0.000753
567	56.7	0.767	0.000753
568	56.8	0.768	0.000754
569	56.9	0.769	0.000755
570	57	0.77	0.000756
571	57.1	0.771	0.000757
572	57.2	0.772	0.000757
573	57.3	0.773	0.000756
574	57.4	0.774	0.000756
575	57.5	0.775	0.000757
576	57.6	0.776	0.000757
577	57.7	0.777	0.000757
578	57.8	0.778	0.000757
579	57.9	0.779	0.000758
580	58	0.78	0.000759
581	58.1	0.781	0.00076
582	58.2	0.782	0.00076
583	58.3	0.783	0.00076
584	58.4	0.784	0.000761
585	58.5	0.785	0.000761
586	58.6	0.786	0.000761
587	58.7	0.787	0.000762
588	58.8	0.788	0.000762
589	58.9	0.789	0.000762
590	59	0.79	0.000762
591	59.1	0.791	0.000762
592	59.2	0.792	0.000763
593	59.3	0.793	0.000763
594	59.4	0.794	0.000763
595	59.5	0.795	0.000763
596	59.6	0.796	0.000764
597	59.7	0.797	0.000763
598	59.8	0.798	0.000764
599	59.9	0.799	0.000764
600	60	0.8	0.000765
601	60.1	0.801	0.000766
602	60.2	0.802	0.000766
603	60.3	0.803	0.000765
604	60.4	0.804	0.000766
605	60.5	0.805	0.000765
606	60.6	0.806	0.000766
607	60.7	0.807	0.000768
608	60.8	0.808	0.000768
609	60.9	0.809	0.000768
610	61	0.81	0.000768
611	61.1	0.811	0.000769
612	61.2	0.812	0.000769
613	61.3	0.813	0.000769
614	61.4	0.814	0.00077
615	61.5	0.815	0.000769
616	61.6	0.816	0.000771
617	61.7	0.817	0.00077
618	61.8	0.818	0.00077
619	61.9	0.819	0.000771
620	62	0.82	0.000773
621	62.1	0.821	0.000772
622	62.2	0.822	0.000772
623	62.3	0.823	0.000773
624	62.4	0.824	0.000773
625	62.5	0.825	0.000773
626	62.6	0.826	0.000773
627	62.7	0.827	0.000774
628	62.8	0.828	0.000774
629	62.9	0.829	0.000774
630	63	0.83	0.000774
631	63.1	0.831	0.000775
632	63.2	0.832	0.000774
633	63.3	0.833	0.000775
634	63.4	0.834	0.000775
635	63.5	0.835	0.000776
636	63.6	0.836	0.000776
637	63.7	0.837	0.000776
638	63.8	0.838	0.000776
639	63.9	0.839	0.000776
640	64	0.84	0.000777
641	64.1	0.841	0.000777
642	64.2	0.842	0.000777
643	64.3	0.843	0.000777
644	64.4	0.844	0.000779
645	64.5	0.845	0.000779
646	64.6	0.846	0.000779
647	64.7	0.847	0.000779
648	64.8	0.848	0.000779
649	64.9	0.849	0.00078
650	65	0.85	0.00078
651	65.1	0.851	0.00078
652	65.2	0.852	0.000781
653	65.3	0.853	0.000781
654	65.4	0.854	0.000781
655	65.5	0.855	0.000782
656	65.6	0.856	0.000782
657	65.7	0.857	0.000782
658	65.8	0.858	0.000782
659	65.9	0.859	0.000782
660	66	0.86	0.000782
661	66.1	0.861	0.000782
662	66.2	0.862	0.000782
663	66.3	0.863	0.000783
664	66.4	0.864	0.000782
665	66.5	0.865	0.000783
666	66.6	0.866	0.000783
667	66.7	0.867	0.000783
668	66.8	0.868	0.000784
669	66.9	0.869	0.000784
670	67	0.87	0.000786
671	67.1	0.871	0.000786
672	67.2	0.872	0.000786
673	67.3	0.873	0.000787
674	67.4	0.874	0.000786
675	67.5	0.875	0.000785
676	67.6	0.876	0.000787
677	67.7	0.877	0.000787
678	67.8	0.878	0.000787
679	67.9	0.879	0.000787
680	68	0.88	0.000787
681	68.1	0.881	0.000787
682	68.2	0.882	0.000787
683	68.3	0.883	0.000787
684	68.4	0.884	0.000788
685	68.5	0.885	0.000788
686	68.6	0.886	0.000788
687	68.7	0.887	0.000788
688	68.8	0.888	0.000789
689	68.9	0.889	0.00079
690	69	0.89	0.00079
691	69.1	0.891	0.00079
692	69.2	0.892	0.00079
693	69.3	0.893	0.00079
694	69.4	0.894	0.000791
695	69.5	0.895	0.000791
696	69.6	0.896	0.00079
697	69.7	0.897	0.00079
698	69.8	0.898	0.00079
699	69.9	0.899	0.00079
700	70	0.9	0.000791
701	70.1	0.901	0.000791
702	70.2	0.902	0.000791
703	70.3	0.903	0.000792
704	70.4	0.904	0.000793
705	70.5	0.905	0.000792
706	70.6	0.906	0.000793
707	70.7	0.907	0.000793
708	70.8	0.908	0.000793
709	70.9	0.909	0.000793
710	71	0.91	0.000794
711	71.1	0.911	0.000793
712	71.2	0.912	0.000793
713	71.3	0.913	0.000794
714	71.4	0.914	0.000794
715	71.5	0.915	0.000794
716	71.6	0.916	0.000794
717	71.7	0.917	0.000795
718	71.8	0.918	0.000795
719	71.9	0.919	0.000795
720	72	0.92	0.000795
721	72.1	0.921	0.000797
722	72.2	0.922	0.000797
723	72.3	0.923	0.000796
724	72.4	0.924	0.000796
725	72.5	0.925	0.000796
726	72.6	0.926	0.000797
727	72.7	0.927	0.000796
728	72.8	0.928	0.000797
729	72.9	0.929	0.000798
730	73	0.93	0.000798
731	73.1	0.931	0.000798
732	73.2	0.932	0.000798
733	73.3	0.933	0.000798
734	73.4	0.934	0.000798
735	73.5	0.935	0.000798
736	73.6	0.936	0.000799
737	73.7	0.937	0.000799
738	73.8	0.938	0.000799
739	73.9	0.939	0.000798
740	74	0.94	0.000799
741	74.1	0.941	0.0008
742	74.2	0.942	0.000799
743	74.3	0.943	0.0008
744	74.4	0.944	0.000801
745	74.5	0.945	0.0008
746	74.6	0.946	0.0008
747	74.7	0.947	0.000801
748	74.8	0.948	0.000801
749	74.9	0.949	0.000801
750	75	0.95	0.000801
751	75.1	0.951	0.000801
752	75.2	0.952	0.000801
753	75.3	0.953	0.000802
754	75.4	0.954	0.000801
755	75.5	0.955	0.000801
756	75.6	0.956	0.0008
757	75.7	0.957	0.000801
758	75.8	0.958	0.000801
759	75.9	0.959	0.000801
760	76	0.96	0.000802
761	76.1	0.961	0.000802
762	76.2	0.962	0.000803
763	76.3	0.963	0.000802
764	76.4	0.964	0.000803
765	76.5	0.965	0.000803
766	76.6	0.966	0.000803
767	76.7	0.967	0.000804
768	76.8	0.968	0.000804
769	76.9	0.969	0.000804
770	77	0.97	0.000804
771	77.1	0.971	0.000804
772	77.2	0.972	0.000805
773	77.3	0.973	0.000806
774	77.4	0.974	0.000806
775	77.5	0.975	0.000805
776	77.6	0.976	0.000806
777	77.7	0.977	0.000806
778	77.8	0.978	0.000806
779	77.9	0.979	0.000806
780	78	0.98	0.000806
781	78.1	0.981	0.000807
782	78.2	0.982	0.000807
783	78.3	0.983	0.000806
784	78.4	0.984	0.000805
785	78.5	0.985	0.000806
786	78.6	0.986	0.000806
787	78.7	0.987	0.000807
788	78.8	0.988	0.000807
789	78.9	0.989	0.000807
790	79	0.99	0.000808
791	79.1	0.991	0.000807
792	79.2	0.992	0.000807
793	79.3	0.993	0.000807
794	79.4	0.994	0.000807
795	79.5	0.995	0.000808
796	79.6	0.996	0.000807
797	79.7	0.997	0.000808
798	79.8	0.998	0.000808
799	79.9	0.999	0.000808
800	80	1	0.000807
801	80.1	1.001	0.000808
802	80.2	1.002	0.000807
803	80.3	1.003	0.000808
804	80.4	1.004	0.000808
805	80.5	1.005	0.000809
806	80.6	1.006	0.000809
807	80.7	1.007	0.000808
808	80.8	1.008	0.000808
809	80.9	1.009	0.000809
810	81	1.01	0.000808
811	81.1	1.011	0.000808
812	81.2	1.012	0.000808
813	81.3	1.013	0.000808
814	81.4	1.014	0.000809
815	81.5	1.015	0.00081
816	81.6	1.016	0.000809
817	81.7	1.017	0.000808
818	81.8	1.018	0.000808
819	81.9	1.019	0.000809
820	82	1.02	0.000808
821	82.1	1.021	0.000809
822	82.2	1.022	0.000808
823	82.3	1.023	0.000808
824	82.4	1.024	0.00081
825	82.5	1.025	0.00081
826	82.6	1.026	0.00081
827	82.7	1.027	0.00081
828	82.8	1.028	0.00081
829	82.9	1.029	0.00081
830	83	1.03	0.00081
831	83.1	1.031	0.000809
832	83.2	1.032	0.00081
833	83.3	1.033	0.00081
834	83.4	1.034	0.00081
835	83.5	1.035	0.00081
836	83.6	1.036	0.00081
837	83.7	1.037	0.00081
838	83.8	1.038	0.00081
839	83.9	1.039	0.00081
840	84	1.04	0.00081
841	84.1	1.041	0.00081
842	84.2	1.042	0.000809
843	84.3	1.043	0.000809
844	84.4	1.044	0.000809
845	84.5	1.045	0.00081
846	84.6	1.046	0.00081
847	84.7	1.047	0.000811
848	84.8	1.048	0.000809
849	84.9	1.049	0.000809
850	85	1.05	0.00081
851	85.1	1.051	0.00081
852	85.2	1.052	0.00081
853	85.3	1.053	0.00081
854	85.4	1.054	0.00081
855	85.5	1.055	0.000811
856	85.6	1.056	0.000811
857	85.7	1.057	0.000811
858	85.8	1.058	0.000809
859	85.9	1.059	0.00081
860	86	1.06	0.00081
861	86.1	1.061	0.00081
862	86.2	1.062	0.00081
863	86.3	1.063	0.00081
864	86.4	1.064	0.000809
865	86.5	1.065	0.000809
866	86.6	1.066	0.000809
867	86.7	1.067	0.000809
868	86.8	1.068	0.000809
869	86.9	1.069	0.000808
870	87	1.07	0.000809
871	87.1	1.071	0.000808
872	87.2	1.072	0.000808
873	87.3	1.073	0.000809
874	87.4	1.074	0.00081
875	87.5	1.075	0.000811
876	87.6	1.076	0.000812
877	87.7	1.077	0.000811
878	87.8	1.078	0.000811
879	87.9	1.079	0.000811
880	88	1.08	0.000811
881	88.1	1.081	0.00081
882	88.2	1.082	0.000811
883	88.3	1.083	0.00081
884	88.4	1.084	0.00081
885	88.5	1.085	0.000811
886	88.6	1.086	0.000812
887	88.7	1.087	0.000811
888	88.8	1.088	0.00081
889	88.9	1.089	0.00081
890	89	1.09	0.000811
891	89.1	1.091	0.00081
892	89.2	1.092	0.00081
893	89.3	1.093	0.000812
894	89.4	1.094	0.000811
895	89.5	1.095	0.000811
896	89.6	1.096	0.000811
897	89.7	1.097	0.000811
898	89.8	1.098	0.000811
899	89.9	1.099	0.000811
900	90	1.1	0.000811
901	90.1	1.101	0.000811
902	90.2	1.102	0.00081
903	90.3	1.103	0.00081
904	90.4	1.104	0.00081
905	90.5	1.105	0.000811
906	90.6	1.106	0.00081
907	90.7	1.107	0.00081
908	90.8	1.108	0.000811
909	90.9	1.109	0.000811
910	91	1.11	0.000811
911	91.1	1.111	0.000811
912	91.2	1.112	0.000811
913	91.3	1.113	0.00081
914	91.4	1.114	0.000811
915	91.5	1.115	0.00081
916	91.6	1.116	0.00081
917	91.7	1.117	0.00081
918	91.8	1.118	0.000811
919	91.9	1.119	0.000811
920	92	1.12	0.000811
921	92.1	1.121	0.000811
922	92.2	1.122	0.000811
923	92.3	1.123	0.000811
924	92.4	1.124	0.00081
925	92.5	1.125	0.000811
926	92.6	1.126	0.000811
927	92.7	1.127	0.00081
928	92.8	1.128	0.00081
929	92.9	1.129	0.000811
930	93	1.13	0.000811
931	93.1	1.131	0.000811
932	93.2	1.132	0.000811
933	93.3	1.133	0.00081
934	93.4	1.134	0.000811
935	93.5	1.135	0.000812
936	93.6	1.136	0.000811
937	93.7	1.137	0.00081
938	93.8	1.138	0.000809
939	93.9	1.139	0.000811
940	94	1.14	0.000812
941	94.1	1.141	0.000811
942	94.2	1.142	0.00081
943	94.3	1.143	0.00081
944	94.4	1.144	0.00081
945	94.5	1.145	0.00081
946	94.6	1.146	0.00081
947	94.7	1.147	0.000809
948	94.8	1.148	0.00081
949	94.9	1.149	0.00081
950	95	1.15	0.000809
951	95.1	1.151	0.000809
952	95.2	1.152	0.00081
953	95.3	1.153	0.00081
954	95.4	1.154	0.000809
955	95.5	1.155	0.000809
956	95.6	1.156	0.000808
957	95.7	1.157	0.000809
958	95.8	1.158	0.000808
959	95.9	1.159	0.000809
960	96	1.16	0.000809
961	96.1	1.161	0.000809
962	96.2	1.162	0.000809
963	96.3	1.163	0.000808
964	96.4	1.164	0.000808
965	96.5	1.165	0.000807
966	96.6	1.166	0.000807
967	96.7	1.167	0.000807
968	96.8	1.168	0.000807
969	96.9	1.169	0.000808
970	97	1.17	0.000807
971	97.1	1.171	0.000808
972	97.2	1.172	0.000808
973	97.3	1.173	0.000807
974	97.4	1.174	0.000806
975	97.5	1.175	0.000807
976	97.6	1.176	0.000806
977	97.7	1.177	0.000806
978	97.8	1.178	0.000806
979	97.9	1.179	0.000806
980	98	1.18	0.000806
981	98.1	1.181	0.000806
982	98.2	1.182	0.000806
983	98.3	1.183	0.000806
984	98.4	1.184	0.000806
985	98.5	1.185	0.000805
986	98.6	1.186	0.000805
987	98.7	1.187	0.000804
988	98.8	1.188	0.000805
989	98.9	1.189	0.000805
990	99	1.19	0.000804
991	99.1	1.191	0.000804
992	99.2	1.192	0.000803
993	99.3	1.193	0.000802
994	99.4	1.194	0.000804
995	99.5	1.195	0.000802
996	99.6	1.196	0.000801
997	99.7	1.197	0.000801
998	99.8	1.198	0.000802
999	99.9	1.199	0.000802
1000	100	1.2	0.000802
1001	100.1	1.201	0.000803
1002	100.2	1.202	0.000802
1003	100.3	1.203	0.000802
1004	100.4	1.204	0.000802
1005	100.5	1.205	0.000801
1006	100.6	1.206	0.000801
1007	100.7	1.207	0.0008
1008	100.8	1.208	0.0008
1009	100.9	1.209	0.0008
1010	101	1.21	0.0008
1011	101.1	1.211	0.000798
1012	101.2	1.212	0.000799
1013	101.3	1.213	0.000799
1014	101.4	1.214	0.000798
1015	101.5	1.215	0.000798
1016	101.6	1.216	0.000798
1017	101.7	1.217	0.000799
1018	101.8	1.218	0.000798
1019	101.9	1.219	0.000796
1020	102	1.22	0.000795
1021	102.1	1.221	0.000795
1022	102.2	1.222	0.000795
1023	102.3	1.223	0.000795
1024	102.4	1.224	0.000795
1025	102.5	1.225	0.000795
1026	102.6	1.226	0.000794
1027	102.7	1.227	0.000794
1028	102.8	1.228	0.000793
1029	102.9	1.229	0.000795
1030	103	1.23	0.000793
1031	103.1	1.231	0.000792
1032	103.2	1.232	0.000792
1033	103.3	1.233	0.000792
1034	103.4	1.234	0.000791
1035	103.5	1.235	0.000791
1036	103.6	1.236	0.000791
1037	103.7	1.237	0.00079
1038	103.8	1.238	0.00079
1039	103.9	1.239	0.000789
1040	104	1.24	0.000789
1041	104.1	1.241	0.000789
1042	104.2	1.242	0.000788
1043	104.3	1.243	0.000787
1044	104.4	1.244	0.000787
1045	104.5	1.245	0.000787
1046	104.6	1.246	0.000786
1047	104.7	1.247	0.000786
1048	104.8	1.248	0.000786
1049	104.9	1.249	0.000785
1050	105	1.25	0.000784
1051	105.1	1.251	0.000783
1052	105.2	1.252	0.000783
1053	105.3	1.253	0.000783
1054	105.4	1.254	0.000782
1055	105.5	1.255	0.000782
1056	105.6	1.256	0.000781
1057	105.7	1.257	0.000781
1058	105.8	1.258	0.000781
1059	105.9	1.259	0.00078
1060	106	1.26	0.00078
1061	106.1	1.261	0.00078
1062	106.2	1.262	0.000779
1063	106.3	1.263	0.000779
1064	106.4	1.264	0.000779
1065	106.5	1.265	0.000779
1066	106.6	1.266	0.000778
1067	106.7	1.267	0.000777
1068	106.8	1.268	0.000776
1069	106.9	1.269	0.000776
1070	107	1.27	0.000776
1071	107.1	1.271	0.000776
1072	107.2	1.272	0.000775
1073	107.3	1.273	0.000776
1074	107.4	1.274	0.000774
1075	107.5	1.275	0.000774
1076	107.6	1.276	0.000774
1077	107.7	1.277	0.000773
1078	107.8	1.278	0.000773
1079	107.9	1.279	0.000774
1080	108	1.28	0.000774
1081	108.1	1.281	0.000773
1082	108.2	1.282	0.000771
1083	108.3	1.283	0.000771
1084	108.4	1.284	0.000771
1085	108.5	1.285	0.00077
1086	108.6	1.286	0.00077
1087	108.7	1.287	0.000769
1088	108.8	1.288	0.000769
1089	108.9	1.289	0.000767
1090	109	1.29	0.000767
1091	109.1	1.291	0.000767
1092	109.2	1.292	0.000766
1093	109.3	1.293	0.000767
1094	109.4	1.294	0.000767
1095	109.5	1.295	0.000766
1096	109.6	1.296	0.000766
1097	109.7	1.297	0.000766
1098	109.8	1.298	0.000766
1099	109.9	1.299	0.000765
1100	110	1.3	0.000765
1101	110.1	1.301	0.000764
1102	110.2	1.302	0.000764
1103	110.3	1.303	0.000764
1104	110.4	1.304	0.000763
1105	110.5	1.305	0.000763
1106	110.6	1.306	0.000763
1107	110.7	1.307	0.000763
1108	110.8	1.308	0.000763
1109	110.9	1.309	0.000762
1110	111	1.31	0.000762
1111	111.1	1.311	0.000762
1112	111.2	1.312	0.000761
1113	111.3	1.313	0.000762
1114	111.4	1.314	0.000761
1115	111.5	1.315	0.000761
1116	111.6	1.316	0.000761
1117	111.7	1.317	0.00076
1118	111.8	1.318	0.00076
1119	111.9	1.319	0.000759
1120	112	1.32	0.000759
1121	112.1	1.321	0.00076
1122	112.2	1.322	0.000759
1123	112.3	1.323	0.000759
1124	112.4	1.324	0.000759
1125	112.5	1.325	0.000758
1126	112.6	1.326	0.000758
1127	112.7	1.327	0.000758
1128	112.8	1.328	0.000757
1129	112.9	1.329	0.000757
1130	113	1.33	0.000757
1131	113.1	1.331	0.000757
1132	113.2	1.332	0.000758
1133	113.3	1.333	0.000757
1134	113.4	1.334	0.000757
1135	113.5	1.335	0.000757
1136	113.6	1.336	0.000757
1137	113.7	1.337	0.000757
1138	113.8	1.338	0.000756
1139	113.9	1.339	0.000756
1140	114	1.34	0.000756
1141	114.1	1.341	0.000755
1142	114.2	1.342	0.000755
1143	114.3	1.343	0.000755
1144	114.4	1.344	0.000755
1145	114.5	1.345	0.000755
1146	114.6	1.346	0.000755
1147	114.7	1.347	0.000755
1148	114.8	1.348	0.000755
1149	114.9	1.349	0.000755
1150	115	1.35	0.000755
1151	115.1	1.351	0.000755
1152	115.2	1.352	0.000754
1153	115.3	1.353	0.000755
1154	115.4	1.354	0.000755
1155	115.5	1.355	0.000755
1156	115.6	1.356	0.000755
1157	115.7	1.357	0.000755
1158	115.8	1.358	0.000756
1159	115.9	1.359	0.000756
1160	116	1.36	0.000755
1161	116.1	1.361	0.000756
1162	116.2	1.362	0.000756
1163	116.3	1.363	0.000755
1164	116.4	1.364	0.000756
1165	116.5	1.365	0.000755
1166	116.6	1.366	0.000756
1167	116.7	1.367	0.000755
1168	116.8	1.368	0.000755
1169	116.9	1.369	0.000755
1170	117	1.37	0.000755
1171	117.1	1.371	0.000755
1172	117.2	1.372	0.000755
1173	117.3	1.373	0.000755
1174	117.4	1.374	0.000756
1175	117.5	1.375	0.000756
1176	117.6	1.376	0.000755
1177	117.7	1.377	0.000755
1178	117.8	1.378	0.000756
1179	117.9	1.379	0.000756
1180	118	1.38	0.000755
1181	118.1	1.381	0.000756
1182	118.2	1.382	0.000756
1183	118.3	1.383	0.000757
1184	118.4	1.384	0.000757
1185	118.5	1.385	0.000757
1186	118.6	1.386	0.000757
1187	118.7	1.387	0.000757
1188	118.8	1.388	0.000758
1189	118.9	1.389	0.000757
1190	119	1.39	0.000758
1191	119.1	1.391	0.000759
1192	119.2	1.392	0.000759
1193	119.3	1.393	0.000759
1194	119.4	1.394	0.000759
1195	119.5	1.395	0.000759
1196	119.6	1.396	0.000759
1197	119.7	1.397	0.000758
1198	119.8	1.398	0.000758
1199	119.9	1.399	0.000759
1200	120	1.4	0.000758
1201	120.1	1.401	0.000759
1202	120.2	1.402	0.000759
1203	120.3	1.403	0.000759
1204	120.4	1.404	0.000759
1205	120.5	1.405	0.000759
1206	120.6	1.406	0.000759
1207	120.7	1.407	0.000759
1208	120.8	1.408	0.00076
1209	120.9	1.409	0.00076
1210	121	1.41	0.000762
1211	121.1	1.411	0.000762
1212	121.2	1.412	0.000762
1213	121.3	1.413	0.000761
1214	121.4	1.414	0.000761
1215	121.5	1.415	0.000762
1216	121.6	1.416	0.000762
1217	121.7	1.417	0.000762
1218	121.8	1.418	0.000763
1219	121.9	1.419	0.000763
1220	122	1.42	0.000763
1221	122.1	1.421	0.000764
1222	122.2	1.422	0.000764
1223	122.3	1.423	0.000764
1224	122.4	1.424	0.000764
1225	122.5	1.425	0.000766
1226	122.6	1.426	0.000766
1227	122.7	1.427	0.000766
1228	122.8	1.428	0.000767
1229	122.9	1.429	0.000767
1230	123	1.43	0.000766
1231	123.1	1.431	0.000766
1232	123.2	1.432	0.000766
1233	123.3	1.433	0.000768
1234	123.4	1.434	0.000768
1235	123.5	1.435	0.000768
1236	123.6	1.436	0.000769
1237	123.7	1.437	0.000768
1238	123.8	1.438	0.000769
1239	123.9	1.439	0.000769
1240	124	1.44	0.00077
1241	124.1	1.441	0.00077
1242	124.2	1.442	0.000771
1243	124.3	1.443	0.000772
1244	124.4	1.444	0.000773
1245	124.5	1.445	0.000772
1246	124.6	1.446	0.000773
1247	124.7	1.447	0.000773
1248	124.8	1.448	0.000773
1249	124.9	1.449	0.000774
1250	125	1.45	0.000774
1251	125.1	1.451	0.000775
1252	125.2	1.452	0.000776
1253	125.3	1.453	0.000776
1254	125.4	1.454	0.000777
1255	125.5	1.455	0.000777
1256	125.6	1.456	0.000776
1257	125.7	1.457	0.000778
1258	125.8	1.458	0.000778
1259	125.9	1.459	0.000779
1260	126	1.46	0.00078
1261	126.1	1.461	0.000779
1262	126.2	1.462	0.00078
1263	126.3	1.463	0.00078
1264	126.4	1.464	0.000781
1265	126.5	1.465	0.00078
1266	126.6	1.466	0.000781
1267	126.7	1.467	0.000783
1268	126.8	1.468	0.000783
1269	126.9	1.469	0.000784
1270	127	1.47	0.000784
1271	127.1	1.471	0.000785
1272	127.2	1.472	0.000786
1273	127.3	1.473	0.000787
1274	127.4	1.474	0.000786
1275	127.5	1.475	0.000787
1276	127.6	1.476	0.000787
1277	127.7	1.477	0.000787
1278	127.8	1.478	0.000788
1279	127.9	1.479	0.000789
1280	128	1.48	0.000789
1281	128.1	1.481	0.00079
1282	128.2	1.482	0.00079
1283	128.3	1.483	0.000791
1284	128.4	1.484	0.000791
1285	128.5	1.485	0.000791
1286	128.6	1.486	0.000792
1287	128.7	1.487	0.000793
1288	128.8	1.488	0.000793
1289	128.9	1.489	0.000794
1290	129	1.49	0.000795
1291	129.1	1.491	0.000796
1292	129.2	1.492	0.000797
1293	129.3	1.493	0.000797
1294	129.4	1.494	0.000798
1295	129.5	1.495	0.000798
1296	129.6	1.496	0.000799
1297	129.7	1.497	0.000801
1298	129.8	1.498	0.000801
1299	129.9	1.499	0.000801
1300	130	1.5	0.000801
1301	130.1	1.501	0.000802
1302	130.2	1.502	0.000802
1303	130.3	1.503	0.000803
1304	130.4	1.504	0.000803
1305	130.5	1.505	0.000804
1306	130.6	1.506	0.000806
1307	130.7	1.507	0.000806
1308	130.8	1.508	0.000807
1309	130.9	1.509	0.000807
1310	131	1.51	0.000808
1311	131.1	1.511	0.000809
1312	131.2	1.512	0.00081
1313	131.3	1.513	0.00081
1314	131.4	1.514	0.000811
1315	131.5	1.515	0.000812
1316	131.6	1.516	0.000813
1317	131.7	1.517	0.000814
1318	131.8	1.518	0.000815
1319	131.9	1.519	0.000815
1320	132	1.52	0.000815
1321	132.1	1.521	0.000816
1322	132.2	1.522	0.000817
1323	132.3	1.523	0.000817
1324	132.4	1.524	0.000819
1325	132.5	1.525	0.00082
1326	132.6	1.526	0.00082
1327	132.7	1.527	0.000821
1328	132.8	1.528	0.000822
1329	132.9	1.529	0.000823
1330	133	1.53	0.000823
1331	133.1	1.531	0.000824
1332	133.2	1.532	0.000825
1333	133.3	1.533	0.000826
1334	133.4	1.534	0.000826
1335	133.5	1.535	0.000826
1336	133.6	1.536	0.000828
1337	133.7	1.537	0.000829
1338	133.8	1.538	0.00083
1339	133.9	1.539	0.000831
1340	134	1.54	0.000832
1341	134.1	1.541	0.000832
1342	134.2	1.542	0.000832
1343	134.3	1.543	0.000832
1344	134.4	1.544	0.000834
1345	134.5	1.545	0.000835
1346	134.6	1.546	0.000836
1347	134.7	1.547	0.000837
1348	134.8	1.548	0.000838
1349	134.9	1.549	0.000839
1350	135	1.55	0.00084
1351	135.1	1.551	0.00084
1352	135.2	1.552	0.000842
1353	135.3	1.553	0.000842
1354	135.4	1.554	0.000843
1355	135.5	1.555	0.000844
1356	135.6	1.556	0.000845
1357	135.7	1.557	0.000846
1358	135.8	1.558	0.000847
1359	135.9	1.559	0.000848
1360	136	1.56	0.000849
1361	136.1	1.561	0.00085
1362	136.2	1.562	0.00085
1363	136.3	1.563	0.000852
1364	136.4	1.564	0.000852
1365	136.5	1.565	0.000854
1366	136.6	1.566	0.000855
1367	136.7	1.567	0.000855
1368	136.8	1.568	0.000856
1369	136.9	1.569	0.000857
1370	137	1.57	0.000858
1371	137.1	1.571	0.00086
1372	137.2	1.572	0.000861
1373	137.3	1.573	0.000862
1374	137.4	1.574	0.000864
1375	137.5	1.575	0.000864
1376	137.6	1.576	0.000865
1377	137.7	1.577	0.000866
1378	137.8	1.578	0.000867
1379	137.9	1.579	0.000868
1380	138	1.58	0.000869
1381	138.1	1.581	0.000871
1382	138.2	1.582	0.000872
1383	138.3	1.583	0.000872
1384	138.4	1.584	0.000873
1385	138.5	1.585	0.000874
1386	138.6	1.586	0.000876
1387	138.7	1.587	0.000877
1388	138.8	1.588	0.000878
1389	138.9	1.589	0.000878
1390	139	1.59	0.00088
1391	139.1	1.591	0.000881
1392	139.2	1.592	0.000882
1393	139.3	1.593	0.000883
1394	139.4	1.594	0.000884
1395	139.5	1.595	0.000884
1396	139.6	1.596	0.000886
1397	139.7	1.597	0.000887
1398	139.8	1.598	0.000888
1399	139.9	1.599	0.00089
1400	140	1.6	0.000891
1401	140.1	1.601	0.000892
1402	140.2	1.602	0.000893
1403	140.3	1.603	0.000894
1404	140.4	1.604	0.000896
1405	140.5	1.605	0.000897
1406	140.6	1.606	0.000899
1407	140.7	1.607	0.000901
1408	140.8	1.608	0.000902
1409	140.9	1.609	0.000902
1410	141	1.61	0.000903
1411	141.1	1.611	0.000906
1412	141.2	1.612	0.000907
1413	141.3	1.613	0.000907
1414	141.4	1.614	0.000909
1415	141.5	1.615	0.00091
1416	141.6	1.616	0.000911
1417	141.7	1.617	0.000914
1418	141.8	1.618	0.000914
1419	141.9	1.619	0.000915
1420	142	1.62	0.000917
1421	142.1	1.621	0.000917
1422	142.2	1.622	0.00092
1423	142.3	1.623	0.000921
1424	142.4	1.624	0.000923
1425	142.5	1.625	0.000925
1426	142.6	1.626	0.000926
1427	142.7	1.627	0.000927
1428	142.8	1.628	0.000929
1429	142.9	1.629	0.000929
1430	143	1.63	0.00093
1431	143.1	1.631	0.000931
1432	143.2	1.632	0.000932
1433	143.3	1.633	0.000934
1434	143.4	1.634	0.000937
1435	143.5	1.635	0.000938
1436	143.6	1.636	0.00094
1437	143.7	1.637	0.000941
1438	143.8	1.638	0.000944
1439	143.9	1.639	0.000946
1440	144	1.64	0.000946
1441	144.1	1.641	0.000948
1442	144.2	1.642	0.000949
1443	144.3	1.643	0.000951
1444	144.4	1.644	0.000953
1445	144.5	1.645	0.000954
1446	144.6	1.646	0.000956
1447	144.7	1.647	0.000957
1448	144.8	1.648	0.000958
1449	144.9	1.649	0.00096
1450	145	1.65	0.000961
1451	145.1	1.651	0.000963
1452	145.2	1.652	0.000966
1453	145.3	1.653	0.000968
1454	145.4	1.654	0.000968
1455	145.5	1.655	0.00097
1456	145.6	1.656	0.000971
1457	145.7	1.657	0.000973
1458	145.8	1.658	0.000976
1459	145.9	1.659	0.000976
1460	146	1.66	0.000979
1461	146.1	1.661	0.00098
1462	146.2	1.662	0.000981
1463	146.3	1.663	0.000984
1464	146.4	1.664	0.000985
1465	146.5	1.665	0.000988
1466	146.6	1.666	0.00099
1467	146.7	1.667	0.000992
1468	146.8	1.668	0.000994
1469	146.9	1.669	0.000996
1470	147	1.67	0.000998
1471	147.1	1.671	0.000999
1472	147.2	1.672	0.001002
1473	147.3	1.673	0.001004
1474	147.4	1.674	0.001006
1475	147.5	1.675	0.001008
1476	147.6	1.676	0.001009
1477	147.7	1.677	0.001012
1478	147.8	1.678	0.001014
1479	147.9	1.679	0.001015
1480	148	1.68	0.001017
1481	148.1	1.681	0.001019
1482	148.2	1.682	0.001021
1483	148.3	1.683	0.001023
1484	148.4	1.684	0.001025
1485	148.5	1.685	0.001027
1486	148.6	1.686	0.00103
1487	148.7	1.687	0.001033
1488	148.8	1.688	0.001034
1489	148.9	1.689	0.001037
1490	149	1.69	0.001039
1491	149.1	1.691	0.001041
1492	149.2	1.692	0.001043
1493	149.3	1.693	0.001046
1494	149.4	1.694	0.001047
1495	149.5	1.695	0.001049
1496	149.6	1.696	0.001052
1497	149.7	1.697	0.001055
1498	149.8	1.698	0.001057
1499	149.9	1.699	0.001059
1500	150	1.7	0.001062
1501	150.1	1.701	0.001064
1502	150.2	1.702	0.001067
1503	150.3	1.703	0.001069
1504	150.4	1.704	0.001071
1505	150.5	1.705	0.001074
1506	150.6	1.706	0.001076
1507	150.7	1.707	0.001078
1508	150.8	1.708	0.001081
1509	150.9	1.709	0.001084
1510	151	1.71	0.001086
1511	151.1	1.711	0.001089
1512	151.2	1.712	0.001091
1513	151.3	1.713	0.001094
1514	151.4	1.714	0.001097
1515	151.5	1.715	0.001101
1516	151.6	1.716	0.001103
1517	151.7	1.717	0.001106
1518	151.8	1.718	0.001108
1519	151.9	1.719	0.001111
1520	152	1.72	0.001113
1521	152.1	1.721	0.001116
1522	152.2	1.722	0.00112
1523	152.3	1.723	0.001122
1524	152.4	1.724	0.001125
1525	152.5	1.725	0.001127
1526	152.6	1.726	0.001131
1527	152.7	1.727	0.001135
1528	152.8	1.728	0.001138
1529	152.9	1.729	0.001141
1530	153	1.73	0.001143
1531	153.1	1.731	0.001146
1532	153.2	1.732	0.001151
1533	153.3	1.733	0.001152
1534	153.4	1.734	0.001155
1535	153.5	1.735	0.001159
1536	153.6	1.736	0.001162
1537	153.7	1.737	0.001167
1538	153.8	1.738	0.00117
1539	153.9	1.739	0.001173
1540	154	1.74	0.001177
1541	154.1	1.741	0.001182
1542	154.2	1.742	0.001186
1543	154.3	1.743	0.001189
1544	154.4	1.744	0.001192
1545	154.5	1.745	0.001196
1546	154.6	1.746	0.001199
1547	154.7	1.747	0.001203
1548	154.8	1.748	0.001207
1549	154.9	1.749	0.001211
1550	155	1.75	0.001215
1551	155.1	1.751	0.001218
1552	155.2	1.752	0.001222
1553	155.3	1.753	0.001226
1554	155.4	1.754	0.001231
1555	155.5	1.755	0.001236
1556	155.6	1.756	0.001241
1557	155.7	1.757	0.001244
1558	155.8	1.758	0.001248
1559	155.9	1.759	0.001253
1560	156	1.76	0.001257
1561	156.1	1.761	0.001262
1562	156.2	1.762	0.001266
1563	156.3	1.763	0.001271
1564	156.4	1.764	0.001276
1565	156.5	1.765	0.00128
1566	156.6	1.766	0.001285
1567	156.7	1.767	0.001292
1568	156.8	1.768	0.001297
1569	156.9	1.769	0.001301
1570	157	1.77	0.001306
1571	157.1	1.771	0.001311
1572	157.2	1.772	0.001317
1573	157.3	1.773	0.001321
1574	157.4	1.774	0.001327
1575	157.5	1.775	0.001332
1576	157.6	1.776	0.001338
1577	157.7	1.777	0.001342
1578	157.8	1.778	0.001349
1579	157.9	1.779	0.001355
1580	158	1.78	0.001362
1581	158.1	1.781	0.001367
1582	158.2	1.782	0.001373
1583	158.3	1.783	0.001379
1584	158.4	1.784	0.001384
1585	158.5	1.785	0.001391
1586	158.6	1.786	0.001397
1587	158.7	1.787	0.001404
1588	158.8	1.788	0.00141
1589	158.9	1.789	0.001416
1590	159	1.79	0.001423
1591	159.1	1.791	0.001429
1592	159.2	1.792	0.001436
1593	159.3	1.793	0.001443
1594	159.4	1.794	0.001449
1595	159.5	1.795	0.001456
1596	159.6	1.796	0.001464
1597	159.7	1.797	0.00147
1598	159.8	1.798	0.001478
1599	159.9	1.799	0.001485
1600	160	1.8	0.001456
1601	160.1	1.799	0.001338
1602	160.2	1.798	0.00124
1603	160.3	1.797	0.001161
1604	160.4	1.796	0.001093
1605	160.5	1.795	0.001035
1606	160.6	1.794	0.000983
1607	160.7	1.793	0.000937
1608	160.8	1.792	0.000894
1609	160.9	1.791	0.000856
1610	161	1.79	0.00082
1611	161.1	1.789	0.000786
1612	161.2	1.788	0.000754
1613	161.3	1.787	0.000725
1614	161.4	1.786	0.000698
1615	161.5	1.785	0.000671
1616	161.6	1.784	0.000645
1617	161.7	1.783	0.000621
1618	161.8	1.782	0.000599
1619	161.9	1.781	0.000578
1620	162	1.78	0.000556
1621	162.1	1.779	0.000535
1622	162.2	1.778	0.000516
1623	162.3	1.777	0.000498
1624	162.4	1.776	0.00048
1625	162.5	1.775	0.000462
1626	162.6	1.774	0.000445
1627	162.7	1.773	0.000428
1628	162.8	1.772	0.000412
1629	162.9	1.771	0.000397
1630	163	1.77	0.000381
1631	163.1	1.769	0.000366
1632	163.2	1.768	0.000352
1633	163.3	1.767	0.000338
1634	163.4	1.766	0.000325
1635	163.5	1.765	0.000312
1636	163.6	1.764	0.000299
1637	163.7	1.763	0.000286
1638	163.8	1.762	0.000273
1639	163.9	1.761	0.000262
1640	164	1.76	0.00025
1641	164.1	1.759	0.000238
1642	164.2	1.758	0.000227
1643	164.3	1.757	0.000215
1644	164.4	1.756	0.000206
1645	164.5	1.755	0.000196
1646	164.6	1.754	0.000187
1647	164.7	1.753	0.000176
1648	164.8	1.752	0.000166
1649	164.9	1.751	0.000157
1650	165	1.75	0.000147
1651	165.1	1.749	0.000139
1652	165.2	1.748	0.00013
1653	165.3	1.747	0.000121
1654	165.4	1.746	0.000114
1655	165.5	1.745	0.000106
1656	165.6	1.744	9.72e-05
1657	165.7	1.743	8.99e-05
1658	165.8	1.742	8.23e-05
1659	165.9	1.741	7.51e-05
1660	166	1.74	6.84e-05
1661	166.1	1.739	6.19e-05
1662	166.2	1.738	5.56e-05
1663	166.3	1.737	4.9e-05
1664	166.4	1.736	4.25e-05
1665	166.5	1.735	3.58e-05
1666	166.6	1.734	3.03e-05
1667	166.7	1.733	2.48e-05
1668	166.8	1.732	1.92e-05
1669	166.9	1.731	1.46e-05
1670	167	1.73	9.38e-06
1671	167.1	1.729	3.84e-06
1672	167.2	1.728	-1.37e-06
1673	167.3	1.727	-6.67e-06
1674	167.4	1.726	-1.16e-05
1675	167.5	1.725	-1.74e-05
1676	167.6	1.724	-2.19e-05
1677	167.7	1.723	-2.71e-05
1678	167.8	1.722	-3.17e-05
1679	167.9	1.721	-3.76e-05
1680	168	1.72	-4.2e-05
1681	168.1	1.719	-4.77e-05
1682	168.2	1.718	-5.18e-05
1683	168.3	1.717	-5.68e-05
1684	168.4	1.716	-6.21e-05
1685	168.5	1.715	-6.69e-05
1686	168.6	1.714	-7.12e-05
1687	168.7	1.713	-7.5e-05
1688	168.8	1.712	-7.97e-05
1689	168.9	1.711	-8.49e-05
1690	169	1.71	-8.83e-05
1691	169.1	1.709	-9.34e-05
1692	169.2	1.708	-9.81e-05
1693	169.3	1.707	-0.000103
1694	169.4	1.706	-0.000108
1695	169.5	1.705	-0.000113
1696	169.6	1.704	-0.000117
1697	169.7	1.703	-0.000121
1698	169.8	1.702	-0.000126
1699	169.9	1.701	-0.000129
1700	170	1.7	-0.000134
1701	170.1	1.699	-0.000138
1702	170.2	1.698	-0.000142
1703	170.3	1.697	-0.000145
1704	170.4	1.696	-0.000149
1705	170.5	1.695	-0.000152
1706	170.6	1.694	-0.000157
1707	170.7	1.693	-0.00016
1708	170.8	1.692	-0.000164
1709	170.9	1.691	-0.000167
1710	171	1.69	-0.000171
1711	171.1	1.689	-0.000175
1712	171.2	1.688	-0.000178
1713	171.3	1.687	-0.000182
1714	171.4	1.686	-0.000184
1715	171.5	1.685	-0.000187
1716	171.6	1.684	-0.00019
1717	171.7	1.683	-0.000193
1718	171.8	1.682	-0.000196
1719	171.9	1.681	-0.0002
1720	172	1.68	-0.000204
1721	172.1	1.679	-0.000206
1722	172.2	1.678	-0.000209
1723	172.3	1.677	-0.000211
1724	172.4	1.676	-0.000214
1725	172.5	1.675	-0.000216
1726	172.6	1.674	-0.000219
1727	172.7	1.673	-0.000223
1728	172.8	1.672	-0.000224
1729	172.9	1.671	-0.000227
1730	173	1.67	-0.000229
1731	173.1	1.669	-0.000231
1732	173.2	1.668	-0.000234
1733	173.3	1.667	-0.000236
1734	173.4	1.666	-0.000238
1735	173.5	1.665	-0.000241
1736	173.6	1.664	-0.000243
1737	173.7	1.663	-0.000245
1738	173.8	1.662	-0.000247
1739	173.9	1.661	-0.000249
1740	174	1.66	-0.000251
1741	174.1	1.659	-0.000254
1742	174.2	1.658	-0.000255
1743	174.3	1.657	-0.000257
1744	174.4	1.656	-0.000259
1745	174.5	1.655	-0.000262
1746	174.6	1.654	-0.000264
1747	174.7	1.653	-0.000266
1748	174.8	1.652	-0.000268
1749	174.9	1.651	-0.000269
1750	175	1.65	-0.000271
1751	175.1	1.649	-0.000273
1752	175.2	1.648	-0.000275
1753	175.3	1.647	-0.000276
1754	175.4	1.646	-0.000278
1755	175.5	1.645	-0.000279
1756	175.6	1.644	-0.000281
1757	175.7	1.643	-0.000282
1758	175.8	1.642	-0.000284
1759	175.9	1.641	-0.000285
1760	176	1.64	-0.000286
1761	176.1	1.639	-0.000287
1762	176.2	1.638	-0.00029
1763	176.3	1.637	-0.000291
1764	176.4	1.636	-0.000292
1765	176.5	1.635	-0.000294
1766	176.6	1.634	-0.000295
1767	176.7	1.633	-0.000296
1768	176.8	1.632	-0.000297
1769	176.9	1.631	-0.000298
1770	177	1.63	-0.0003
1771	177.1	1.629	-0.000301
1772	177.2	1.628	-0.000302
1773	177.3	1.627	-0.000303
1774	177.4	1.626	-0.000304
1775	177.5	1.625	-0.000306
1776	177.6	1.624	-0.000306
1777	177.7	1.623	-0.000306
1778	177.8	1.622	-0.000307
1779	177.9	1.621	-0.000309
1780	178	1.62	-0.00031
1781	178.1	1.619	-0.000311
1782	178.2	1.618	-0.000313
1783	178.3	1.617	-0.000313
1784	178.4	1.616	-0.000315
1785	178.5	1.615	-0.000316
1786	178.6	1.614	-0.000317
1787	178.7	1.613	-0.000317
1788	178.8	1.612	-0.000318
1789	178.9	1.611	-0.000317
1790	179	1.61	-0.000318
1791	179.1	1.609	-0.00032
1792	179.2	1.608	-0.00032
1793	179.3	1.607	-0.000322
1794	179.4	1.606	-0.000323
1795	179.5	1.605	-0.000325
1796	179.6	1.604	-0.000325
1797	179.7	1.603	-0.000326
1798	179.8	1.602	-0.000327
1799	179.9	1.601	-0.000326
1800	180	1.6	-0.000328
1801	180.1	1.599	-0.00033
1802	180.2	1.598	-0.00033
1803	180.3	1.597	-0.000332
1804	180.4	1.596	-0.000333
1805	180.5	1.595	-0.000333
1806	180.6	1.594	-0.000334
1807	180.7	1.593	-0.000334
1808	180.8	1.592	-0.000335
1809	180.9	1.591	-0.000337
1810	181	1.59	-0.000337
1811	181.1	1.589	-0.000338
1812	181.2	1.588	-0.000339
1813	181.3	1.587	-0.000339
1814	181.4	1.586	-0.00034
1815	181.5	1.585	-0.00034
1816	181.6	1.584	-0.00034
1817	181.7	1.583	-0.000341
1818	181.8	1.582	-0.000341
1819	181.9	1.581	-0.000342
1820	182	1.58	-0.000343
1821	182.1	1.579	-0.000344
1822	182.2	1.578	-0.000345
1823	182.3	1.577	-0.000346
1824	182.4	1.576	-0.000346
1825	182.5	1.575	-0.000346
1826	182.6	1.574	-0.000347
1827	182.7	1.573	-0.000347
1828	182.8	1.572	-0.000347
1829	182.9	1.571	-0.000348
1830	183	1.57	-0.000349
1831	183.1	1.569	-0.000349
1832	183.2	1.568	-0.00035
1833	183.3	1.567	-0.000351
1834	183.4	1.566	-0.000351
1835	183.5	1.565	-0.00035
1836	183.6	1.564	-0.000351
1837	183.7	1.563	-0.000351
1838	183.8	1.562	-0.000352
1839	183.9	1.561	-0.000353
1840	184	1.56	-0.000353
1841	184.1	1.559	-0.000354
1842	184.2	1.558	-0.000354
1843	184.3	1.557	-0.000355
1844	184.4	1.556	-0.000355
1845	184.5	1.555	-0.000356
1846	184.6	1.554	-0.000358
1847	184.7	1.553	-0.000357
1848	184.8	1.552	-0.000357
1849	184.9	1.551	-0.000358
1850	185	1.55	-0.000359
1851	185.1	1.549	-0.000359
1852	185.2	1.548	-0.000359
1853	185.3	1.547	-0.00036
1854	185.4	1.546	-0.000359
1855	185.5	1.545	-0.000359
1856	185.6	1.544	-0.00036
1857	185.7	1.543	-0.000361
1858	185.8	1.542	-0.000361
1859	185.9	1.541	-0.000361
1860	186	1.54	-0.000361
1861	186.1	1.539	-0.000361
1862	186.2	1.538	-0.000362
1863	186.3	1.537	-0.000362
1864	186.4	1.536	-0.000364
1865	186.5	1.535	-0.000364
1866	186.6	1.534	-0.000364
1867	186.7	1.533	-0.000364
1868	186.8	1.532	-0.000365
1869	186.9	1.531	-0.000365
1870	187	1.53	-0.000366
1871	187.1	1.529	-0.000367
1872	187.2	1.528	-0.000368
1873	187.3	1.527	-0.000368
1874	187.4	1.526	-0.000368
1875	187.5	1.525	-0.000369
1876	187.6	1.524	-0.000369
1877	187.7	1.523	-0.000369
1878	187.8	1.522	-0.000371
1879	187.9	1.521	-0.000371
1880	188	1.52	-0.00037
1881	188.1	1.519	-0.000371
1882	188.2	1.518	-0.000371
1883	188.3	1.517	-0.000372
1884	188.4	1.516	-0.000372
1885	188.5	1.515	-0.000372
1886	188.6	1.514	-0.000373
1887	188.7	1.513	-0.000373
1888	188.8	1.512	-0.000373
1889	188.9	1.511	-0.000374
1890	189	1.51	-0.000375
1891	189.1	1.509	-0.000375
1892	189.2	1.508	-0.000376
1893	189.3	1.507	-0.000376
1894	189.4	1.506	-0.000376
1895	189.5	1.505	-0.000378
1896	189.6	1.504	-0.000378
1897	189.7	1.503	-0.000378
1898	189.8	1.502	-0.000378
1899	189.9	1.501	-0.000378
1900	190	1.5	-0.000379
1901	190.1	1.499	-0.000379
1902	190.2	1.498	-0.00038
1903	190.3	1.497	-0.00038
1904	190.4	1.496	-0.00038
1905	190.5	1.495	-0.000381
1906	190.6	1.494	-0.00038
1907	190.7	1.493	-0.000381
1908	190.8	1.492	-0.000381
1909	190.9	1.491	-0.000381
1910	191	1.49	-0.000382
1911	191.1	1.489	-0.000383
1912	191.2	1.488	-0.000383
1913	191.3	1.487	-0.000385
1914	191.4	1.486	-0.000385
1915	191.5	1.485	-0.000385
1916	191.6	1.484	-0.000385
1917	191.7	1.483	-0.000386
1918	191.8	1.482	-0.000386
1919	191.9	1.481	-0.000386
1920	192	1.48	-0.000386
1921	192.1	1.479	-0.000386
1922	192.2	1.478	-0.000385
1923	192.3	1.477	-0.000385
1924	192.4	1.476	-0.000386
1925	192.5	1.475	-0.000387
1926	192.6	1.474	-0.000387
1927	192.7	1.473	-0.000388
1928	192.8	1.472	-0.000388
1929	192.9	1.471	-0.000389
1930	193	1.47	-0.000389
1931	193.1	1.469	-0.000389
1932	193.2	1.468	-0.000389
1933	193.3	1.467	-0.000389
1934	193.4	1.466	-0.000388
1935	193.5	1.465	-0.000389
1936	193.6	1.464	-0.00039
1937	193.7	1.463	-0.000391
1938	193.8	1.462	-0.00039
1939	193.9	1.461	-0.000391
1940	194	1.46	-0.000391
1941	194.1	1.459	-0.000392
1942	194.2	1.458	-0.000393
1943	194.3	1.457	-0.000393
1944	194.4	1.456	-0.000394
1945	194.5	1.455	-0.000393
1946	194.6	1.454	-0.000394
1947	194.7	1.453	-0.000395
1948	194.8	1.452	-0.000396
1949	194.9	1.451	-0.000395
1950	195	1.45	-0.000396
1951	195.1	1.449	-0.000396
1952	195.2	1.448	-0.000397
1953	195.3	1.447	-0.000397
1954	195.4	1.446	-0.000398
1955	195.5	1.445	-0.000398
1956	195.6	1.444	-0.000398
1957	195.7	1.443	-0.000399
1958	195.8	1.442	-0.0004
1959	195.9	1.441	-0.0004
1960	196	1.44	-0.0004
1961	196.1	1.439	-0.0004
1962	196.2	1.438	-0.0004
1963	196.3	1.437	-0.0004
1964	196.4	1.436	-0.0004
1965	196.5	1.435	-0.000401
1966	196.6	1.434	-0.000401
1967	196.7	1.433	-0.000401
1968	196.8	1.432	-0.000402
1969	196.9	1.431	-0.000403
1970	197	1.43	-0.000403
1971	197.1	1.429	-0.000403
1972	197.2	1.428	-0.000404
1973	197.3	1.427	-0.000404
1974	197.4	1.426	-0.000404
1975	197.5	1.425	-0.000404
1976	197.6	1.424	-0.000405
1977	197.7	1.423	-0.000405
1978	197.8	1.422	-0.000406
1979	197.9	1.421	-0.000407
1980	198	1.42	-0.000406
1981	198.1	1.419	-0.000406
1982	198.2	1.418	-0.000407
1983	198.3	1.417	-0.000407
1984	198.4	1.416	-0.000408
1985	198.5	1.415	-0.000408
1986	198.6	1.414	-0.000409
1987	198.7	1.413	-0.000409
1988	198.8	1.412	-0.000409
1989	198.9	1.411	-0.00041
1990	199	1.41	-0.000411
1991	199.1	1.409	-0.000411
1992	199.2	1.408	-0.000411
1993	199.3	1.407	-0.000411
1994	199.4	1.406	-0.000411
1995	199.5	1.405	-0.000411
1996	199.6	1.404	-0.000413
1997	199.7	1.403	-0.000413
1998	199.8	1.402	-0.000412
1999	199.9	1.401	-0.000413
2000	200	1.4	-0.000414
2001	200.1	1.399	-0.000415
2002	200.2	1.398	-0.000415
2003	200.3	1.397	-0.000416
2004	200.4	1.396	-0.000415
2005	200.5	1.395	-0.000417
2006	200.6	1.394	-0.000418
2007	200.7	1.393	-0.000418
2008	200.8	1.392	-0.000416
2009	200.9	1.391	-0.000416
2010	201	1.39	-0.000417
2011	201.1	1.389	-0.000419
2012	201.2	1.388	-0.000419
2013	201.3	1.387	-0.000419
2014	201.4	1.386	-0.000419
2015	201.5	1.385	-0.000419
2016	201.6	1.384	-0.00042
2017	201.7	1.383	-0.000421
2018	201.8	1.382	-0.000421
2019	201.9	1.381	-0.000422
2020	202	1.38	-0.000422
2021	202.1	1.379	-0.000421
2022	202.2	1.378	-0.000421
2023	202.3	1.377	-0.000422
2024	202.4	1.376	-0.000422
2025	202.5	1.375	-0.000423
2026	202.6	1.374	-0.000423
2027	202.7	1.373	-0.000423
2028	202.8	1.372	-0.000424
2029	202.9	1.371	-0.000425
2030	203	1.37	-0.000425
2031	203.1	1.369	-0.000425
2032	203.2	1.368	-0.000425
2033	203.3	1.367	-0.000426
2034	203.4	1.366	-0.000425
2035	203.5	1.365	-0.000427
2036	203.6	1.364	-0.000428
2037	203.7	1.363	-0.000427
2038	203.8	1.362	-0.000427
2039	203.9	1.361	-0.000427
2040	204	1.36	-0.000428
2041	204.1	1.359	-0.000429
2042	204.2	1.358	-0.000429
2043	204.3	1.357	-0.00043
2044	204.4	1.356	-0.000429
2045	204.5	1.355	-0.00043
2046	204.6	1.354	-0.000431
2047	204.7	1.353	-0.000431
2048	204.8	1.352	-0.000431
2049	204.9	1.351	-0.000433
2050	205	1.35	-0.000432
2051	205.1	1.349	-0.000433
2052	205.2	1.348	-0.000434
2053	205.3	1.347	-0.000434
2054	205.4	1.346	-0.000434
2055	205.5	1.345	-0.000435
2056	205.6	1.344	-0.000435
2057	205.7	1.343	-0.000435
2058	205.8	1.342	-0.000436
2059	205.9	1.341	-0.000437
2060	206	1.34	-0.000437
2061	206.1	1.339	-0.000437
2062	206.2	1.338	-0.000437
2063	206.3	1.337	-0.000437
2064	206.4	1.336	-0.000438
2065	206.5	1.335	-0.000439
2066	206.6	1.334	-0.00044
2067	206.7	1.333	-0.000441
2068	206.8	1.332	-0.000441
2069	206.9	1.331	-0.000442
2070	207	1.33	-0.000441
2071	207.1	1.329	-0.000442
2072	207.2	1.328	-0.000442
2073	207.3	1.327	-0.000443
2074	207.4	1.326	-0.000443
2075	207.5	1.325	-0.000443
2076	207.6	1.324	-0.000444
2077	207.7	1.323	-0.000445
2078	207.8	1.322	-0.000446
2079	207.9	1.321	-0.000446
2080	208	1.32	-0.000447
2081	208.1	1.319	-0.000446
2082	208.2	1.318	-0.000447
2083	208.3	1.317	-0.000448
2084	208.4	1.316	-0.000448
2085	208.5	1.315	-0.000448
2086	208.6	1.314	-0.000449
2087	208.7	1.313	-0.000449
2088	208.8	1.312	-0.000449
2089	208.9	1.311	-0.000449
2090	209	1.31	-0.00045
2091	209.1	1.309	-0.000451
2092	209.2	1.308	-0.000452
2093	209.3	1.307	-0.000452
2094	209.4	1.306	-0.000453
2095	209.5	1.305	-0.000454
2096	209.6	1.304	-0.000453
2097	209.7	1.303	-0.000454
2098	209.8	1.302	-0.000453
2099	209.9	1.301	-0.000453
2100	210	1.3	-0.000455
2101	210.1	1.299	-0.000455
2102	210.2	1.298	-0.000455
2103	210.3	1.297	-0.000456
2104	210.4	1.296	-0.000457
2105	210.5	1.295	-0.000457
2106	210.6	1.294	-0.000458
2107	210.7	1.293	-0.000459
2108	210.8	1.292	-0.00046
2109	210.9	1.291	-0.000459
2110	211	1.29	-0.00046
2111	211.1	1.289	-0.000461
2112	211.2	1.288	-0.000462
2113	211.3	1.287	-0.000463
2114	211.4	1.286	-0.000463
2115	211.5	1.285	-0.000464
2116	211.6	1.284	-0.000464
2117	211.7	1.283	-0.000465
2118	211.8	1.282	-0.000465
2119	211.9	1.281	-0.000466
2120	212	1.28	-0.000466
2121	212.1	1.279	-0.000467
2122	212.2	1.278	-0.000467
2123	212.3	1.277	-0.000468
2124	212.4	1.276	-0.000469
2125	212.5	1.275	-0.000469
2126	212.6	1.274	-0.000471
2127	212.7	1.273	-0.000471
2128	212.8	1.272	-0.000471
2129	212.9	1.271	-0.000472
2130	213	1.27	-0.000472
2131	213.1	1.269	-0.000474
2132	213.2	1.268	-0.000474
2133	213.3	1.267	-0.000475
2134	213.4	1.266	-0.000476
2135	213.5	1.265	-0.000476
2136	213.6	1.264	-0.000476
2137	213.7	1.263	-0.000476
2138	213.8	1.262	-0.000477
2139	213.9	1.261	-0.000478
2140	214	1.26	-0.000478
2141	214.1	1.259	-0.000479
2142	214.2	1.258	-0.00048
2143	214.3	1.257	-0.000481
2144	214.4	1.256	-0.000481
2145	214.5	1.255	-0.000483
2146	214.6	1.254	-0.000483
2147	214.7	1.253	-0.000483
2148	214.8	1.252	-0.000484
2149	214.9	1.251	-0.000485
2150	215	1.25	-0.000485
2151	215.1	1.249	-0.000486
2152	215.2	1.248	-0.000487
2153	215.3	1.247	-0.000486
2154	215.4	1.246	-0.000487
2155	215.5	1.245	-0.000488
2156	215.6	1.244	-0.000488
2157	215.7	1.243	-0.000489
2158	215.8	1.242	-0.00049
2159	215.9	1.241	-0.000491
2160	216	1.24	-0.000491
2161	216.1	1.239	-0.000491
2162	216.2	1.238	-0.000492
2163	216.3	1.237	-0.000493
2164	216.4	1.236	-0.000493
2165	216.5	1.235	-0.000494
2166	216.6	1.234	-0.000495
2167	216.7	1.233	-0.000495
2168	216.8	1.232	-0.000495
2169	216.9	1.231	-0.000497
2170	217	1.23	-0.000498
2171	217.1	1.229	-0.000498
2172	217.2	1.228	-0.0005
2173	217.3	1.227	-0.0005
2174	217.4	1.226	-0.000501
2175	217.5	1.225	-0.000502
2176	217.6	1.224	-0.000503
2177	217.7	1.223	-0.000502
2178	217.8	1.222	-0.000505
2179	217.9	1.221	-0.000505
2180	218	1.22	-0.000505
2181	218.1	1.219	-0.000506
2182	218.2	1.218	-0.000507
2183	218.3	1.217	-0.000507
2184	218.4	1.216	-0.000508
2185	218.5	1.215	-0.000509
2186	218.6	1.214	-0.00051
2187	218.7	1.213	-0.000511
2188	218.8	1.212	-0.000512
2189	218.9	1.211	-0.000513
2190	219	1.21	-0.000513
2191	219.1	1.209	-0.000514
2192	219.2	1.208	-0.000515
2193	219.3	1.207	-0.000516
2194	219.4	1.206	-0.000517
2195	219.5	1.205	-0.000517
2196	219.6	1.204	-0.000516
2197	219.7	1.203	-0.000517
2198	219.8	1.202	-0.000519
2199	219.9	1.201	-0.00052
2200	220	1.2	-0.00052
2201	220.1	1.199	-0.000522
2202	220.2	1.198	-0.000522
2203	220.3	1.197	-0.000524
2204	220.4	1.196	-0.000524
2205	220.5	1.195	-0.000526
2206	220.6	1.194	-0.000525
2207	220.7	1.193	-0.000526
2208	220.8	1.192	-0.000527
2209	220.9	1.191	-0.000528
2210	221	1.19	-0.00053
2211	221.1	1.189	-0.000531
2212	221.2	1.188	-0.000531
2213	221.3	1.187	-0.000532
2214	221.4	1.186	-0.000532
2215	221.5	1.185	-0.000533
2216	221.6	1.184	-0.000534
2217	221.7	1.183	-0.000536
2218	221.8	1.182	-0.000536
2219	221.9	1.181	-0.000537
2220	222	1.18	-0.000537
2221	222.1	1.179	-0.000537
2222	222.2	1.178	-0.000539
2223	222.3	1.177	-0.000539
2224	222.4	1.176	-0.00054
2225	222.5	1.175	-0.000541
2226	222.6	1.174	-0.000542
2227	222.7	1.173	-0.000544
2228	222.8	1.172	-0.000544
2229	222.9	1.171	-0.000545
2230	223	1.17	-0.000546
2231	223.1	1.169	-0.000547
2232	223.2	1.168	-0.000548
2233	223.3	1.167	-0.000549
2234	223.4	1.166	-0.000549
2235	223.5	1.165	-0.000551
2236	223.6	1.164	-0.000551
2237	223.7	1.163	-0.000552
2238	223.8	1.162	-0.000553
2239	223.9	1.161	-0.000553
2240	224	1.16	-0.000554
2241	224.1	1.159	-0.000556
2242	224.2	1.158	-0.000556
2243	224.3	1.157	-0.000557
2244	224.4	1.156	-0.000558
2245	224.5	1.155	-0.000559
2246	224.6	1.154	-0.00056
2247	224.7	1.153	-0.000561
2248	224.8	1.152	-0.000562
2249	224.9	1.151	-0.000563
2250	225	1.15	-0.000564
2251	225.1	1.149	-0.000565
2252	225.2	1.148	-0.000566
2253	225.3	1.147	-0.000567
2254	225.4	1.146	-0.000568
2255	225.5	1.145	-0.000569
2256	225.6	1.144	-0.00057
2257	225.7	1.143	-0.000571
2258	225.8	1.142	-0.000571
2259	225.9	1.141	-0.000572
2260	226	1.14	-0.000573
2261	226.1	1.139	-0.000573
2262	226.2	1.138	-0.000574
2263	226.3	1.137	-0.000575
2264	226.4	1.136	-0.000576
2265	226.5	1.135	-0.000577
2266	226.6	1.134	-0.000578
2267	226.7	1.133	-0.000579
2268	226.8	1.132	-0.000579
2269	226.9	1.131	-0.00058
2270	227	1.13	-0.000582
2271	227.1	1.129	-0.000582
2272	227.2	1.128	-0.000583
2273	227.3	1.127	-0.000583
2274	227.4	1.126	-0.000584
2275	227.5	1.125	-0.000585
2276	227.6	1.124	-0.000585
2277	227.7	1.123	-0.000586
2278	227.8	1.122	-0.000587
2279	227.9	1.121	-0.000587
2280	228	1.12	-0.000588
2281	228.1	1.119	-0.00059
2282	228.2	1.118	-0.000591
2283	228.3	1.117	-0.000591
2284	228.4	1.116	-0.000592
2285	228.5	1.115	-0.000592
2286	228.6	1.114	-0.000594
2287	228.7	1.113	-0.000595
2288	228.8	1.112	-0.000595
2289	228.9	1.111	-0.000596
2290	229	1.11	-0.000597
2291	229.1	1.109	-0.000597
2292	229.2	1.108	-0.000599
2293	229.3	1.107	-0.000599
2294	229.4	1.106	-0.0006
2295	229.5	1.105	-0.0006
2296	229.6	1.104	-0.000601
2297	229.7	1.103	-0.000602
2298	229.8	1.102	-0.000602
2299	229.9	1.101	-0.000603
2300	230	1.1	-0.000604
2301	230.1	1.099	-0.000605
2302	230.2	1.098	-0.000606
2303	230.3	1.097	-0.000606
2304	230.4	1.096	-0.000606
2305	230.5	1.095	-0.000608
2306	230.6	1.094	-0.000609
2307	230.7	1.093	-0.00061
2308	230.8	1.092	-0.000611
2309	230.9	1.091	-0.000612
2310	231	1.09	-0.000612
2311	231.1	1.089	-0.000613
2312	231.2	1.088	-0.000614
2313	231.3	1.087	-0.000614
2314	231.4	1.086	-0.000615
2315	231.5	1.085	-0.000616
2316	231.6	1.084	-0.000617
2317	231.7	1.083	-0.000617
2318	231.8	1.082	-0.000617
2319	231.9	1.081	-0.000618
2320	232	1.08	-0.000618
2321	232.1	1.079	-0.00062
2322	232.2	1.078	-0.000621
2323	232.3	1.077	-0.000622
2324	232.4	1.076	-0.000622
2325	232.5	1.075	-0.000622
2326	232.6	1.074	-0.000623
2327	232.7	1.073	-0.000622
2328	232.8	1.072	-0.000624
2329	232.9	1.071	-0.000626
2330	233	1.07	-0.000626
2331	233.1	1.069	-0.000627
2332	233.2	1.068	-0.000627
2333	233.3	1.067	-0.000628
2334	233.4	1.066	-0.000628
2335	233.5	1.065	-0.000629
2336	233.6	1.064	-0.00063
2337	233.7	1.063	-0.000631
2338	233.8	1.062	-0.000632
2339	233.9	1.061	-0.000633
2340	234	1.06	-0.000634
2341	234.1	1.059	-0.000635
2342	234.2	1.058	-0.000635
2343	234.3	1.057	-0.000636
2344	234.4	1.056	-0.000637
2345	234.5	1.055	-0.000637
2346	234.6	1.054	-0.000637
2347	234.7	1.053	-0.000638
2348	234.8	1.052	-0.000639
2349	234.9	1.051	-0.00064
2350	235	1.05	-0.000641
2351	235.1	1.049	-0.000641
2352	235.2	1.048	-0.000642
2353	235.3	1.047	-0.000642
2354	235.4	1.046	-0.000643
2355	235.5	1.045	-0.000643
2356	235.6	1.044	-0.000643
2357	235.7	1.043	-0.000644
2358	235.8	1.042	-0.000646
2359	235.9	1.041	-0.000647
2360	236	1.04	-0.000648
2361	236.1	1.039	-0.000648
2362	236.2	1.038	-0.000648
2363	236.3	1.037	-0.000649
2364	236.4	1.036	-0.00065
2365	236.5	1.035	-0.00065
2366	236.6	1.034	-0.000652
2367	236.7	1.033	-0.000652
2368	236.8	1.032	-0.000652
2369	236.9	1.031	-0.000653
2370	237	1.03	-0.000654
2371	237.1	1.029	-0.000654
2372	237.2	1.028	-0.000655
2373	237.3	1.027	-0.000655
2374	237.4	1.026	-0.000656
2375	237.5	1.025	-0.000657
2376	237.6	1.024	-0.000659
2377	237.7	1.023	-0.000659
2378	237.8	1.022	-0.00066
2379	237.9	1.021	-0.00066
2380	238	1.02	-0.00066
2381	238.1	1.019	-0.00066
2382	238.2	1.018	-0.000661
2383	238.3	1.017	-0.000662
2384	238.4	1.016	-0.000662
2385	238.5	1.015	-0.000663
2386	238.6	1.014	-0.000664
2387	238.7	1.013	-0.000664
2388	238.8	1.012	-0.000665
2389	238.9	1.011	-0.000667
2390	239	1.01	-0.000667
2391	239.1	1.009	-0.000668
2392	239.2	1.008	-0.000669
2393	239.3	1.007	-0.000669
2394	239.4	1.006	-0.000669
2395	239.5	1.005	-0.000669
2396	239.6	1.004	-0.000669
2397	239.7	1.003	-0.00067
2398	239.8	1.002	-0.000672
2399	239.9	1.001	-0.000672
2400	240	1	-0.000672
2401	240.1	0.999	-0.000672
2402	240.2	0.998	-0.000673
2403	240.3	0.997	-0.000674
2404	240.4	0.996	-0.000675
2405	240.5	0.995	-0.000675
2406	240.6	0.994	-0.000675
2407	240.7	0.993	-0.000676
2408	240.8	0.992	-0.000677
2409	240.9	0.991	-0.000678
2410	241	0.99	-0.000679
2411	241.1	0.989	-0.00068
2412	241.2	0.988	-0.000681
2413	241.3	0.987	-0.000681
2414	241.4	0.986	-0.000682
2415	241.5	0.985	-0.000683
2416	241.6	0.984	-0.000684
2417	241.7	0.983	-0.000684
2418	241.8	0.982	-0.000685
2419	241.9	0.981	-0.000686
2420	242	0.98	-0.000686
2421	242.1	0.979	-0.000686
2422	242.2	0.978	-0.000687
2423	242.3	0.977	-0.000688
2424	242.4	0.976	-0.000688
2425	242.5	0.975	-0.000689
2426	242.6	0.974	-0.00069
2427	242.7	0.973	-0.000691
2428	242.8	0.972	-0.000692
2429	242.9	0.971	-0.000693
2430	243	0.97	-0.000693
2431	243.1	0.969	-0.000694
2432	243.2	0.968	-0.000693
2433	243.3	0.967	-0.000695
2434	243.4	0.966	-0.000697
2435	243.5	0.965	-0.000697
2436	243.6	0.964	-0.000698
2437	243.7	0.963	-0.000698
2438	243.8	0.962	-0.000699
2439	243.9	0.961	-0.0007
2440	244	0.96	-0.000699
2441	244.1	0.959	-0.000701
2442	244.2	0.958	-0.000702
2443	244.3	0.957	-0.000702
2444	244.4	0.956	-0.000702
2445	244.5	0.955	-0.000702
2446	244.6	0.954	-0.000703
2447	244.7	0.953	-0.000703
2448	244.8	0.952	-0.000704
2449	244.9	0.951	-0.000704
2450	245	0.95	-0.000705
2451	245.1	0.949	-0.000706
2452	245.2	0.948	-0.000706
2453	245.3	0.947	-0.000707
2454	245.4	0.946	-0.000708
2455	245.5	0.945	-0.000709
2456	245.6	0.944	-0.000709
2457	245.7	0.943	-0.00071
2458	245.8	0.942	-0.00071
2459	245.9	0.941	-0.000712
2460	246	0.94	-0.000712
2461	246.1	0.939	-0.000713
2462	246.2	0.938	-0.000714
2463	246.3	0.937	-0.000714
2464	246.4	0.936	-0.000715
2465	246.5	0.935	-0.000715
2466	246.6	0.934	-0.000716
2467	246.7	0.933	-0.000717
2468	246.8	0.932	-0.000718
2469	246.9	0.931	-0.000719
2470	247	0.93	-0.00072
2471	247.1	0.929	-0.00072
2472	247.2	0.928	-0.000721
2473	247.3	0.927	-0.000722
2474	247.4	0.926	-0.000722
2475	247.5	0.925	-0.000723
2476	247.6	0.924	-0.000725
2477	247.7	0.923	-0.000725
2478	247.8	0.922	-0.000726
2479	247.9	0.921	-0.000727
2480	248	0.92	-0.000727
2481	248.1	0.919	-0.000727
2482	248.2	0.918	-0.000727
2483	248.3	0.917	-0.000727
2484	248.4	0.916	-0.000728
2485	248.5	0.915	-0.00073
2486	248.6	0.914	-0.000729
2487	248.7	0.913	-0.000731
2488	248.8	0.912	-0.000731
2489	248.9	0.911	-0.000732
2490	249	0.91	-0.000732
2491	249.1	0.909	-0.000733
2492	249.2	0.908	-0.000733
2493	249.3	0.907	-0.000734
2494	249.4	0.906	-0.000736
2495	249.5	0.905	-0.000737
2496	249.6	0.904	-0.000737
2497	249.7	0.903	-0.000738
2498	249.8	0.902	-0.000738
2499	249.9	0.901	-0.000739
2500	250	0.9	-0.000739
2501	250.1	0.899	-0.00074
2502	250.2	0.898	-0.000741
2503	250.3	0.897	-0.000741
2504	250.4	0.896	-0.000742
2505	250.5	0.895	-0.000743
2506	250.6	0.894	-0.000743
2507	250.7	0.893	-0.000743
2508	250.8	0.892	-0.000744
2509	250.9	0.891	-0.000744
2510	251	0.89	-0.000746
2511	251.1	0.889	-0.000745
2512	251.2	0.888	-0.000746
2513	251.3	0.887	-0.000746
2514	251.4	0.886	-0.000746
2515	251.5	0.885	-0.000747
2516	251.6	0.884	-0.000748
2517	251.7	0.883	-0.000748
2518	251.8	0.882	-0.000749
2519	251.9	0.881	-0.000748
2520	252	0.88	-0.00075
2521	252.1	0.879	-0.000751
2522	252.2	0.878	-0.000752
2523	252.3	0.877	-0.000752
2524	252.4	0.876	-0.000753
2525	252.5	0.875	-0.000754
2526	252.6	0.874	-0.000756
2527	252.7	0.873	-0.000756
2528	252.8	0.872	-0.000757
2529	252.9	0.871	-0.000757
2530	253	0.87	-0.000757
2531	253.1	0.869	-0.000758
2532	253.2	0.868	-0.000759
2533	253.3	0.867	-0.000759
2534	253.4	0.866	-0.000759
2535	253.5	0.865	-0.00076
2536	253.6	0.864	-0.000762
2537	253.7	0.863	-0.000762
2538	253.8	0.862	-0.000761
2539	253.9	0.861	-0.000762
2540	254	0.86	-0.000762
2541	254.1	0.859	-0.000763
2542	254.2	0.858	-0.000764
2543	254.3	0.857	-0.000765
2544	254.4	0.856	-0.000765
2545	254.5	0.855	-0.000766
2546	254.6	0.854	-0.000765
2547	254.7	0.853	-0.000766
2548	254.8	0.852	-0.000767
2549	254.9	0.851	-0.000767
2550	255	0.85	-0.000768
2551	255.1	0.849	-0.000768
2552	255.2	0.848	-0.000768
2553	255.3	0.847	-0.000769
2554	255.4	0.846	-0.000769
2555	255.5	0.845	-0.000769
2556	255.6	0.844	-0.000771
2557	255.7	0.843	-0.000772
2558	255.8	0.842	-0.000772
2559	255.9	0.841	-0.000773
2560	256	0.84	-0.000773
2561	256.1	0.839	-0.000773
2562	256.2	0.838	-0.000774
2563	256.3	0.837	-0.000775
2564	256.4	0.836	-0.000776
2565	256.5	0.835	-0.000776
2566	256.6	0.834	-0.000776
2567	256.7	0.833	-0.000776
2568	256.8	0.832	-0.000778
2569	256.9	0.831	-0.000778
2570	257	0.83	-0.000778
2571	257.1	0.829	-0.000779
2572	257.2	0.828	-0.000779
2573	257.3	0.827	-0.000779
2574	257.4	0.826	-0.00078
2575	257.5	0.825	-0.00078
2576	257.6	0.824	-0.000781
2577	257.7	0.823	-0.000781
2578	257.8	0.822	-0.000782
2579	257.9	0.821	-0.000783
2580	258	0.82	-0.000783
2581	258.1	0.819	-0.000785
2582	258.2	0.818	-0.000786
2583	258.3	0.817	-0.000786
2584	258.4	0.816	-0.000786
2585	258.5	0.815	-0.000786
2586	258.6	0.814	-0.000786
2587	258.7	0.813	-0.000787
2588	258.8	0.812	-0.000786
2589	258.9	0.811	-0.000787
2590	259	0.81	-0.000787
2591	259.1	0.809	-0.000787
2592	259.2	0.808	-0.000788
2593	259.3	0.807	-0.000788
2594	259.4	0.806	-0.000789
2595	259.5	0.805	-0.00079
2596	259.6	0.804	-0.00079
2597	259.7	0.803	-0.00079
2598	259.8	0.802	-0.00079
2599	259.9	0.801	-0.000791
2600	260	0.8	-0.000792
2601	260.1	0.799	-0.000793
2602	260.2	0.798	-0.000793
2603	260.3	0.797	-0.000794
2604	260.4	0.796	-0.000794
2605	260.5	0.795	-0.000794
2606	260.6	0.794	-0.000795
2607	260.7	0.793	-0.000795
2608	260.8	0.792	-0.000795
2609	260.9	0.791	-0.000796
2610	261	0.79	-0.000796
2611	261.1	0.789	-0.000796
2612	261.2	0.788	-0.000796
2613	261.3	0.787	-0.000796
2614	261.4	0.786	-0.000797
2615	261.5	0.785	-0.000798
2616	261.6	0.784	-0.000798
2617	261.7	0.783	-0.000799
2618	261.8	0.782	-0.0008
2619	261.9	0.781	-0.0008
2620	262	0.78	-0.0008
2621	262.1	0.779	-0.0008
2622	262.2	0.778	-0.0008
2623	262.3	0.777	-0.000801
2624	262.4	0.776	-0.000801
2625	262.5	0.775	-0.000802
2626	262.6	0.774	-0.000803
2627	262.7	0.773	-0.000803
2628	262.8	0.772	-0.000803
2629	262.9	0.771	-0.000804
2630	263	0.77	-0.000805
2631	263.1	0.769	-0.000805
2632	263.2	0.768	-0.000806
2633	263.3	0.767	-0.000806
2634	263.4	0.766	-0.000806
2635	263.5	0.765	-0.000806
2636	263.6	0.764	-0.000807
2637	263.7	0.763	-0.000806
2638	263.8	0.762	-0.000807
2639	263.9	0.761	-0.000809
2640	264	0.76	-0.000809
2641	264.1	0.759	-0.00081
2642	264.2	0.758	-0.00081
2643	264.3	0.757	-0.000809
2644	264.4	0.756	-0.000811
2645	264.5	0.755	-0.000811
2646	264.6	0.754	-0.000812
2647	264.7	0.753	-0.000811
2648	264.8	0.752	-0.000811
2649	264.9	0.751	-0.000812
2650	265	0.75	-0.000812
2651	265.1	0.749	-0.000812
2652	265.2	0.748	-0.000813
2653	265.3	0.747	-0.000813
2654	265.4	0.746	-0.000814
2655	265.5	0.745	-0.000814
2656	265.6	0.744	-0.000814
2657	265.7	0.743	-0.000815
2658	265.8	0.742	-0.000815
2659	265.9	0.741	-0.000815
2660	266	0.74	-0.000816
2661	266.1	0.739	-0.000816
2662	266.2	0.738	-0.000816
2663	266.3	0.737	-0.000817
2664	266.4	0.736	-0.000818
2665	266.5	0.735	-0.000818
2666	266.6	0.734	-0.000818
2667	266.7	0.733	-0.000818
2668	266.8	0.732	-0.000818
2669	266.9	0.731	-0.000818
2670	267	0.73	-0.000819
2671	267.1	0.729	-0.000819
2672	267.2	0.728	-0.000819
2673	267.3	0.727	-0.000819
2674	267.4	0.726	-0.000819
2675	267.5	0.725	-0.000819
2676	267.6	0.724	-0.000819
2677	267.7	0.723	-0.00082
2678	267.8	0.722	-0.000821
2679	267.9	0.721	-0.000821
2680	268	0.72	-0.000821
2681	268.1	0.719	-0.000822
2682	268.2	0.718	-0.000821
2683	268.3	0.717	-0.000822
2684	268.4	0.716	-0.000822
2685	268.5	0.715	-0.000822
2686	268.6	0.714	-0.000823
2687	268.7	0.713	-0.000823
2688	268.8	0.712	-0.000824
2689	268.9	0.711	-0.000824
2690	269	0.71	-0.000825
2691	269.1	0.709	-0.000825
2692	269.2	0.708	-0.000826
2693	269.3	0.707	-0.000826
2694	269.4	0.706	-0.000826
2695	269.5	0.705	-0.000826
2696	269.6	0.704	-0.000827
2697	269.7	0.703	-0.000827
2698	269.8	0.702	-0.000826
2699	269.9	0.701	-0.000826
2700	270	0.7	-0.000827
2701	270.1	0.699	-0.000828
2702	270.2	0.698	-0.000827
2703	270.3	0.697	-0.000826
2704	270.4	0.696	-0.000827
2705	270.5	0.695	-0.000827
2706	270.6	0.694	-0.000827
2707	270.7	0.693	-0.000829
2708	270.8	0.692	-0.000829
2709	270.9	0.691	-0.000829
2710	271	0.69	-0.000829
2711	271.1	0.689	-0.00083
2712	271.2	0.688	-0.000829
2713	271.3	0.687	-0.00083
2714	271.4	0.686	-0.00083
2715	271.5	0.685	-0.00083
2716	271.6	0.684	-0.000831
2717	271.7	0.683	-0.000831
2718	271.8	0.682	-0.000831
2719	271.9	0.681	-0.000832
2720	272	0.68	-0.000832
2721	272.1	0.679	-0.000832
2722	272.2	0.678	-0.000832
2723	272.3	0.677	-0.000833
2724	272.4	0.676	-0.000833
2725	272.5	0.675	-0.000833
2726	272.6	0.674	-0.000834
2727	272.7	0.673	-0.000834
2728	272.8	0.672	-0.000834
2729	272.9	0.671	-0.000835
2730	273	0.67	-0.000834
2731	273.1	0.669	-0.000835
2732	273.2	0.668	-0.000835
2733	273.3	0.667	-0.000836
2734	273.4	0.666	-0.000836
2735	273.5	0.665	-0.000836
2736	273.6	0.664	-0.000837
2737	273.7	0.663	-0.000838
2738	273.8	0.662	-0.000838
2739	273.9	0.661	-0.000837
2740	274	0.66	-0.000838
2741	274.1	0.659	-0.000838
2742	274.2	0.658	-0.000838
2743	274.3	0.657	-0.000838
2744	274.4	0.656	-0.000837
2745	274.5	0.655	-0.000837
2746	274.6	0.654	-0.000839
2747	274.7	0.653	-0.000839
2748	274.8	0.652	-0.000839
2749	274.9	0.651	-0.000839
2750	275	0.65	-0.00084
2751	275.1	0.649	-0.00084
2752	275.2	0.648	-0.00084
2753	275.3	0.647	-0.00084
2754	275.4	0.646	-0.00084
2755	275.5	0.645	-0.00084
2756	275.6	0.644	-0.00084
2757	275.7	0.643	-0.00084
2758	275.8	0.642	-0.000841
2759	275.9	0.641	-0.000841
2760	276	0.64	-0.000842
2761	276.1	0.639	-0.000842
2762	276.2	0.638	-0.000842
2763	276.3	0.637	-0.000842
2764	276.4	0.636	-0.000842
2765	276.5	0.635	-0.000842
2766	276.6	0.634	-0.000842
2767	276.7	0.633	-0.000842
2768	276.8	0.632	-0.000842
2769	276.9	0.631	-0.000843
2770	277	0.63	-0.000843
2771	277.1	0.629	-0.000843
2772	277.2	0.628	-0.000844
2773	277.3	0.627	-0.000845
2774	277.4	0.626	-0.000845
2775	277.5	0.625	-0.000845
2776	277.6	0.624	-0.000845
2777	277.7	0.623	-0.000844
2778	277.8	0.622	-0.000845
2779	277.9	0.621	-0.000845
2780	278	0.62	-0.000845
2781	278.1	0.619	-0.000845
2782	278.2	0.618	-0.000846
2783	278.3	0.617	-0.000846
2784	278.4	0.616	-0.000846
2785	278.5	0.615	-0.000847
2786	278.6	0.614	-0.000847
2787	278.7	0.613	-0.000847
2788	278.8	0.612	-0.000847
2789	278.9	0.611	-0.000847
2790	279	0.61	-0.000848
2791	279.1	0.609	-0.000848
2792	279.2	0.608	-0.000848
2793	279.3	0.607	-0.000848
2794	279.4	0.606	-0.000848
2795	279.5	0.605	-0.000848
2796	279.6	0.604	-0.000847
2797	279.7	0.603	-0.000848
2798	279.8	0.602	-0.000849
2799	279.9	0.601	-0.000848
2800	280	0.6	-0.000848
2801	280.1	0.599	-0.000849
2802	280.2	0.598	-0.000849
2803	280.3	0.597	-0.000849
2804	280.4	0.596	-0.000848
2805	280.5	0.595	-0.000848
2806	280.6	0.594	-0.000849
2807	280.7	0.593	-0.000849
2808	280.8	0.592	-0.00085
2809	280.9	0.591	-0.000849
2810	281	0.59	-0.00085
2811	281.1	0.589	-0.000852
2812	281.2	0.588	-0.000851
2813	281.3	0.587	-0.000851
2814	281.4	0.586	-0.000851
2815	281.5	0.585	-0.000852
2816	281.6	0.584	-0.000852
2817	281.7	0.583	-0.000852
2818	281.8	0.582	-0.000852
2819	281.9	0.581	-0.000852
2820	282	0.58	-0.000852
2821	282.1	0.579	-0.000852
2822	282.2	0.578	-0.000852
2823	282.3	0.577	-0.000852
2824	282.4	0.576	-0.000852
2825	282.5	0.575	-0.000853
2826	282.6	0.574	-0.000852
2827	282.7	0.573	-0.000854
2828	282.8	0.572	-0.000854
2829	282.9	0.571	-0.000854
2830	283	0.57	-0.000854
2831	283.1	0.569	-0.000855
2832	283.2	0.568	-0.000855
2833	283.3	0.567	-0.000856
2834	283.4	0.566	-0.000856
2835	283.5	0.565	-0.000855
2836	283.6	0.564	-0.000856
2837	283.7	0.563	-0.000856
2838	283.8	0.562	-0.000857
2839	283.9	0.561	-0.000857
2840	284	0.56	-0.000857
2841	284.1	0.559	-0.000857
2842	284.2	0.558	-0.000857
2843	284.3	0.557	-0.000858
2844	284.4	0.556	-0.000858
2845	284.5	0.555	-0.000858
2846	284.6	0.554	-0.000858
2847	284.7	0.553	-0.000858
2848	284.8	0.552	-0.000857
2849	284.9	0.551	-0.000857
2850	285	0.55	-0.000857
2851	285.1	0.549	-0.000858
2852	285.2	0.548	-0.000859
2853	285.3	0.547	-0.00086
2854	285.4	0.546	-0.000859
2855	285.5	0.545	-0.000859
2856	285.6	0.544	-0.000859
2857	285.7	0.543	-0.00086
2858	285.8	0.542	-0.00086
2859	285.9	0.541	-0.00086
2860	286	0.54	-0.000861
2861	286.1	0.539	-0.00086
2862	286.2	0.538	-0.000861
2863	286.3	0.537	-0.000862
2864	286.4	0.536	-0.000862
2865	286.5	0.535	-0.000863
2866	286.6	0.534	-0.000862
2867	286.7	0.533	-0.000863
2868	286.8	0.532	-0.000863
2869	286.9	0.531	-0.000863
2870	287	0.53	-0.000862
2871	287.1	0.529	-0.000863
2872	287.2	0.528	-0.000863
2873	287.3	0.527	-0.000863
2874	287.4	0.526	-0.000864
2875	287.5	0.525	-0.000865
2876	287.6	0.524	-0.000865
2877	287.7	0.523	-0.000866
2878	287.8	0.522	-0.000866
2879	287.9	0.521	-0.000866
2880	288	0.52	-0.000865
2881	288.1	0.519	-0.000866
2882	288.2	0.518	-0.000866
2883	288.3	0.517	-0.000866
2884	288.4	0.516	-0.000867
2885	288.5	0.515	-0.000866
2886	288.6	0.514	-0.000868
2887	288.7	0.513	-0.000868
2888	288.8	0.512	-0.000868
2889	288.9	0.511	-0.000869
2890	289	0.51	-0.000869
2891	289.1	0.509	-0.000869
2892	289.2	0.508	-0.00087
2893	289.3	0.507	-0.000871
2894	289.4	0.506	-0.000871
2895	289.5	0.505	-0.000871
2896	289.6	0.504	-0.00087
2897	289.7	0.503	-0.00087
2898	289.8	0.502	-0.000871
2899	289.9	0.501	-0.000872
2900	290	0.5	-0.000871
2901	290.1	0.499	-0.000872
2902	290.2	0.498	-0.000871
2903	290.3	0.497	-0.000871
2904	290.4	0.496	-0.000872
2905	290.5	0.495	-0.000872
2906	290.6	0.494	-0.000873
2907	290.7	0.493	-0.000874
2908	290.8	0.492	-0.000874
2909	290.9	0.491	-0.000874
2910	291	0.49	-0.000875
2911	291.1	0.489	-0.000875
2912	291.2	0.488	-0.000875
2913	291.3	0.487	-0.000876
2914	291.4	0.486	-0.000876
2915	291.5	0.485	-0.000877
2916	291.6	0.484	-0.000876
2917	291.7	0.483	-0.000876
2918	291.8	0.482	-0.000876
2919	291.9	0.481	-0.000877
2920	292	0.48	-0.000877
2921	292.1	0.479	-0.000878
2922	292.2	0.478	-0.000878
2923	292.3	0.477	-0.000877
2924	292.4	0.476	-0.000878
2925	292.5	0.475	-0.000879
2926	292.6	0.474	-0.00088
2927	292.7	0.473	-0.000881
2928	292.8	0.472	-0.000881
2929	292.9	0.471	-0.000882
2930	293	0.47	-0.000882
2931	293.1	0.469	-0.000883
2932	293.2	0.468	-0.000883
2933	293.3	0.467	-0.000883
2934	293.4	0.466	-0.000885
2935	293.5	0.465	-0.000885
2936	293.6	0.464	-0.000885
2937	293.7	0.463	-0.000886
2938	293.8	0.462	-0.000885
2939	293.9	0.461	-0.000886
2940	294	0.46	-0.000888
2941	294.1	0.459	-0.000887
2942	294.2	0.458	-0.000888
2943	294.3	0.457	-0.000889
2944	294.4	0.456	-0.000888
2945	294.5	0.455	-0.000889
2946	294.6	0.454	-0.00089
2947	294.7	0.453	-0.00089
2948	294.8	0.452	-0.000891
2949	294.9	0.451	-0.000891
2950	295	0.45	-0.000892
2951	295.1	0.449	-0.000892
2952	295.2	0.448	-0.000893
2953	295.3	0.447	-0.000893
2954	295.4	0.446	-0.000893
2955	295.5	0.445	-0.000894
2956	295.6	0.444	-0.000893
2957	295.7	0.443	-0.000894
2958	295.8	0.442	-0.000895
2959	295.9	0.441	-0.000895
2960	296	0.44	-0.000896
2961	296.1	0.439	-0.000896
2962	296.2	0.438	-0.000896
2963	296.3	0.437	-0.000897
2964	296.4	0.436	-0.000898
2965	296.5	0.435	-0.000898
2966	296.6	0.434	-0.000898
2967	296.7	0.433	-0.0009
2968	296.8	0.432	-0.0009
2969	296.9	0.431	-0.0009
2970	297	0.43	-0.0009
2971	297.1	0.429	-0.000901
2972	297.2	0.428	-0.000902
2973	297.3	0.427	-0.000902
2974	297.4	0.426	-0.000903
2975	297.5	0.425	-0.000903
2976	297.6	0.424	-0.000904
2977	297.7	0.423	-0.000904
2978	297.8	0.422	-0.000905
2979	297.9	0.421	-0.000906
2980	298	0.42	-0.000907
2981	298.1	0.419	-0.000907
2982	298.2	0.418	-0.000907
2983	298.3	0.417	-0.000907
2984	298.4	0.416	-0.000908
2985	298.5	0.415	-0.00091
2986	298.6	0.414	-0.00091
2987	298.7	0.413	-0.00091
2988	298.8	0.412	-0.000911
2989	298.9	0.411	-0.000911
2990	299	0.41	-0.000913
2991	299.1	0.409	-0.000914
2992	299.2	0.408	-0.000914
2993	299.3	0.407	-0.000915
2994	299.4	0.406	-0.000915
2995	299.5	0.405	-0.000916
2996	299.6	0.404	-0.000917
2997	299.7	0.403	-0.000918
2998	299.8	0.402	-0.000919
2999	299.9	0.401	-0.000919
3000	300	0.4	-0.000919
3001	300.1	0.399	-0.00092
3002	300.2	0.398	-0.00092
3003	300.3	0.397	-0.000921
3004	300.4	0.396	-0.000922
3005	300.5	0.395	-0.000924
3006	300.6	0.394	-0.000923
3007	300.7	0.393	-0.000924
3008	300.8	0.392	-0.000925
3009	300.9	0.391	-0.000926
3010	301	0.39	-0.000926
3011	301.1	0.389	-0.000927
3012	301.2	0.388	-0.000927
3013	301.3	0.387	-0.000927
3014	301.4	0.386	-0.000929
3015	301.5	0.385	-0.000929
3016	301.6	0.384	-0.00093
3017	301.7	0.383	-0.000931
3018	301.8	0.382	-0.00093
3019	301.9	0.381	-0.000932
3020	302	0.38	-0.000933
3021	302.1	0.379	-0.000933
3022	302.2	0.378	-0.000934
3023	302.3	0.377	-0.000935
3024	302.4	0.376	-0.000936
3025	302.5	0.375	-0.000937
3026	302.6	0.374	-0.000938
3027	302.7	0.373	-0.000939
3028	302.8	0.372	-0.00094
3029	302.9	0.371	-0.00094
3030	303	0.37	-0.000941
3031	303.1	0.369	-0.000941
3032	303.2	0.368	-0.000942
3033	303.3	0.367	-0.000944
3034	303.4	0.366	-0.000944
3035	303.5	0.365	-0.000945
3036	303.6	0.364	-0.000946
3037	303.7	0.363	-0.000946
3038	303.8	0.362	-0.000948
3039	303.9	0.361	-0.000948
3040	304	0.36	-0.000948
3041	304.1	0.359	-0.000949
3042	304.2	0.358	-0.000951
3043	304.3	0.357	-0.000952
3044	304.4	0.356	-0.000953
3045	304.5	0.355	-0.000953
3046	304.6	0.354	-0.000954
3047	304.7	0.353	-0.000955
3048	304.8	0.352	-0.000956
3049	304.9	0.351	-0.000957
3050	305	0.35	-0.000958
3051	305.1	0.349	-0.000959
3052	305.2	0.348	-0.00096
3053	305.3	0.347	-0.00096
3054	305.4	0.346	-0.000961
3055	305.5	0.345	-0.000963
3056	305.6	0.344	-0.000964
3057	305.7	0.343	-0.000964
3058	305.8	0.342	-0.000966
3059	305.9	0.341	-0.000967
3060	306	0.34	-0.000967
3061	306.1	0.339	-0.000968
3062	306.2	0.338	-0.000968
3063	306.3	0.337	-0.00097
3064	306.4	0.336	-0.000972
3065	306.5	0.335	-0.000973
3066	306.6	0.334	-0.000974
3067	306.7	0.333	-0.000974
3068	306.8	0.332	-0.000975
3069	306.9	0.331	-0.000976
3070	307	0.33	-0.000977
3071	307.1	0.329	-0.000979
3072	307.2	0.328	-0.000979
3073	307.3	0.327	-0.00098
3074	307.4	0.326	-0.000981
3075	307.5	0.325	-0.000982
3076	307.6	0.324	-0.000983
3077	307.7	0.323	-0.000984
3078	307.8	0.322	-0.000985
3079	307.9	0.321	-0.000986
3080	308	0.32	-0.000987
3081	308.1	0.319	-0.000989
3082	308.2	0.318	-0.00099
3083	308.3	0.317	-0.000991
3084	308.4	0.316	-0.000993
3085	308.5	0.315	-0.000992
3086	308.6	0.314	-0.000994
3087	308.7	0.313	-0.000996
3088	308.8	0.312	-0.000998
3089	308.9	0.311	-0.000998
3090	309	0.31	-0.000999
3091	309.1	0.309	-0.001
3092	309.2	0.308	-0.001002
3093	309.3	0.307	-0.001003
3094	309.4	0.306	-0.001005
3095	309.5	0.305	-0.001006
3096	309.6	0.304	-0.001006
3097	309.7	0.303	-0.001007
3098	309.8	0.302	-0.001008
3099	309.9	0.301	-0.001009
3100	310	0.3	-0.001012
3101	310.1	0.299	-0.001013
3102	310.2	0.298	-0.001015
3103	310.3	0.297	-0.001016
3104	310.4	0.296	-0.001018
3105	310.5	0.295	-0.001019
3106	310.6	0.294	-0.001019
3107	310.7	0.293	-0.001021
3108	310.8	0.292	-0.001023
3109	310.9	0.291	-0.001024
3110	311	0.29	-0.001024
3111	311.1	0.289	-0.001026
3112	311.2	0.288	-0.001028
3113	311.3	0.287	-0.00103
3114	311.4	0.286	-0.001031
3115	311.5	0.285	-0.001032
3116	311.6	0.284	-0.001033
3117	311.7	0.283	-0.001034
3118	311.8	0.282	-0.001036
3119	311.9	0.281	-0.001038
3120	312	0.28	-0.001039
3121	312.1	0.279	-0.001041
3122	312.2	0.278	-0.001042
3123	312.3	0.277	-0.001043
3124	312.4	0.276	-0.001045
3125	312.5	0.275	-0.001047
3126	312.6	0.274	-0.001049
3127	312.7	0.273	-0.00105
3128	312.8	0.272	-0.001052
3129	312.9	0.271	-0.001053
3130	313	0.27	-0.001055
3131	313.1	0.269	-0.001058
3132	313.2	0.268	-0.001058
3133	313.3	0.267	-0.00106
3134	313.4	0.266	-0.001062
3135	313.5	0.265	-0.001063
3136	313.6	0.264	-0.001065
3137	313.7	0.263	-0.001067
3138	313.8	0.262	-0.001069
3139	313.9	0.261	-0.001069
3140	314	0.26	-0.001072
3141	314.1	0.259	-0.001074
3142	314.2	0.258	-0.001076
3143	314.3	0.257	-0.001078
3144	314.4	0.256	-0.00108
3145	314.5	0.255	-0.001081
3146	314.6	0.254	-0.001083
3147	314.7	0.253	-0.001085
3148	314.8	0.252	-0.001087
3149	314.9	0.251	-0.001089
3150	315	0.25	-0.00109
3151	315.1	0.249	-0.001093
3152	315.2	0.248	-0.001095
3153	315.3	0.247	-0.001097
3154	315.4	0.246	-0.001099
3155	315.5	0.245	-0.0011
3156	315.6	0.244	-0.001102
3157	315.7	0.243	-0.001103
3158	315.8	0.242	-0.001106
3159	315.9	0.241	-0.001108
3160	316	0.24	-0.00111
3161	316.1	0.239	-0.001113
3162	316.2	0.238	-0.001115
3163	316.3	0.237	-0.001118
3164	316.4	0.236	-0.001119
3165	316.5	0.235	-0.001121
3166	316.6	0.234	-0.001124
3167	316.7	0.233	-0.001126
3168	316.8	0.232	-0.001129
3169	316.9	0.231	-0.001132
3170	317	0.23	-0.001134
3171	317.1	0.229	-0.001136
3172	317.2	0.228	-0.001139
3173	317.3	0.227	-0.001141
3174	317.4	0.226	-0.001143
3175	317.5	0.225	-0.001145
3176	317.6	0.224	-0.001148
3177	317.7	0.223	-0.001151
3178	317.8	0.222	-0.001153
3179	317.9	0.221	-0.001156
3180	318	0.22	-0.001159
3181	318.1	0.219	-0.001162
3182	318.2	0.218	-0.001165
3183	318.3	0.217	-0.001167
3184	318.4	0.216	-0.00117
3185	318.5	0.215	-0.001173
3186	318.6	0.214	-0.001175
3187	318.7	0.213	-0.001178
3188	318.8	0.212	-0.001181
3189	318.9	0.211	-0.001183
3190	319	0.21	-0.001187
3191	319.1	0.209	-0.00119
3192	319.2	0.208	-0.001193
3193	319.3	0.207	-0.001197
3194	319.4	0.206	-0.001199
3195	319.5	0.205	-0.001203
3196	319.6	0.204	-0.001207
3197	319.7	0.203	-0.00121
3198	319.8	0.202	-0.001213
3199	319.9	0.201	-0.001216
CURVE	TABLE	3200
Pt	T	Vf	Im
#	s	V vs. Ref.	A
0	0	0.2	-0.001988
1	0.05	0.201	-0.001866
2	0.1	0.202	-0.001751
3	0.15	0.203	-0.001652
4	0.2	0.204	-0.001566
5	0.25	0.205	-0.00149
6	0.3	0.206	-0.001421
7	0.35	0.207	-0.001359
8	0.4	0.208	-0.001301
9	0.45	0.209	-0.001248
10	0.5	0.21	-0.001199
11	0.55	0.211	-0.001153
12	0.6	0.212	-0.001109
13	0.65	0.213	-0.001068
14	0.7	0.214	-0.001028
15	0.75	0.215	-0.000989
16	0.8	0.216	-0.000954
17	0.85	0.217	-0.000921
18	0.9	0.218	-0.000888
19	0.95	0.219	-0.000857
20	1	0.22	-0.000827
21	1.05	0.221	-0.000798
22	1.1	0.222	-0.000771
23	1.15	0.223	-0.000743
24	1.2	0.224	-0.000718
25	1.25	0.225	-0.000692
26	1.3	0.226	-0.000669
27	1.35	0.227	-0.000645
28	1.4	0.228	-0.000621
29	1.45	0.229	-0.0006
30	1.5	0.23	-0.000579
31	1.55	0.231	-0.000559
32	1.6	0.232	-0.000539
33	1.65	0.233	-0.000519
34	1.7	0.234	-0.000501
35	1.75	0.235	-0.000483
36	1.8	0.236	-0.000465
37	1.85	0.237	-0.000449
38	1.9	0.238	-0.000433
39	1.95	0.239	-0.000416
40	2	0.24	-0.0004
41	2.05	0.241	-0.000386
42	2.1	0.242	-0.000371
43	2.15	0.243	-0.000356
44	2.2	0.244	-0.000341
45	2.25	0.245	-0.000328
46	2.3	0.246	-0.000315
47	2.35	0.247	-0.000304
48	2.4	0.248	-0.000291
49	2.45	0.249	-0.000279
50	2.5	0.25	-0.000267
51	2.55	0.251	-0.000257
52	2.6	0.252	-0.000245
53	2.65	0.253	-0.000235
54	2.7	0.254	-0.000225
55	2.75	0.255	-0.000215
56	2.8	0.256	-0.000205
57	2.85	0.257	-0.000196
58	2.9	0.258	-0.000187
59	2.95	0.259	-0.000179
60	3	0.26	-0.00017
61	3.05	0.261	-0.000163
62	3.1	0.262	-0.000155
63	3.15	0.263	-0.000148
64	3.2	0.264	-0.000141
65	3.25	0.265	-0.000134
66	3.3	0.266	-0.000126
67	3.35	0.267	-0.000119
68	3.4	0.268	-0.000112
69	3.45	0.269	-0.000107
70	3.5	0.27	-0.000101
71	3.55	0.271	-9.5e-05
72	3.6	0.272	-8.95e-05
73	3.65	0.273	-8.44e-05
74	3.7	0.274	-7.95e-05
75	3.75	0.275	-7.47e-05
76	3.8	0.276	-6.93e-05
77	3.85	0.277	-6.53e-05
78	3.9	0.278	-6.11e-05
79	3.95	0.279	-5.64e-05
80	4	0.28	-5.27e-05
81	4.05	0.281	-4.85e-05
82	4.1	0.282	-4.5e-05
83	4.15	0.283	-4.05e-05
84	4.2	0.284	-3.67e-05
85	4.25	0.285	-3.31e-05
86	4.3	0.286	-3.02e-05
87	4.35	0.287	-2.71e-05
88	4.4	0.288	-2.43e-05
89	4.45	0.289	-2.29e-05
90	4.5	0.29	-1.97e-05
91	4.55	0.291	-1.66e-05
92	4.6	0.292	-1.32e-05
93	4.65	0.293	-1.02e-05
94	4.7	0.294	-8.68e-06
95	4.75	0.295	-7.23e-06
96	4.8	0.296	-5.23e-06
97	4.85	0.297	-2.74e-06
98	4.9	0.298	-8.13e-07
99	4.95	0.299	1.6e-06
100	5	0.3	3.6e-06
101	5.05	0.301	5.69e-06
102	5.1	0.302	6.81e-06
103	5.15	0.303	8.58e-06
104	5.2	0.304	1.18e-05
105	5.25	0.305	1.37e-05
106	5.3	0.306	1.53e-05
107	5.35	0.307	1.65e-05
108	5.4	0.308	1.88e-05
109	5.45	0.309	1.88e-05
110	5.5	0.31	2.01e-05
111	5.55	0.311	2.13e-05
112	5.6	0.312	2.22e-05
113	5.65	0.313	2.38e-05
114	5.7	0.314	2.5e-05
115	5.75	0.315	2.58e-05
116	5.8	0.316	2.73e-05
117	5.85	0.317	2.87e-05
118	5.9	0.318	3.03e-05
119	5.95	0.319	3.26e-05
120	6	0.32	3.31e-05
121	6.05	0.321	3.51e-05
122	6.1	0.322	3.58e-05
123	6.15	0.323	3.72e-05
124	6.2	0.324	3.88e-05
125	6.25	0.325	4.01e-05
126	6.3	0.326	4.24e-05
127	6.35	0.327	4.42e-05
128	6.4	0.328	4.62e-05
129	6.45	0.329	4.86e-05
130	6.5	0.33	5.06e-05
131	6.55	0.331	5.19e-05
132	6.6	0.332	5.42e-05
133	6.65	0.333	5.64e-05
134	6.7	0.334	5.91e-05
135	6.75	0.335	6.09e-05
136	6.8	0.336	6.46e-05
137	6.85	0.337	6.75e-05
138	6.9	0.338	7.05e-05
139	6.95	0.339	7.43e-05
140	7	0.34	7.72e-05
141	7.05	0.341	8.33e-05
142	7.1	0.342	8.76e-05
143	7.15	0.343	9.19e-05
144	7.2	0.344	9.65e-05
145	7.25	0.345	0.000101
146	7.3	0.346	0.000107
147	7.35	0.347	0.000112
148	7.4	0.348	0.000118
149	7.45	0.349	0.000123
150	7.5	0.35	0.00013
151	7.55	0.351	0.000136
152	7.6	0.352	0.000143
153	7.65	0.353	0.00015
154	7.7	0.354	0.000157
155	7.75	0.355	0.000164
156	7.8	0.356	0.000173
157	7.85	0.357	0.000179
158	7.9	0.358	0.000187
159	7.95	0.359	0.000195
160	8	0.36	0.000202
161	8.05	0.361	0.000209
162	8.1	0.362	0.000218
163	8.15	0.363	0.000225
164	8.2	0.364	0.000234
165	8.25	0.365	0.000242
166	8.3	0.366	0.00025
167	8.35	0.367	0.000257
168	8.4	0.368	0.000267
169	8.45	0.369	0.000274
170	8.5	0.37	0.000284
171	8.55	0.371	0.000292
172	8.6	0.372	0.000301
173	8.65	0.373	0.000308
174	8.7	0.374	0.000317
175	8.75	0.375	0.000324
176	8.8	0.376	0.000334
177	8.85	0.377	0.000342
178	8.9	0.378	0.00035
179	8.95	0.379	0.000358
180	9	0.38	0.000367
181	9.05	0.381	0.000375
182	9.1	0.382	0.000383
183	9.15	0.383	0.000391
184	9.2	0.384	0.000401
185	9.25	0.385	0.000409
186	9.3	0.386	0.000418
187	9.35	0.387	0.000426
188	9.4	0.388	0.000436
189	9.45	0.389	0.000444
190	9.5	0.39	0.000454
191	9.55	0.391	0.000462
192	9.6	0.392	0.000472
193	9.65	0.393	0.00048
194	9.7	0.394	0.000489
195	9.75	0.395	0.000499
196	9.8	0.396	0.000509
197	9.85	0.397	0.000517
198	9.9	0.398	0.000527
199	9.95	0.399	0.000535
200	10	0.4	0.000545
201	10.05	0.401	0.000553
202	10.1	0.402	0.000561
203	10.15	0.403	0.00057
204	10.2	0.404	0.000579
205	10.25	0.405	0.000586
206	10.3	0.406	0.000595
207	10.35	0.407	0.000602
208	10.4	0.408	0.00061
209	10.45	0.409	0.000617
210	10.5	0.41	0.000627
211	10.55	0.411	0.000634
212	10.6	0.412	0.000642
213	10.65	0.413	0.000649
214	10.7	0.414	0.000656
215	10.75	0.415	0.000662
216	10.8	0.416	0.000669
217	10.85	0.417	0.000676
218	10.9	0.418	0.000684
219	10.95	0.419	0.00069
220	11	0.42	0.000697
221	11.05	0.421	0.000703
222	11.1	0.422	0.00071
223	11.15	0.423	0.000715
224	11.2	0.424	0.00072
225	11.25	0.425	0.000726
226	11.3	0.426	0.000732
227	11.35	0.427	0.000737
228	11.4	0.428	0.000743
229	11.45	0.429	0.000748
230	11.5	0.43	0.000753
231	11.55	0.431	0.000758
232	11.6	0.432	0.000762
233	11.65	0.433	0.000767
234	11.7	0.434	0.000772
235	11.75	0.435	0.000777
236	11.8	0.436	0.000781
237	11.85	0.437	0.000785
238	11.9	0.438	0.00079
239	11.95	0.439	0.000794
240	12	0.44	0.000798
241	12.05	0.441	0.000802
242	12.1	0.442	0.000806
243	12.15	0.443	0.00081
244	12.2	0.444	0.000814
245	12.25	0.445	0.000818
246	12.3	0.446	0.000822
247	12.35	0.447	0.000826
248	12.4	0.448	0.000829
249	12.45	0.449	0.000832
250	12.5	0.45	0.000835
251	12.55	0.451	0.000838
252	12.6	0.452	0.000843
253	12.65	0.453	0.000845
254	12.7	0.454	0.000848
255	12.75	0.455	0.000852
256	12.8	0.456	0.000855
257	12.85	0.457	0.000858
258	12.9	0.458	0.00086
259	12.95	0.459	0.000863
260	13	0.46	0.000867
261	13.05	0.461	0.00087
262	13.1	0.462	0.000874
263	13.15	0.463	0.000877
264	13.2	0.464	0.00088
265	13.25	0.465	0.000883
266	13.3	0.466	0.000886
267	13.35	0.467	0.000889
268	13.4	0.468	0.000891
269	13.45	0.469	0.000894
270	13.5	0.47	0.000897
271	13.55	0.471	0.000899
272	13.6	0.472	0.000901
273	13.65	0.473	0.000904
274	13.7	0.474	0.000908
275	13.75	0.475	0.000911
276	13.8	0.476	0.000913
277	13.85	0.477	0.000915
278	13.9	0.478	0.000918
279	13.95	0.479	0.000921
280	14	0.48	0.000923
281	14.05	0.481	0.000926
282	14.1	0.482	0.000929
283	14.15	0.483	0.000931
284	14.2	0.484	0.000934
285	14.25	0.485	0.000937
286	14.3	0.486	0.000939
287	14.35	0.487	0.000941
288	14.4	0.488	0.000942
289	14.45	0.489	0.000945
290	14.5	0.49	0.000948
291	14.55	0.491	0.00095
292	14.6	0.492	0.000952
293	14.65	0.493	0.000955
294	14.7	0.494	0.000957
295	14.75	0.495	0.00096
296	14.8	0.496	0.000962
297	14.85	0.497	0.000963
298	14.9	0.498	0.000966
299	14.95	0.499	0.000969
300	15	0.5	0.000971
301	15.05	0.501	0.000973
302	15.1	0.502	0.000976
303	15.15	0.503	0.000978
304	15.2	0.504	0.000979
305	15.25	0.505	0.000981
306	15.3	0.506	0.000984
307	15.35	0.507	0.000986
308	15.4	0.508	0.000988
309	15.45	0.509	0.00099
310	15.5	0.51	0.000993
311	15.55	0.511	0.000994
312	15.6	0.512	0.000996
313	15.65	0.513	0.000998
314	15.7	0.514	0.000999
315	15.75	0.515	0.001002
316	15.8	0.516	0.001005
317	15.85	0.517	0.001007
318	15.9	0.518	0.001009
319	15.95	0.519	0.00101
320	16	0.52	0.001012
321	16.05	0.521	0.001015
322	16.1	0.522	0.001016
323	16.15	0.523	0.001018
324	16.2	0.524	0.001021
325	16.25	0.525	0.001022
326	16.3	0.526	0.001025
327	16.35	0.527	0.001027
328	16.4	0.528	0.001028
329	16.45	0.529	0.00103
330	16.5	0.53	0.001032
331	16.55	0.531	0.001035
332	16.6	0.532	0.001036
333	16.65	0.533	0.001039
334	16.7	0.534	0.001041
335	16.75	0.535	0.001043
336	16.8	0.536	0.001044
337	16.85	0.537	0.001046
338	16.9	0.538	0.001048
339	16.95	0.539	0.00105
340	17	0.54	0.001052
341	17.05	0.541	0.001053
342	17.1	0.542	0.001055
343	17.15	0.543	0.001057
344	17.2	0.544	0.001058
345	17.25	0.545	0.00106
346	17.3	0.546	0.001062
347	17.35	0.547	0.001065
348	17.4	0.548	0.001067
349	17.45	0.549	0.001068
350	17.5	0.55	0.00107
351	17.55	0.551	0.001073
352	17.6	0.552	0.001074
353	17.65	0.553	0.001076
354	17.7	0.554	0.001077
355	17.75	0.555	0.001079
356	17.8	0.556	0.00108
357	17.85	0.557	0.001082
358	17.9	0.558	0.001084
359	17.95	0.559	0.001085
360	18	0.56	0.001087
361	18.05	0.561	0.001089
362	18.1	0.562	0.00109
363	18.15	0.563	0.001092
364	18.2	0.564	0.001094
365	18.25	0.565	0.001095
366	18.3	0.566	0.001097
367	18.35	0.567	0.001099
368	18.4	0.568	0.001101
369	18.45	0.569	0.001103
370	18.5	0.57	0.001102
371	18.55	0.571	0.001104
372	18.6	0.572	0.001105
373	18.65	0.573	0.001107
374	18.7	0.574	0.001109
375	18.75	0.575	0.001111
376	18.8	0.576	0.001112
377	18.85	0.577	0.001115
378	18.9	0.578	0.001115
379	18.95	0.579	0.001118
380	19	0.58	0.001118
381	19.05	0.581	0.001119
382	19.1	0.582	0.001121
383	19.15	0.583	0.001123
384	19.2	0.584	0.001124
385	19.25	0.585	0.001127
386	19.3	0.586	0.001128
387	19.35	0.587	0.00113
388	19.4	0.588	0.001131
389	19.45	0.589	0.001134
390	19.5	0.59	0.001135
391	19.55	0.591	0.001137
392	19.6	0.592	0.001137
393	19.65	0.593	0.001139
394	19.7	0.594	0.00114
395	19.75	0.595	0.001141
396	19.8	0.596	0.001143
397	19.85	0.597	0.001144
398	19.9	0.598	0.001145
399	19.95	0.599	0.001147
400	20	0.6	0.001149
401	20.05	0.601	0.001151
402	20.1	0.602	0.001152
403	20.15	0.603	0.001153
404	20.2	0.604	0.001156
405	20.25	0.605	0.001157
406	20.3	0.606	0.001157
407	20.35	0.607	0.001159
408	20.4	0.608	0.001161
409	20.45	0.609	0.001163
410	20.5	0.61	0.001163
411	20.55	0.611	0.001165
412	20.6	0.612	0.001166
413	20.65	0.613	0.001167
414	20.7	0.614	0.001168
415	20.75	0.615	0.001171
416	20.8	0.616	0.001172
417	20.85	0.617	0.001173
418	20.9	0.618	0.001174
419	20.95	0.619	0.001175
420	21	0.62	0.001176
421	21.05	0.621	0.001179
422	21.1	0.622	0.001181
423	21.15	0.623	0.001182
424	21.2	0.624	0.001183
425	21.25	0.625	0.001185
426	21.3	0.626	0.001186
427	21.35	0.627	0.001186
428	21.4	0.628	0.001188
429	21.45	0.629	0.00119
430	21.5	0.63	0.00119
431	21.55	0.631	0.001193
432	21.6	0.632	0.001192
433	21.65	0.633	0.001195
434	21.7	0.634	0.001195
435	21.75	0.635	0.001197
436	21.8	0.636	0.001198
437	21.85	0.637	0.0012
438	21.9	0.638	0.0012
439	21.95	0.639	0.001202
440	22	0.64	0.001202
441	22.05	0.641	0.001204
442	22.1	0.642	0.001205
443	22.15	0.643	0.001207
444	22.2	0.644	0.001208
445	22.25	0.645	0.00121
446	22.3	0.646	0.001211
447	22.35	0.647	0.001212
448	22.4	0.648	0.001213
449	22.45	0.649	0.001215
450	22.5	0.65	0.001215
451	22.55	0.651	0.001217
452	22.6	0.652	0.001219
453	22.65	0.653	0.00122
454	22.7	0.654	0.001221
455	22.75	0.655	0.001222
456	22.8	0.656	0.001224
457	22.85	0.657	0.001225
458	22.9	0.658	0.001225
459	22.95	0.659	0.001227
460	23	0.66	0.001228
461	23.05	0.661	0.001229
462	23.1	0.662	0.001229
463	23.15	0.663	0.00123
464	23.2	0.664	0.001232
465	23.25	0.665	0.001233
466	23.3	0.666	0.001234
467	23.35	0.667	0.001234
468	23.4	0.668	0.001236
469	23.45	0.669	0.001237
470	23.5	0.67	0.001239
471	23.55	0.671	0.00124
472	23.6	0.672	0.001241
473	23.65	0.673	0.001243
474	23.7	0.674	0.001243
475	23.75	0.675	0.001245
476	23.8	0.676	0.001244
477	23.85	0.677	0.001247
478	23.9	0.678	0.001247
479	23.95	0.679	0.001249
480	24	0.68	0.00125
481	24.05	0.681	0.001251
482	24.1	0.682	0.001251
483	24.15	0.683	0.001252
484	24.2	0.684	0.001254
485	24.25	0.685	0.001255
486	24.3	0.686	0.001256
487	24.35	0.687	0.001257
488	24.4	0.688	0.001259
489	24.45	0.689	0.00126
490	24.5	0.69	0.001261
491	24.55	0.691	0.001261
492	24.6	0.692	0.001261
493	24.65	0.693	0.001262
494	24.7	0.694	0.001264
495	24.75	0.695	0.001265
496	24.8	0.696	0.001266
497	24.85	0.697	0.001267
498	24.9	0.698	0.001268
499	24.95	0.699	0.001269
500	25	0.7	0.00127
501	25.05	0.701	0.001272
502	25.1	0.702	0.001273
503	25.15	0.703	0.001274
504	25.2	0.704	0.001275
505	25.25	0.705	0.001276
506	25.3	0.706	0.001277
507	25.35	0.707	0.001278
508	25.4	0.708	0.001279
509	25.45	0.709	0.00128
510	25.5	0.71	0.001281
511	25.55	0.711	0.001283
512	25.6	0.712	0.001283
513	25.65	0.713	0.001284
514	25.7	0.714	0.001285
515	25.75	0.715	0.001286
516	25.8	0.716	0.001287
517	25.85	0.717	0.001288
518	25.9	0.718	0.00129
519	25.95	0.719	0.001291
520	26	0.72	0.001291
521	26.05	0.721	0.001291
522	26.1	0.722	0.001293
523	26.15	0.723	0.001293
524	26.2	0.724	0.001294
525	26.25	0.725	0.001294
526	26.3	0.726	0.001295
527	26.35	0.727	0.001296
528	26.4	0.728	0.001297
529	26.45	0.729	0.001297
530	26.5	0.73	0.001299
531	26.55	0.731	0.001301
532	26.6	0.732	0.0013
533	26.65	0.733	0.001301
534	26.7	0.734	0.001302
535	26.75	0.735	0.001303
536	26.8	0.736	0.001303
537	26.85	0.737	0.001304
538	26.9	0.738	0.001305
539	26.95	0.739	0.001305
540	27	0.74	0.001307
541	27.05	0.741	0.001308
542	27.1	0.742	0.00131
543	27.15	0.743	0.00131
544	27.2	0.744	0.001311
545	27.25	0.745	0.001312
546	27.3	0.746	0.001312
547	27.35	0.747	0.001313
548	27.4	0.748	0.001316
549	27.45	0.749	0.001316
550	27.5	0.75	0.001316
551	27.55	0.751	0.001317
552	27.6	0.752	0.001318
553	27.65	0.753	0.001318
554	27.7	0.754	0.001319
555	27.75	0.755	0.00132
556	27.8	0.756	0.001321
557	27.85	0.757	0.001321
558	27.9	0.758	0.001323
559	27.95	0.759	0.001324
560	28	0.76	0.001325
561	28.05	0.761	0.001325
562	28.1	0.762	0.001326
563	28.15	0.763	0.001326
564	28.2	0.764	0.001327
565	28.25	0.765	0.001327
566	28.3	0.766	0.001329
567	28.35	0.767	0.00133
568	28.4	0.768	0.00133
569	28.45	0.769	0.001332
570	28.5	0.77	0.001334
571	28.55	0.771	0.001334
572	28.6	0.772	0.001335
573	28.65	0.773	0.001336
574	28.7	0.774	0.001336
575	28.75	0.775	0.001336
576	28.8	0.776	0.001338
577	28.85	0.777	0.001339
578	28.9	0.778	0.00134
579	28.95	0.779	0.001341
580	29	0.78	0.00134
581	29.05	0.781	0.001341
582	29.1	0.782	0.001343
583	29.15	0.783	0.001343
584	29.2	0.784	0.001344
585	29.25	0.785	0.001345
586	29.3	0.786	0.001345
587	29.35	0.787	0.001346
588	29.4	0.788	0.001347
589	29.45	0.789	0.001347
590	29.5	0.79	0.001348
591	29.55	0.791	0.001349
592	29.6	0.792	0.001349
593	29.65	0.793	0.00135
594	29.7	0.794	0.001351
595	29.75	0.795	0.001353
596	29.8	0.796	0.001353
597	29.85	0.797	0.001354
598	29.9	0.798	0.001355
599	29.95	0.799	0.001354
600	30	0.8	0.001356
601	30.05	0.801	0.001356
602	30.1	0.802	0.001358
603	30.15	0.803	0.001358
604	30.2	0.804	0.001359
605	30.25	0.805	0.001359
606	30.3	0.806	0.00136
607	30.35	0.807	0.00136
608	30.4	0.808	0.001361
609	30.45	0.809	0.001362
610	30.5	0.81	0.001363
611	30.55	0.811	0.001362
612	30.6	0.812	0.001363
613	30.65	0.813	0.001363
614	30.7	0.814	0.001364
615	30.75	0.815	0.001364
616	30.8	0.816	0.001366
617	30.85	0.817	0.001365
618	30.9	0.818	0.001366
619	30.95	0.819	0.001367
620	31	0.82	0.00137
621	31.05	0.821	0.00137
622	31.1	0.822	0.001371
623	31.15	0.823	0.001371
624	31.2	0.824	0.001371
625	31.25	0.825	0.001372
626	31.3	0.826	0.001373
627	31.35	0.827	0.001373
628	31.4	0.828	0.001374
629	31.45	0.829	0.001374
630	31.5	0.83	0.001375
631	31.55	0.831	0.001375
632	31.6	0.832	0.001376
633	31.65	0.833	0.001376
634	31.7	0.834	0.001377
635	31.75	0.835	0.001377
636	31.8	0.836	0.001378
637	31.85	0.837	0.001377
638	31.9	0.838	0.001378
639	31.95	0.839	0.001378
640	32	0.84	0.00138
641	32.05	0.841	0.00138
642	32.1	0.842	0.00138
643	32.15	0.843	0.00138
644	32.2	0.844	0.001381
645	32.25	0.845	0.001381
646	32.3	0.846	0.001383
647	32.35	0.847	0.001383
648	32.4	0.848	0.001383
649	32.45	0.849	0.001384
650	32.5	0.85	0.001384
651	32.55	0.851	0.001385
652	32.6	0.852	0.001387
653	32.65	0.853	0.001386
654	32.7	0.854	0.001386
655	32.75	0.855	0.001387
656	32.8	0.856	0.001387
657	32.85	0.857	0.001387
658	32.9	0.858	0.001388
659	32.95	0.859	0.001389
660	33	0.86	0.001389
661	33.05	0.861	0.001389
662	33.1	0.862	0.00139
663	33.15	0.863	0.00139
664	33.2	0.864	0.001392
665	33.25	0.865	0.001391
666	33.3	0.866	0.001391
667	33.35	0.867	0.001392
668	33.4	0.868	0.001393
669	33.45	0.869	0.001394
670	33.5	0.87	0.001394
671	33.55	0.871	0.001395
672	33.6	0.872	0.001396
673	33.65	0.873	0.001395
674	33.7	0.874	0.001396
675	33.75	0.875	0.001396
676	33.8	0.876	0.001396
677	33.85	0.877	0.001397
678	33.9	0.878	0.001399
679	33.95	0.879	0.001398
680	34	0.88	0.001399
681	34.05	0.881	0.001399
682	34.1	0.882	0.0014
683	34.15	0.883	0.0014
684	34.2	0.884	0.0014
685	34.25	0.885	0.0014
686	34.3	0.886	0.001401
687	34.35	0.887	0.001401
688	34.4	0.888	0.001402
689	34.45	0.889	0.001402
690	34.5	0.89	0.001403
691	34.55	0.891	0.001403
692	34.6	0.892	0.001404
693	34.65	0.893	0.001403
694	34.7	0.894	0.001405
695	34.75	0.895	0.001404
696	34.8	0.896	0.001405
697	34.85	0.897	0.001404
698	34.9	0.898	0.001405
699	34.95	0.899	0.001404
700	35	0.9	0.001406
701	35.05	0.901	0.001405
702	35.1	0.902	0.001406
703	35.15	0.903	0.001406
704	35.2	0.904	0.001407
705	35.25	0.905	0.001409
706	35.3	0.906	0.001409
707	35.35	0.907	0.001408
708	35.4	0.908	0.00141
709	35.45	0.909	0.001411
710	35.5	0.91	0.001412
711	35.55	0.911	0.001411
712	35.6	0.912	0.001411
713	35.65	0.913	0.001411
714	35.7	0.914	0.001412
715	35.75	0.915	0.001412
716	35.8	0.916	0.001412
717	35.85	0.917	0.001413
718	35.9	0.918	0.001413
719	35.95	0.919	0.001413
720	36	0.92	0.001413
721	36.05	0.921	0.001413
722	36.1	0.922	0.001415
723	36.15	0.923	0.001416
724	36.2	0.924	0.001416
725	36.25	0.925	0.001415
726	36.3	0.926	0.001416
727	36.35	0.927	0.001416
728	36.4	0.928	0.001416
729	36.45	0.929	0.001417
730	36.5	0.93	0.001418
731	36.55	0.931	0.001418
732	36.6	0.932	0.001418
733	36.65	0.933	0.001418
734	36.7	0.934	0.001419
735	36.75	0.935	0.001419
736	36.8	0.936	0.001419
737	36.85	0.937	0.00142
738	36.9	0.938	0.00142
739	36.95	0.939	0.00142
740	37	0.94	0.001421
741	37.05	0.941	0.001421
742	37.1	0.942	0.001421
743	37.15	0.943	0.001421
744	37.2	0.944	0.001421
745	37.25	0.945	0.001421
746	37.3	0.946	0.001422
747	37.35	0.947	0.001423
748	37.4	0.948	0.001423
749	37.45	0.949	0.001423
750	37.5	0.95	0.001423
751	37.55	0.951	0.001424
752	37.6	0.952	0.001423
753	37.65	0.953	0.001424
754	37.7	0.954	0.001424
755	37.75	0.955	0.001424
756	37.8	0.956	0.001425
757	37.85	0.957	0.001425
758	37.9	0.958	0.001426
759	37.95	0.959	0.001426
760	38	0.96	0.001426
761	38.05	0.961	0.001428
762	38.1	0.962	0.001428
763	38.15	0.963	0.001428
764	38.2	0.964	0.001428
765	38.25	0.965	0.001428
766	38.3	0.966	0.001428
767	38.35	0.967	0.001428
768	38.4	0.968	0.001429
769	38.45	0.969	0.001428
770	38.5	0.97	0.001429
771	38.55	0.971	0.001429
772	38.6	0.972	0.00143
773	38.65	0.973	0.00143
774	38.7	0.974	0.001431
775	38.75	0.975	0.00143
776	38.8	0.976	0.00143
777	38.85	0.977	0.00143
778	38.9	0.978	0.00143
779	38.95	0.979	0.001431
780	39	0.98	0.001431
781	39.05	0.981	0.001431
782	39.1	0.982	0.001431
783	39.15	0.983	0.001431
784	39.2	0.984	0.001432
785	39.25	0.985	0.001432
786	39.3	0.986	0.001432
787	39.35	0.987	0.001432
788	39.4	0.988	0.001432
789	39.45	0.989	0.001432
790	39.5	0.99	0.001432
791	39.55	0.991	0.001432
792	39.6	0.992	0.001431
793	39.65	0.993	0.001433
794	39.7	0.994	0.001432
795	39.75	0.995	0.001433
796	39.8	0.996	0.001433
797	39.85	0.997	0.001433
798	39.9	0.998	0.001432
799	39.95	0.999	0.001433
800	40	1	0.001433
801	40.05	1.001	0.001434
802	40.1	1.002	0.001434
803	40.15	1.003	0.001434
804	40.2	1.004	0.001435
805	40.25	1.005	0.001435
806	40.3	1.006	0.001435
807	40.35	1.007	0.001435
808	40.4	1.008	0.001435
809	40.45	1.009	0.001436
810	40.5	1.01	0.001435
811	40.55	1.011	0.001436
812	40.6	1.012	0.001436
813	40.65	1.013	0.001436
814	40.7	1.014	0.001436
815	40.75	1.015	0.001436
816	40.8	1.016	0.001437
817	40.85	1.017	0.001437
818	40.9	1.018	0.001437
819	40.95	1.019	0.001437
820	41	1.02	0.001437
821	41.05	1.021	0.001437
822	41.1	1.022	0.001437
823	41.15	1.023	0.001437
824	41.2	1.024	0.001438
825	41.25	1.025	0.001439
826	41.3	1.026	0.001438
827	41.35	1.027	0.001439
828	41.4	1.028	0.001438
829	41.45	1.029	0.001438
830	41.5	1.03	0.001438
831	41.55	1.031	0.001438
832	41.6	1.032	0.001438
833	41.65	1.033	0.001439
834	41.7	1.034	0.001439
835	41.75	1.035	0.001439
836	41.8	1.036	0.001438
837	41.85	1.037	0.00144
838	41.9	1.038	0.00144
839	41.95	1.039	0.001439
840	42	1.04	0.001439
841	42.05	1.041	0.001439
842	42.1	1.042	0.001439
843	42.15	1.043	0.001439
844	42.2	1.044	0.00144
845	42.25	1.045	0.00144
846	42.3	1.046	0.001439
847	42.35	1.047	0.001439
848	42.4	1.048	0.001438
849	42.45	1.049	0.001439
850	42.5	1.05	0.001439
851	42.55	1.051	0.001439
852	42.6	1.052	0.001439
853	42.65	1.053	0.001439
854	42.7	1.054	0.001439
855	42.75	1.055	0.001439
856	42.8	1.056	0.00144
857	42.85	1.057	0.00144
858	42.9	1.058	0.001439
859	42.95	1.059	0.001439
860	43	1.06	0.001439
861	43.05	1.061	0.001439
862	43.1	1.062	0.00144
863	43.15	1.063	0.001441
864	43.2	1.064	0.001439
865	43.25	1.065	0.00144
866	43.3	1.066	0.001439
867	43.35	1.067	0.00144
868	43.4	1.068	0.001438
869	43.45	1.069	0.001439
870	43.5	1.07	0.001439
871	43.55	1.071	0.00144
872	43.6	1.072	0.001439
873	43.65	1.073	0.001439
874	43.7	1.074	0.001438
875	43.75	1.075	0.001439
876	43.8	1.076	0.001439
877	43.85	1.077	0.001439
878	43.9	1.078	0.001439
879	43.95	1.079	0.001439
880	44	1.08	0.001439
881	44.05	1.081	0.001439
882	44.1	1.082	0.001438
883	44.15	1.083	0.001438
884	44.2	1.084	0.001437
885	44.25	1.085	0.001438
886	44.3	1.086	0.001438
887	44.35	1.087	0.001438
888	44.4	1.088	0.001438
889	44.45	1.089	0.00144
890	44.5	1.09	0.001439
891	44.55	1.091	0.001438
892	44.6	1.092	0.001439
893	44.65	1.093	0.001439
894	44.7	1.094	0.001439
895	44.75	1.095	0.001439
896	44.8	1.096	0.001439
897	44.85	1.097	0.001438
898	44.9	1.098	0.001437
899	44.95	1.099	0.001438
900	45	1.1	0.001437
901	45.05	1.101	0.001438
902	45.1	1.102	0.001438
903	45.15	1.103	0.001439
904	45.2	1.104	0.001438
905	45.25	1.105	0.001439
906	45.3	1.106	0.001439
907	45.35	1.107	0.001439
908	45.4	1.108	0.001438
909	45.45	1.109	0.001438
910	45.5	1.11	0.001437
911	45.55	1.111	0.001438
912	45.6	1.112	0.001437
913	45.65	1.113	0.001438
914	45.7	1.114	0.001437
915	45.75	1.115	0.001437
916	45.8	1.116	0.001437
917	45.85	1.117	0.001437
918	45.9	1.118	0.001437
919	45.95	1.119	0.001437
920	46	1.12	0.001437
921	46.05	1.121	0.001438
922	46.1	1.122	0.001437
923	46.15	1.123	0.001437
924	46.2	1.124	0.001437
925	46.25	1.125	0.001438
926	46.3	1.126	0.001437
927	46.35	1.127	0.001438
928	46.4	1.128	0.001438
929	46.45	1.129	0.001439
930	46.5	1.13	0.001437
931	46.55	1.131	0.001438
932	46.6	1.132	0.001437
933	46.65	1.133	0.001437
934	46.7	1.134	0.001437
935	46.75	1.135	0.001438
936	46.8	1.136	0.001437
937	46.85	1.137	0.001438
938	46.9	1.138	0.001437
939	46.95	1.139	0.001436
940	47	1.14	0.001436
941	47.05	1.141	0.001437
942	47.1	1.142	0.001437
943	47.15	1.143	0.001437
944	47.2	1.144	0.001436
945	47.25	1.145	0.001436
946	47.3	1.146	0.001435
947	47.35	1.147	0.001435
948	47.4	1.148	0.001434
949	47.45	1.149	0.001434
950	47.5	1.15	0.001434
951	47.55	1.151	0.001435
952	47.6	1.152	0.001435
953	47.65	1.153	0.001435
954	47.7	1.154	0.001435
955	47.75	1.155	0.001435
956	47.8	1.156	0.001434
957	47.85	1.157	0.001435
958	47.9	1.158	0.001435
959	47.95	1.159	0.001435
960	48	1.16	0.001434
961	48.05	1.161	0.001434
962	48.1	1.162	0.001435
963	48.15	1.163	0.001434
964	48.2	1.164	0.001434
965	48.25	1.165	0.001434
966	48.3	1.166	0.001434
967	48.35	1.167	0.001433
968	48.4	1.168	0.001434
969	48.45	1.169	0.001434
970	48.5	1.17	0.001434
971	48.55	1.171	0.001434
972	48.6	1.172	0.001434
973	48.65	1.173	0.001434
974	48.7	1.174	0.001433
975	48.75	1.175	0.001433
976	48.8	1.176	0.001433
977	48.85	1.177	0.001432
978	48.9	1.178	0.001431
979	48.95	1.179	0.001431
980	49	1.18	0.001433
981	49.05	1.181	0.001432
982	49.1	1.182	0.001432
983	49.15	1.183	0.001431
984	49.2	1.184	0.001431
985	49.25	1.185	0.001431
986	49.3	1.186	0.001431
987	49.35	1.187	0.00143
988	49.4	1.188	0.00143
989	49.45	1.189	0.001429
990	49.5	1.19	0.00143
991	49.55	1.191	0.00143
992	49.6	1.192	0.001429
993	49.65	1.193	0.001428
994	49.7	1.194	0.001428
995	49.75	1.195	0.001428
996	49.8	1.196	0.001427
997	49.85	1.197	0.001427
998	49.9	1.198	0.001426
999	49.95	1.199	0.001426
1000	50	1.2	0.001426
1001	50.05	1.201	0.001426
1002	50.1	1.202	0.001426
1003	50.15	1.203	0.001425
1004	50.2	1.204	0.001425
1005	50.25	1.205	0.001425
1006	50.3	1.206	0.001424
1007	50.35	1.207	0.001424
1008	50.4	1.208	0.001423
1009	50.45	1.209	0.001422
1010	50.5	1.21	0.001422
1011	50.55	1.211	0.001421
1012	50.6	1.212	0.001421
1013	50.65	1.213	0.001421
1014	50.7	1.214	0.001421
1015	50.75	1.215	0.001419
1016	50.8	1.216	0.00142
1017	50.85	1.217	0.00142
1018	50.9	1.218	0.00142
1019	50.95	1.219	0.001419
1020	51	1.22	0.001418
1021	51.05	1.221	0.001418
1022	51.1	1.222	0.001417
1023	51.15	1.223	0.001418
1024	51.2	1.224	0.001417
1025	51.25	1.225	0.001416
1026	51.3	1.226	0.001415
1027	51.35	1.227	0.001415
1028	51.4	1.228	0.001414
1029	51.45	1.229	0.001415
1030	51.5	1.23	0.001415
1031	51.55	1.231	0.001415
1032	51.6	1.232	0.001414
1033	51.65	1.233	0.001413
1034	51.7	1.234	0.001412
1035	51.75	1.235	0.001411
1036	51.8	1.236	0.00141
1037	51.85	1.237	0.001409
1038	51.9	1.238	0.001409
1039	51.95	1.239	0.001409
1040	52	1.24	0.001408
1041	52.05	1.241	0.001408
1042	52.1	1.242	0.001407
1043	52.15	1.243	0.001407
1044	52.2	1.244	0.001406
1045	52.25	1.245	0.001405
1046	52.3	1.246	0.001404
1047	52.35	1.247	0.001403
1048	52.4	1.248	0.001402
1049	52.45	1.249	0.001401
1050	52.5	1.25	0.001401
1051	52.55	1.251	0.001401
1052	52.6	1.252	0.0014
1053	52.65	1.253	0.001399
1054	52.7	1.254	0.001398
1055	52.75	1.255	0.001398
1056	52.8	1.256	0.001397
1057	52.85	1.257	0.001397
1058	52.9	1.258	0.001396
1059	52.95	1.259	0.001395
1060	53	1.26	0.001395
1061	53.05	1.261	0.001394
1062	53.1	1.262	0.001393
1063	53.15	1.263	0.001392
1064	53.2	1.264	0.001391
1065	53.25	1.265	0.001391
1066	53.3	1.266	0.00139
1067	53.35	1.267	0.00139
1068	53.4	1.268	0.001389
1069	53.45	1.269	0.001388
1070	53.5	1.27	0.001387
1071	53.55	1.271	0.001387
1072	53.6	1.272	0.001387
1073	53.65	1.273	0.001386
1074	53.7	1.274	0.001385
1075	53.75	1.275	0.001384
1076	53.8	1.276	0.001383
1077	53.85	1.277	0.001383
1078	53.9	1.278	0.001382
1079	53.95	1.279	0.00138
1080	54	1.28	0.001381
1081	54.05	1.281	0.00138
1082	54.1	1.282	0.001379
1083	54.15	1.283	0.001379
1084	54.2	1.284	0.001379
1085	54.25	1.285	0.001377
1086	54.3	1.286	0.001377
1087	54.35	1.287	0.001376
1088	54.4	1.288	0.001376
1089	54.45	1.289	0.001374
1090	54.5	1.29	0.001374
1091	54.55	1.291	0.001373
1092	54.6	1.292	0.001372
1093	54.65	1.293	0.001371
1094	54.7	1.294	0.001372
1095	54.75	1.295	0.00137
1096	54.8	1.296	0.001371
1097	54.85	1.297	0.001369
1098	54.9	1.298	0.001369
1099	54.95	1.299	0.001368
1100	55	1.3	0.001369
1101	55.05	1.301	0.001367
1102	55.1	1.302	0.001366
1103	55.15	1.303	0.001364
1104	55.2	1.304	0.001364
1105	55.25	1.305	0.001364
1106	55.3	1.306	0.001363
1107	55.35	1.307	0.001362
1108	55.4	1.308	0.001362
1109	55.45	1.309	0.00136
1110	55.5	1.31	0.00136
1111	55.55	1.311	0.00136
1112	55.6	1.312	0.00136
1113	55.65	1.313	0.001359
1114	55.7	1.314	0.001358
1115	55.75	1.315	0.001357
1116	55.8	1.316	0.001358
1117	55.85	1.317	0.001356
1118	55.9	1.318	0.001355
1119	55.95	1.319	0.001354
1120	56	1.32	0.001354
1121	56.05	1.321	0.001353
1122	56.1	1.322	0.001353
1123	56.15	1.323	0.001352
1124	56.2	1.324	0.001351
1125	56.25	1.325	0.001351
1126	56.3	1.326	0.001352
1127	56.35	1.327	0.001351
1128	56.4	1.328	0.001351
1129	56.45	1.329	0.00135
1130	56.5	1.33	0.001351
1131	56.55	1.331	0.00135
1132	56.6	1.332	0.00135
1133	56.65	1.333	0.001348
1134	56.7	1.334	0.001347
1135	56.75	1.335	0.001347
1136	56.8	1.336	0.001348
1137	56.85	1.337	0.001347
1138	56.9	1.338	0.001346
1139	56.95	1.339	0.001345
1140	57	1.34	0.001345
1141	57.05	1.341	0.001345
1142	57.1	1.342	0.001344
1143	57.15	1.343	0.001343
1144	57.2	1.344	0.001344
1145	57.25	1.345	0.001342
1146	57.3	1.346	0.001342
1147	57.35	1.347	0.001342
1148	57.4	1.348	0.001343
1149	57.45	1.349	0.001342
1150	57.5	1.35	0.001341
1151	57.55	1.351	0.001341
1152	57.6	1.352	0.00134
1153	57.65	1.353	0.00134
1154	57.7	1.354	0.001339
1155	57.75	1.355	0.001339
1156	57.8	1.356	0.001339
1157	57.85	1.357	0.001339
1158	57.9	1.358	0.00134
1159	57.95	1.359	0.001339
1160	58	1.36	0.001338
1161	58.05	1.361	0.001338
1162	58.1	1.362	0.001338
1163	58.15	1.363	0.001338
1164	58.2	1.364	0.001338
1165	58.25	1.365	0.001338
1166	58.3	1.366	0.001339
1167	58.35	1.367	0.001337
1168	58.4	1.368	0.001337
1169	58.45	1.369	0.001338
1170	58.5	1.37	0.001338
1171	58.55	1.371	0.001338
1172	58.6	1.372	0.001338
1173	58.65	1.373	0.001337
1174	58.7	1.374	0.001338
1175	58.75	1.375	0.001337
1176	58.8	1.376	0.001337
1177	58.85	1.377	0.001337
1178	58.9	1.378	0.001336
1179	58.95	1.379	0.001336
1180	59	1.38	0.001336
1181	59.05	1.381	0.001336
1182	59.1	1.382	0.001336
1183	59.15	1.383	0.001336
1184	59.2	1.384	0.001337
1185	59.25	1.385	0.001336
1186	59.3	1.386	0.001336
1187	59.35	1.387	0.001336
1188	59.4	1.388	0.001336
1189	59.45	1.389	0.001335
1190	59.5	1.39	0.001335
1191	59.55	1.391	0.001334
1192	59.6	1.392	0.001334
1193	59.65	1.393	0.001334
1194	59.7	1.394	0.001334
1195	59.75	1.395	0.001334
1196	59.8	1.396	0.001336
1197	59.85	1.397	0.001334
1198	59.9	1.398	0.001335
1199	59.95	1.399	0.001335
1200	60	1.4	0.001335
1201	60.05	1.401	0.001336
1202	60.1	1.402	0.001336
1203	60.15	1.403	0.001335
1204	60.2	1.404	0.001335
1205	60.25	1.405	0.001334
1206	60.3	1.406	0.001335
1207	60.35	1.407	0.001334
1208	60.4	1.408	0.001334
1209	60.45	1.409	0.001335
1210	60.5	1.41	0.001336
1211	60.55	1.411	0.001335
1212	60.6	1.412	0.001336
1213	60.65	1.413	0.001336
1214	60.7	1.414	0.001337
1215	60.75	1.415	0.001338
1216	60.8	1.416	0.001338
1217	60.85	1.417	0.001338
1218	60.9	1.418	0.001339
1219	60.95	1.419	0.001338
1220	61	1.42	0.001339
1221	61.05	1.421	0.001339
1222	61.1	1.422	0.001339
1223	61.15	1.423	0.00134
1224	61.2	1.424	0.00134
1225	61.25	1.425	0.00134
1226	61.3	1.426	0.001341
1227	61.35	1.427	0.001341
1228	61.4	1.428	0.001342
1229	61.45	1.429	0.001341
1230	61.5	1.43	0.001342
1231	61.55	1.431	0.001342
1232	61.6	1.432	0.001343
1233	61.65	1.433	0.001344
1234	61.7	1.434	0.001344
1235	61.75	1.435	0.001344
1236	61.8	1.436	0.001346
1237	61.85	1.437	0.001346
1238	61.9	1.438	0.001346
1239	61.95	1.439	0.001346
1240	62	1.44	0.001346
1241	62.05	1.441	0.001347
1242	62.1	1.442	0.001347
1243	62.15	1.443	0.001348
1244	62.2	1.444	0.001348
1245	62.25	1.445	0.001349
1246	62.3	1.446	0.001349
1247	62.35	1.447	0.001349
1248	62.4	1.448	0.00135
1249	62.45	1.449	0.00135
1250	62.5	1.45	0.001351
1251	62.55	1.451	0.001352
1252	62.6	1.452	0.001352
1253	62.65	1.453	0.001352
1254	62.7	1.454	0.001353
1255	62.75	1.455	0.001353
1256	62.8	1.456	0.001354
1257	62.85	1.457	0.001354
1258	62.9	1.458	0.001355
1259	62.95	1.459	0.001356
1260	63	1.46	0.001356
1261	63.05	1.461	0.001357
1262	63.1	1.462	0.001358
1263	63.15	1.463	0.00136
1264	63.2	1.464	0.00136
1265	63.25	1.465	0.00136
1266	63.3	1.466	0.001361
1267	63.35	1.467	0.001362
1268	63.4	1.468	0.001361
1269	63.45	1.469	0.001362
1270	63.5	1.47	0.001363
1271	63.55	1.471	0.001364
1272	63.6	1.472	0.001365
1273	63.65	1.473	0.001366
1274	63.7	1.474	0.001365
1275	63.75	1.475	0.001367
1276	63.8	1.476	0.001368
1277	63.85	1.477	0.001369
1278	63.9	1.478	0.001369
1279	63.95	1.479	0.001369
1280	64	1.48	0.001369
1281	64.05	1.481	0.00137
1282	64.1	1.482	0.001371
1283	64.15	1.483	0.001371
1284	64.2	1.484	0.001373
1285	64.25	1.485	0.001374
1286	64.3	1.486	0.001375
1287	64.35	1.487	0.001376
1288	64.4	1.488	0.001375
1289	64.45	1.489	0.001377
1290	64.5	1.49	0.001377
1291	64.55	1.491	0.001379
1292	64.6	1.492	0.001379
1293	64.65	1.493	0.00138
1294	64.7	1.494	0.001381
1295	64.75	1.495	0.001382
1296	64.8	1.496	0.001382
1297	64.85	1.497	0.001384
1298	64.9	1.498	0.001385
1299	64.95	1.499	0.001386
1300	65	1.5	0.001387
1301	65.05	1.501	0.001387
1302	65.1	1.502	0.001388
1303	65.15	1.503	0.001389
1304	65.2	1.504	0.00139
1305	65.25	1.505	0.001391
1306	65.3	1.506	0.001391
1307	65.35	1.507	0.001393
1308	65.4	1.508	0.001393
1309	65.45	1.509	0.001394
1310	65.5	1.51	0.001395
1311	65.55	1.511	0.001396
1312	65.6	1.512	0.001397
1313	65.65	1.513	0.001399
1314	65.7	1.514	0.001399
1315	65.75	1.515	0.0014
1316	65.8	1.516	0.001401
1317	65.85	1.517	0.001403
1318	65.9	1.518	0.001404
1319	65.95	1.519	0.001404
1320	66	1.52	0.001405
1321	66.05	1.521	0.001406
1322	66.1	1.522	0.001407
1323	66.15	1.523	0.001409
1324	66.2	1.524	0.001411
1325	66.25	1.525	0.001412
1326	66.3	1.526	0.001413
1327	66.35	1.527	0.001414
1328	66.4	1.528	0.001415
1329	66.45	1.529	0.001416
1330	66.5	1.53	0.001417
1331	66.55	1.531	0.001419
1332	66.6	1.532	0.00142
1333	66.65	1.533	0.001421
1334	66.7	1.534	0.001423
1335	66.75	1.535	0.001424
1336	66.8	1.536	0.001425
1337	66.85	1.537	0.001427
1338	66.9	1.538	0.001427
1339	66.95	1.539	0.001428
1340	67	1.54	0.001429
1341	67.05	1.541	0.00143
1342	67.1	1.542	0.001431
1343	67.15	1.543	0.001433
1344	67.2	1.544	0.001434
1345	67.25	1.545	0.001435
1346	67.3	1.546	0.001436
1347	67.35	1.547	0.001437
1348	67.4	1.548	0.001438
1349	67.45	1.549	0.00144
1350	67.5	1.55	0.001442
1351	67.55	1.551	0.001444
1352	67.6	1.552	0.001444
1353	67.65	1.553	0.001446
1354	67.7	1.554	0.001447
1355	67.75	1.555	0.001448
1356	67.8	1.556	0.001449
1357	67.85	1.557	0.001451
1358	67.9	1.558	0.001452
1359	67.95	1.559	0.001454
1360	68	1.56	0.001455
1361	68.05	1.561	0.001457
1362	68.1	1.562	0.001459
1363	68.15	1.563	0.001461
1364	68.2	1.564	0.001462
1365	68.25	1.565	0.001462
1366	68.3	1.566	0.001464
1367	68.35	1.567	0.001465
1368	68.4	1.568	0.001466
1369	68.45	1.569	0.001468
1370	68.5	1.57	0.001469
1371	68.55	1.571	0.001472
1372	68.6	1.572	0.001472
1373	68.65	1.573	0.001474
1374	68.7	1.574	0.001475
1375	68.75	1.575	0.001478
1376	68.8	1.576	0.001479
1377	68.85	1.577	0.001482
1378	68.9	1.578	0.001483
1379	68.95	1.579	0.001485
1380	69	1.58	0.001485
1381	69.05	1.581	0.001487
1382	69.1	1.582	0.001489
1383	69.15	1.583	0.001492
1384	69.2	1.584	0.001493
1385	69.25	1.585	0.001495
1386	69.3	1.586	0.001495
1387	69.35	1.587	0.001498
1388	69.4	1.588	0.001499
1389	69.45	1.589	0.001501
1390	69.5	1.59	0.001502
1391	69.55	1.591	0.001505
1392	69.6	1.592	0.001506
1393	69.65	1.593	0.001508
1394	69.7	1.594	0.00151
1395	69.75	1.595	0.001511
1396	69.8	1.596	0.001512
1397	69.85	1.597	0.001514
1398	69.9	1.598	0.001516
1399	69.95	1.599	0.001517
1400	70	1.6	0.001518
1401	70.05	1.601	0.00152
1402	70.1	1.602	0.001521
1403	70.15	1.603	0.001525
1404	70.2	1.604	0.001526
1405	70.25	1.605	0.001528
1406	70.3	1.606	0.00153
1407	70.35	1.607	0.001532
1408	70.4	1.608	0.001533
1409	70.45	1.609	0.001535
1410	70.5	1.61	0.001537
1411	70.55	1.611	0.001539
1412	70.6	1.612	0.001541
1413	70.65	1.613	0.001544
1414	70.7	1.614	0.001545
1415	70.75	1.615	0.001547
1416	70.8	1.616	0.001547
1417	70.85	1.617	0.001551
1418	70.9	1.618	0.001553
1419	70.95	1.619	0.001556
1420	71	1.62	0.001557
1421	71.05	1.621	0.001558
1422	71.1	1.622	0.001561
1423	71.15	1.623	0.001563
1424	71.2	1.624	0.001564
1425	71.25	1.625	0.001566
1426	71.3	1.626	0.001569
1427	71.35	1.627	0.001571
1428	71.4	1.628	0.001572
1429	71.45	1.629	0.001574
1430	71.5	1.63	0.001577
1431	71.55	1.631	0.001579
1432	71.6	1.632	0.001581
1433	71.65	1.633	0.001583
1434	71.7	1.634	0.001585
1435	71.75	1.635	0.001588
1436	71.8	1.636	0.001589
1437	71.85	1.637	0.001591
1438	71.9	1.638	0.001594
1439	71.95	1.639	0.001598
1440	72	1.64	0.0016
1441	72.05	1.641	0.001603
1442	72.1	1.642	0.001604
1443	72.15	1.643	0.001607
1444	72.2	1.644	0.001608
1445	72.25	1.645	0.001611
1446	72.3	1.646	0.001613
1447	72.35	1.647	0.001615
1448	72.4	1.648	0.001617
1449	72.45	1.649	0.00162
1450	72.5	1.65	0.001622
1451	72.55	1.651	0.001624
1452	72.6	1.652	0.001627
1453	72.65	1.653	0.00163
1454	72.7	1.654	0.001632
1455	72.75	1.655	0.001635
1456	72.8	1.656	0.001637
1457	72.85	1.657	0.001639
1458	72.9	1.658	0.001641
1459	72.95	1.659	0.001644
1460	73	1.66	0.001646
1461	73.05	1.661	0.001648
1462	73.1	1.662	0.001651
1463	73.15	1.663	0.001654
1464	73.2	1.664	0.001657
1465	73.25	1.665	0.001659
1466	73.3	1.666	0.001662
1467	73.35	1.667	0.001665
1468	73.4	1.668	0.001667
1469	73.45	1.669	0.001669
1470	73.5	1.67	0.001674
1471	73.55	1.671	0.001677
1472	73.6	1.672	0.001679
1473	73.65	1.673	0.001683
1474	73.7	1.674	0.001685
1475	73.75	1.675	0.001688
1476	73.8	1.676	0.001691
1477	73.85	1.677	0.001695
1478	73.9	1.678	0.001697
1479	73.95	1.679	0.001699
1480	74	1.68	0.001702
1481	74.05	1.681	0.001705
1482	74.1	1.682	0.001708
1483	74.15	1.683	0.001711
1484	74.2	1.684	0.001714
1485	74.25	1.685	0.001717
1486	74.3	1.686	0.00172
1487	74.35	1.687	0.001723
1488	74.4	1.688	0.001726
1489	74.45	1.689	0.00173
1490	74.5	1.69	0.001733
1491	74.55	1.691	0.001736
1492	74.6	1.692	0.001739
1493	74.65	1.693	0.001741
1494	74.7	1.694	0.001745
1495	74.75	1.695	0.001748
1496	74.8	1.696	0.001752
1497	74.85	1.697	0.001755
1498	74.9	1.698	0.001759
1499	74.95	1.699	0.001763
1500	75	1.7	0.001767
1501	75.05	1.701	0.001769
1502	75.1	1.702	0.001773
1503	75.15	1.703	0.001777
1504	75.2	1.704	0.001779
1505	75.25	1.705	0.001782
1506	75.3	1.706	0.001786
1507	75.35	1.707	0.001788
1508	75.4	1.708	0.001792
1509	75.45	1.709	0.001795
1510	75.5	1.71	0.0018
1511	75.55	1.711	0.001804
1512	75.6	1.712	0.001807
1513	75.65	1.713	0.00181
1514	75.7	1.714	0.001814
1515	75.75	1.715	0.001819
1516	75.8	1.716	0.001823
1517	75.85	1.717	0.001826
1518	75.9	1.718	0.00183
1519	75.95	1.719	0.001834
1520	76	1.72	0.001837
1521	76.05	1.721	0.001842
1522	76.1	1.722	0.001845
1523	76.15	1.723	0.001849
1524	76.2	1.724	0.001853
1525	76.25	1.725	0.001857
1526	76.3	1.726	0.001863
1527	76.35	1.727	0.001866
1528	76.4	1.728	0.001871
1529	76.45	1.729	0.001873
1530	76.5	1.73	0.001877
1531	76.55	1.731	0.001881
1532	76.6	1.732	0.001885
1533	76.65	1.733	0.001889
1534	76.7	1.734	0.001894
1535	76.75	1.735	0.001898
1536	76.8	1.736	0.001902
1537	76.85	1.737	0.001907
1538	76.9	1.738	0.001912
1539	76.95	1.739	0.001917
1540	77	1.74	0.001921
1541	77.05	1.741	0.001926
1542	77.1	1.742	0.00193
1543	77.15	1.743	0.001935
1544	77.2	1.744	0.001941
1545	77.25	1.745	0.001946
1546	77.3	1.746	0.00195
1547	77.35	1.747	0.001956
1548	77.4	1.748	0.00196
1549	77.45	1.749	0.001964
1550	77.5	1.75	0.00197
1551	77.55	1.751	0.001975
1552	77.6	1.752	0.00198
1553	77.65	1.753	0.001984
1554	77.7	1.754	0.001989
1555	77.75	1.755	0.001995
1556	77.8	1.756	0.002
1557	77.85	1.757	0.002005
1558	77.9	1.758	0.002011
1559	77.95	1.759	0.002016
1560	78	1.76	0.002021
1561	78.05	1.761	0.002027
1562	78.1	1.762	0.002033
1563	78.15	1.763	0.002037
1564	78.2	1.764	0.002042
1565	78.25	1.765	0.002048
1566	78.3	1.766	0.002054
1567	78.35	1.767	0.00206
1568	78.4	1.768	0.002066
1569	78.45	1.769	0.002072
1570	78.5	1.77	0.002078
1571	78.55	1.771	0.002083
1572	78.6	1.772	0.00209
1573	78.65	1.773	0.002096
1574	78.7	1.774	0.002104
1575	78.75	1.775	0.002109
1576	78.8	1.776	0.002115
1577	78.85	1.777	0.002122
1578	78.9	1.778	0.002128
1579	78.95	1.779	0.002135
1580	79	1.78	0.002142
1581	79.05	1.781	0.002148
1582	79.1	1.782	0.002155
1583	79.15	1.783	0.002162
1584	79.2	1.784	0.002169
1585	79.25	1.785	0.002176
1586	79.3	1.786	0.002183
1587	79.35	1.787	0.00219
1588	79.4	1.788	0.002198
1589	79.45	1.789	0.002204
1590	79.5	1.79	0.002212
1591	79.55	1.791	0.002219
1592	79.6	1.792	0.002227
1593	79.65	1.793	0.002235
1594	79.7	1.794	0.002244
1595	79.75	1.795	0.002251
1596	79.8	1.796	0.002259
1597	79.85	1.797	0.002267
1598	79.9	1.798	0.002276
1599	79.95	1.799	0.002284
1600	80	1.8	0.002259
1601	80.05	1.799	0.002142
1602	80.1	1.798	0.002028
1603	80.15	1.797	0.001925
1604	80.2	1.796	0.001836
1605	80.25	1.795	0.001753
1606	80.3	1.794	0.001677
1607	80.35	1.793	0.001607
1608	80.4	1.792	0.001541
1609	80.45	1.791	0.00148
1610	80.5	1.79	0.001423
1611	80.55	1.789	0.001369
1612	80.6	1.788	0.001319
1613	80.65	1.787	0.001271
1614	80.7	1.786	0.001225
1615	80.75	1.785	0.001182
1616	80.8	1.784	0.001142
1617	80.85	1.783	0.001101
1618	80.9	1.782	0.001063
1619	80.95	1.781	0.001026
1620	81	1.78	0.000991
1621	81.05	1.779	0.000958
1622	81.1	1.778	0.000926
1623	81.15	1.777	0.000894
1624	81.2	1.776	0.000865
1625	81.25	1.775	0.000836
1626	81.3	1.774	0.000808
1627	81.35	1.773	0.000781
1628	81.4	1.772	0.000756
1629	81.45	1.771	0.000729
1630	81.5	1.77	0.000705
1631	81.55	1.769	0.000681
1632	81.6	1.768	0.000658
1633	81.65	1.767	0.000635
1634	81.7	1.766	0.000613
1635	81.75	1.765	0.000592
1636	81.8	1.764	0.000572
1637	81.85	1.763	0.000551
1638	81.9	1.762	0.000531
1639	81.95	1.761	0.000512
1640	82	1.76	0.000493
1641	82.05	1.759	0.000474
1642	82.1	1.758	0.000457
1643	82.15	1.757	0.00044
1644	82.2	1.756	0.000423
1645	82.25	1.755	0.000405
1646	82.3	1.754	0.000389
1647	82.35	1.753	0.000373
1648	82.4	1.752	0.000359
1649	82.45	1.751	0.000343
1650	82.5	1.75	0.00033
1651	82.55	1.749	0.000316
1652	82.6	1.748	0.000302
1653	82.65	1.747	0.000288
1654	82.7	1.746	0.000276
1655	82.75	1.745	0.000263
1656	82.8	1.744	0.00025
1657	82.85	1.743	0.000238
1658	82.9	1.742	0.000226
1659	82.95	1.741	0.000214
1660	83	1.74	0.000203
1661	83.05	1.739	0.000191
1662	83.1	1.738	0.000181
1663	83.15	1.737	0.000172
1664	83.2	1.736	0.000162
1665	83.25	1.735	0.000153
1666	83.3	1.734	0.000145
1667	83.35	1.733	0.000135
1668	83.4	1.732	0.000127
1669	83.45	1.731	0.000119
1670	83.5	1.73	0.000111
1671	83.55	1.729	0.000103
1672	83.6	1.728	9.62e-05
1673	83.65	1.727	8.88e-05
1674	83.7	1.726	8.31e-05
1675	83.75	1.725	7.66e-05
1676	83.8	1.724	7.09e-05
1677	83.85	1.723	6.46e-05
1678	83.9	1.722	5.96e-05
1679	83.95	1.721	5.49e-05
1680	84	1.72	4.91e-05
1681	84.05	1.719	4.29e-05
1682	84.1	1.718	3.83e-05
1683	84.15	1.717	3.38e-05
1684	84.2	1.716	2.95e-05
1685	84.25	1.715	2.5e-05
1686	84.3	1.714	2.02e-05
1687	84.35	1.713	1.64e-05
1688	84.4	1.712	1.2e-05
1689	84.45	1.711	7.53e-06
1690	84.5	1.71	3.28e-06
1691	84.55	1.709	-1.54e-06
1692	84.6	1.708	-6.03e-06
1693	84.65	1.707	-1.13e-05
1694	84.7	1.706	-1.51e-05
1695	84.75	1.705	-2.1e-05
1696	84.8	1.704	-2.53e-05
1697	84.85	1.703	-3.11e-05
1698	84.9	1.702	-3.64e-05
1699	84.95	1.701	-4.15e-05
1700	85	1.7	-4.74e-05
1701	85.05	1.699	-5.33e-05
1702	85.1	1.698	-6e-05
1703	85.15	1.697	-6.64e-05
1704	85.2	1.696	-7.2e-05
1705	85.25	1.695	-7.96e-05
1706	85.3	1.694	-8.61e-05
1707	85.35	1.693	-9.27e-05
1708	85.4	1.692	-0.000101
1709	85.45	1.691	-0.000108
1710	85.5	1.69	-0.000117
1711	85.55	1.689	-0.000125
1712	85.6	1.688	-0.000134
1713	85.65	1.687	-0.000144
1714	85.7	1.686	-0.000153
1715	85.75	1.685	-0.000163
1716	85.8	1.684	-0.000173
1717	85.85	1.683	-0.000183
1718	85.9	1.682	-0.000194
1719	85.95	1.681	-0.000203
1720	86	1.68	-0.000213
1721	86.05	1.679	-0.000224
1722	86.1	1.678	-0.000233
1723	86.15	1.677	-0.000243
1724	86.2	1.676	-0.000252
1725	86.25	1.675	-0.000261
1726	86.3	1.674	-0.00027
1727	86.35	1.673	-0.000279
1728	86.4	1.672	-0.000288
1729	86.45	1.671	-0.000295
1730	86.5	1.67	-0.000304
1731	86.55	1.669	-0.000312
1732	86.6	1.668	-0.000319
1733	86.65	1.667	-0.000327
1734	86.7	1.666	-0.000333
1735	86.75	1.665	-0.00034
1736	86.8	1.664	-0.000348
1737	86.85	1.663	-0.000355
1738	86.9	1.662	-0.000362
1739	86.95	1.661	-0.000368
1740	87	1.66	-0.000375
1741	87.05	1.659	-0.000381
1742	87.1	1.658	-0.000387
1743	87.15	1.657	-0.000392
1744	87.2	1.656	-0.000398
1745	87.25	1.655	-0.000403
1746	87.3	1.654	-0.000408
1747	87.35	1.653	-0.000413
1748	87.4	1.652	-0.000418
1749	87.45	1.651	-0.000424
1750	87.5	1.65	-0.000428
1751	87.55	1.649	-0.000433
1752	87.6	1.648	-0.000439
1753	87.65	1.647	-0.000443
1754	87.7	1.646	-0.000448
1755	87.75	1.645	-0.000452
1756	87.8	1.644	-0.000456
1757	87.85	1.643	-0.00046
1758	87.9	1.642	-0.000464
1759	87.95	1.641	-0.000468
1760	88	1.64	-0.000473
1761	88.05	1.639	-0.000476
1762	88.1	1.638	-0.000482
1763	88.15	1.637	-0.000486
1764	88.2	1.636	-0.000489
1765	88.25	1.635	-0.000492
1766	88.3	1.634	-0.000495
1767	88.35	1.633	-0.000499
1768	88.4	1.632	-0.000502
1769	88.45	1.631	-0.000506
1770	88.5	1.63	-0.000509
1771	88.55	1.629	-0.000512
1772	88.6	1.628	-0.000517
1773	88.65	1.627	-0.000519
1774	88.7	1.626	-0.000524
1775	88.75	1.625	-0.000526
1776	88.8	1.624	-0.000529
1777	88.85	1.623	-0.000532
1778	88.9	1.622	-0.000535
1779	88.95	1.621	-0.000538
1780	89	1.62	-0.00054
1781	89.05	1.619	-0.000543
1782	89.1	1.618	-0.000546
1783	89.15	1.617	-0.000549
1784	89.2	1.616	-0.000551
1785	89.25	1.615	-0.000555
1786	89.3	1.614	-0.000558
1787	89.35	1.613	-0.00056
1788	89.4	1.612	-0.000562
1789	89.45	1.611	-0.000564
1790	89.5	1.61	-0.000567
1791	89.55	1.609	-0.00057
1792	89.6	1.608	-0.000572
1793	89.65	1.607	-0.000573
1794	89.7	1.606	-0.000576
1795	89.75	1.605	-0.000579
1796	89.8	1.604	-0.000582
1797	89.85	1.603	-0.000583
1798	89.9	1.602	-0.000586
1799	89.95	1.601	-0.000588
1800	90	1.6	-0.00059
1801	90.05	1.599	-0.000592
1802	90.1	1.598	-0.000595
1803	90.15	1.597	-0.000597
1804	90.2	1.596	-0.0006
1805	90.25	1.595	-0.000601
1806	90.3	1.594	-0.000603
1807	90.35	1.593	-0.000606
1808	90.4	1.592	-0.000607
1809	90.45	1.591	-0.000609
1810	90.5	1.59	-0.000612
1811	90.55	1.589	-0.000614
1812	90.6	1.588	-0.000616
1813	90.65	1.587	-0.000617
1814	90.7	1.586	-0.000619
1815	90.75	1.585	-0.00062
1816	90.8	1.584	-0.000622
1817	90.85	1.583	-0.000624
1818	90.9	1.582	-0.000626
1819	90.95	1.581	-0.000627
1820	91	1.58	-0.000629
1821	91.05	1.579	-0.00063
1822	91.1	1.578	-0.000633
1823	91.15	1.577	-0.000634
1824	91.2	1.576	-0.000636
1825	91.25	1.575	-0.000637
1826	91.3	1.574	-0.000639
1827	91.35	1.573	-0.000641
1828	91.4	1.572	-0.000643
1829	91.45	1.571	-0.000645
1830	91.5	1.57	-0.000646
1831	91.55	1.569	-0.000647
1832	91.6	1.568	-0.000648
1833	91.65	1.567	-0.00065
1834	91.7	1.566	-0.000652
1835	91.75	1.565	-0.000652
1836	91.8	1.564	-0.000654
1837	91.85	1.563	-0.000655
1838	91.9	1.562	-0.000657
1839	91.95	1.561	-0.000658
1840	92	1.56	-0.00066
1841	92.05	1.559	-0.000662
1842	92.1	1.558	-0.000664
1843	92.15	1.557	-0.000665
1844	92.2	1.556	-0.000666
1845	92.25	1.555	-0.000667
1846	92.3	1.554	-0.000669
1847	92.35	1.553	-0.00067
1848	92.4	1.552	-0.000671
1849	92.45	1.551	-0.000671
1850	92.5	1.55	-0.000672
1851	92.55	1.549	-0.000674
1852	92.6	1.548	-0.000676
1853	92.65	1.547	-0.000677
1854	92.7	1.546	-0.000679
1855	92.75	1.545	-0.00068
1856	92.8	1.544	-0.000681
1857	92.85	1.543	-0.000682
1858	92.9	1.542	-0.000683
1859	92.95	1.541	-0.000683
1860	93	1.54	-0.000686
1861	93.05	1.539	-0.000687
1862	93.1	1.538	-0.000688
1863	93.15	1.537	-0.000688
1864	93.2	1.536	-0.00069
1865	93.25	1.535	-0.000691
1866	93.3	1.534	-0.000692
1867	93.35	1.533	-0.000693
1868	93.4	1.532	-0.000695
1869	93.45	1.531	-0.000695
1870	93.5	1.53	-0.000698
1871	93.55	1.529	-0.000699
1872	93.6	1.528	-0.0007
1873	93.65	1.527	-0.0007
1874	93.7	1.526	-0.0007
1875	93.75	1.525	-0.000702
1876	93.8	1.524	-0.000703
1877	93.85	1.523	-0.000704
1878	93.9	1.522	-0.000706
1879	93.95	1.521	-0.000706
1880	94	1.52	-0.000707
1881	94.05	1.519	-0.000708
1882	94.1	1.518	-0.000709
1883	94.15	1.517	-0.00071
1884	94.2	1.516	-0.000712
1885	94.25	1.515	-0.000712
1886	94.3	1.514	-0.000713
1887	94.35	1.513	-0.000713
1888	94.4	1.512	-0.000715
1889	94.45	1.511	-0.000716
1890	94.5	1.51	-0.000717
1891	94.55	1.509	-0.000718
1892	94.6	1.508	-0.00072
1893	94.65	1.507	-0.00072
1894	94.7	1.506	-0.000721
1895	94.75	1.505	-0.000722
1896	94.8	1.504	-0.000724
1897	94.85	1.503	-0.000723
1898	94.9	1.502	-0.000725
1899	94.95	1.501	-0.000726
1900	95	1.5	-0.000727
1901	95.05	1.499	-0.000727
1902	95.1	1.498	-0.000728
1903	95.15	1.497	-0.00073
1904	95.2	1.496	-0.000731
1905	95.25	1.495	-0.000732
1906	95.3	1.494	-0.000733
1907	95.35	1.493	-0.000733
1908	95.4	1.492	-0.000734
1909	95.45	1.491	-0.000735
1910	95.5	1.49	-0.000735
1911	95.55	1.489	-0.000736
1912	95.6	1.488	-0.000737
1913	95.65	1.487	-0.000737
1914	95.7	1.486	-0.000738
1915	95.75	1.485	-0.000739
1916	95.8	1.484	-0.000741
1917	95.85	1.483	-0.000742
1918	95.9	1.482	-0.000743
1919	95.95	1.481	-0.000743
1920	96	1.48	-0.000743
1921	96.05	1.479	-0.000745
1922	96.1	1.478	-0.000746
1923	96.15	1.477	-0.000747
1924	96.2	1.476	-0.000748
1925	96.25	1.475	-0.000748
1926	96.3	1.474	-0.000749
1927	96.35	1.473	-0.000749
1928	96.4	1.472	-0.00075
1929	96.45	1.471	-0.000752
1930	96.5	1.47	-0.000752
1931	96.55	1.469	-0.000753
1932	96.6	1.468	-0.000754
1933	96.65	1.467	-0.000755
1934	96.7	1.466	-0.000757
1935	96.75	1.465	-0.000757
1936	96.8	1.464	-0.000757
1937	96.85	1.463	-0.000758
1938	96.9	1.462	-0.000759
1939	96.95	1.461	-0.00076
1940	97	1.46	-0.000761
1941	97.05	1.459	-0.000761
1942	97.1	1.458	-0.000761
1943	97.15	1.457	-0.000762
1944	97.2	1.456	-0.000763
1945	97.25	1.455	-0.000764
1946	97.3	1.454	-0.000764
1947	97.35	1.453	-0.000765
1948	97.4	1.452	-0.000766
1949	97.45	1.451	-0.000766
1950	97.5	1.45	-0.000768
1951	97.55	1.449	-0.000768
1952	97.6	1.448	-0.000768
1953	97.65	1.447	-0.000769
1954	97.7	1.446	-0.00077
1955	97.75	1.445	-0.000771
1956	97.8	1.444	-0.000771
1957	97.85	1.443	-0.000772
1958	97.9	1.442	-0.000773
1959	97.95	1.441	-0.000773
1960	98	1.44	-0.000773
1961	98.05	1.439	-0.000774
1962	98.1	1.438	-0.000774
1963	98.15	1.437	-0.000776
1964	98.2	1.436	-0.000776
1965	98.25	1.435	-0.000776
1966	98.3	1.434	-0.000777
1967	98.35	1.433	-0.000777
1968	98.4	1.432	-0.000778
1969	98.45	1.431	-0.000779
1970	98.5	1.43	-0.000778
1971	98.55	1.429	-0.000779
1972	98.6	1.428	-0.00078
1973	98.65	1.427	-0.000779
1974	98.7	1.426	-0.00078
1975	98.75	1.425	-0.00078
1976	98.8	1.424	-0.000781
1977	98.85	1.423	-0.000782
1978	98.9	1.422	-0.000784
1979	98.95	1.421	-0.000784
1980	99	1.42	-0.000785
1981	99.05	1.419	-0.000785
1982	99.1	1.418	-0.000786
1983	99.15	1.417	-0.000787
1984	99.2	1.416	-0.000787
1985	99.25	1.415	-0.000787
1986	99.3	1.414	-0.000788
1987	99.35	1.413	-0.000788
1988	99.4	1.412	-0.000788
1989	99.45	1.411	-0.000789
1990	99.5	1.41	-0.000789
1991	99.55	1.409	-0.00079
1992	99.6	1.408	-0.00079
1993	99.65	1.407	-0.000792
1994	99.7	1.406	-0.000793
1995	99.75	1.405	-0.000793
1996	99.8	1.404	-0.000793
1997	99.85	1.403	-0.000794
1998	99.9	1.402	-0.000794
1999	99.95	1.401	-0.000794
2000	100	1.4	-0.000795
2001	100.05	1.399	-0.000796
2002	100.1	1.398	-0.000796
2003	100.15	1.397	-0.000797
2004	100.2	1.396	-0.000797
2005	100.25	1.395	-0.000799
2006	100.3	1.394	-0.0008
2007	100.35	1.393	-0.0008
2008	100.4	1.392	-0.0008
2009	100.45	1.391	-0.0008
2010	100.5	1.39	-0.0008
2011	100.55	1.389	-0.000801
2012	100.6	1.388	-0.000801
2013	100.65	1.387	-0.000801
2014	100.7	1.386	-0.000802
2015	100.75	1.385	-0.000803
2016	100.8	1.384	-0.000803
2017	100.85	1.383	-0.000804
2018	100.9	1.382	-0.000805
2019	100.95	1.381	-0.000805
2020	101	1.38	-0.000805
2021	101.05	1.379	-0.000806
2022	101.1	1.378	-0.000806
2023	101.15	1.377	-0.000806
2024	101.2	1.376	-0.000807
2025	101.25	1.375	-0.000807
2026	101.3	1.374	-0.000808
2027	101.35	1.373	-0.000809
2028	101.4	1.372	-0.000809
2029	101.45	1.371	-0.00081
2030	101.5	1.37	-0.000811
2031	101.55	1.369	-0.000811
2032	101.6	1.368	-0.000812
2033	101.65	1.367	-0.000812
2034	101.7	1.366	-0.000812
2035	101.75	1.365	-0.000814
2036	101.8	1.364	-0.000814
2037	101.85	1.363	-0.000815
2038	101.9	1.362	-0.000815
2039	101.95	1.361	-0.000816
2040	102	1.36	-0.000816
2041	102.05	1.359	-0.000816
2042	102.1	1.358	-0.000816
2043	102.15	1.357	-0.000818
2044	102.2	1.356	-0.000818
2045	102.25	1.355	-0.000819
2046	102.3	1.354	-0.000819
2047	102.35	1.353	-0.00082
2048	102.4	1.352	-0.00082
2049	102.45	1.351	-0.000821
2050	102.5	1.35	-0.000822
2051	102.55	1.349	-0.000823
2052	102.6	1.348	-0.000822
2053	102.65	1.347	-0.000823
2054	102.7	1.346	-0.000823
2055	102.75	1.345	-0.000823
2056	102.8	1.344	-0.000824
2057	102.85	1.343	-0.000824
2058	102.9	1.342	-0.000825
2059	102.95	1.341	-0.000826
2060	103	1.34	-0.000827
2061	103.05	1.339	-0.000827
2062	103.1	1.338	-0.000828
2063	103.15	1.337	-0.00083
2064	103.2	1.336	-0.00083
2065	103.25	1.335	-0.000831
2066	103.3	1.334	-0.00083
2067	103.35	1.333	-0.000831
2068	103.4	1.332	-0.000831
2069	103.45	1.331	-0.000833
2070	103.5	1.33	-0.000834
2071	103.55	1.329	-0.000835
2072	103.6	1.328	-0.000835
2073	103.65	1.327	-0.000836
2074	103.7	1.326	-0.000835
2075	103.75	1.325	-0.000836
2076	103.8	1.324	-0.000837
2077	103.85	1.323	-0.000838
2078	103.9	1.322	-0.000838
2079	103.95	1.321	-0.000839
2080	104	1.32	-0.000839
2081	104.05	1.319	-0.00084
2082	104.1	1.318	-0.00084
2083	104.15	1.317	-0.000842
2084	104.2	1.316	-0.000842
2085	104.25	1.315	-0.000843
2086	104.3	1.314	-0.000843
2087	104.35	1.313	-0.000844
2088	104.4	1.312	-0.000844
2089	104.45	1.311	-0.000845
2090	104.5	1.31	-0.000844
2091	104.55	1.309	-0.000846
2092	104.6	1.308	-0.000847
2093	104.65	1.307	-0.000847
2094	104.7	1.306	-0.000847
2095	104.75	1.305	-0.000849
2096	104.8	1.304	-0.000849
2097	104.85	1.303	-0.00085
2098	104.9	1.302	-0.00085
2099	104.95	1.301	-0.000851
2100	105	1.3	-0.000852
2101	105.05	1.299	-0.000852
2102	105.1	1.298	-0.000853
2103	105.15	1.297	-0.000854
2104	105.2	1.296	-0.000855
2105	105.25	1.295	-0.000855
2106	105.3	1.294	-0.000856
2107	105.35	1.293	-0.000858
2108	105.4	1.292	-0.000858
2109	105.45	1.291	-0.00086
2110	105.5	1.29	-0.000859
2111	105.55	1.289	-0.00086
2112	105.6	1.288	-0.000861
2113	105.65	1.287	-0.000862
2114	105.7	1.286	-0.000862
2115	105.75	1.285	-0.000864
2116	105.8	1.284	-0.000864
2117	105.85	1.283	-0.000865
2118	105.9	1.282	-0.000865
2119	105.95	1.281	-0.000865
2120	106	1.28	-0.000867
2121	106.05	1.279	-0.000868
2122	106.1	1.278	-0.000869
2123	106.15	1.277	-0.00087
2124	106.2	1.276	-0.00087
2125	106.25	1.275	-0.000872
2126	106.3	1.274	-0.000872
2127	106.35	1.273	-0.000873
2128	106.4	1.272	-0.000873
2129	106.45	1.271	-0.000875
2130	106.5	1.27	-0.000875
2131	106.55	1.269	-0.000876
2132	106.6	1.268	-0.000877
2133	106.65	1.267	-0.000878
2134	106.7	1.266	-0.000879
2135	106.75	1.265	-0.000879
2136	106.8	1.264	-0.00088
2137	106.85	1.263	-0.000881
2138	106.9	1.262	-0.000882
2139	106.95	1.261	-0.000883
2140	107	1.26	-0.000884
2141	107.05	1.259	-0.000884
2142	107.1	1.258	-0.000886
2143	107.15	1.257	-0.000887
2144	107.2	1.256	-0.000887
2145	107.25	1.255	-0.000889
2146	107.3	1.254	-0.00089
2147	107.35	1.253	-0.000892
2148	107.4	1.252	-0.000892
2149	107.45	1.251	-0.000894
2150	107.5	1.25	-0.000894
2151	107.55	1.249	-0.000895
2152	107.6	1.248	-0.000896
2153	107.65	1.247	-0.000897
2154	107.7	1.246	-0.000897
2155	107.75	1.245	-0.000898
2156	107.8	1.244	-0.000899
2157	107.85	1.243	-0.0009
2158	107.9	1.242	-0.000901
2159	107.95	1.241	-0.000901
2160	108	1.24	-0.000902
2161	108.05	1.239	-0.000904
2162	108.1	1.238	-0.000905
2163	108.15	1.237	-0.000906
2164	108.2	1.236	-0.000907
2165	108.25	1.235	-0.000909
2166	108.3	1.234	-0.00091
2167	108.35	1.233	-0.000911
2168	108.4	1.232	-0.000911
2169	108.45	1.231	-0.000912
2170	108.5	1.23	-0.000913
2171	108.55	1.229	-0.000916
2172	108.6	1.228	-0.000917
2173	108.65	1.227	-0.000918
2174	108.7	1.226	-0.000918
2175	108.75	1.225	-0.00092
2176	108.8	1.224	-0.00092
2177	108.85	1.223	-0.000922
2178	108.9	1.222	-0.000923
2179	108.95	1.221	-0.000925
2180	109	1.22	-0.000925
2181	109.05	1.219	-0.000926
2182	109.1	1.218	-0.000927
2183	109.15	1.217	-0.000928
2184	109.2	1.216	-0.000929
2185	109.25	1.215	-0.000931
2186	109.3	1.214	-0.000931
2187	109.35	1.213	-0.000932
2188	109.4	1.212	-0.000934
2189	109.45	1.211	-0.000935
2190	109.5	1.21	-0.000935
2191	109.55	1.209	-0.000937
2192	109.6	1.208	-0.000938
2193	109.65	1.207	-0.00094
2194	109.7	1.206	-0.00094
2195	109.75	1.205	-0.000941
2196	109.8	1.204	-0.000942
2197	109.85	1.203	-0.000944
2198	109.9	1.202	-0.000946
2199	109.95	1.201	-0.000947
2200	110	1.2	-0.000949
2201	110.05	1.199	-0.00095
2202	110.1	1.198	-0.00095
2203	110.15	1.197	-0.000951
2204	110.2	1.196	-0.000953
2205	110.25	1.195	-0.000955
2206	110.3	1.194	-0.000956
2207	110.35	1.193	-0.000956
2208	110.4	1.192	-0.000958
2209	110.45	1.191	-0.00096
2210	110.5	1.19	-0.000961
2211	110.55	1.189	-0.000962
2212	110.6	1.188	-0.000963
2213	110.65	1.187	-0.000964
2214	110.7	1.186	-0.000966
2215	110.75	1.185	-0.000967
2216	110.8	1.184	-0.000968
2217	110.85	1.183	-0.00097
2218	110.9	1.182	-0.000971
2219	110.95	1.181	-0.000972
2220	111	1.18	-0.000974
2221	111.05	1.179	-0.000976
2222	111.1	1.178	-0.000976
2223	111.15	1.177	-0.000978
2224	111.2	1.176	-0.000979
2225	111.25	1.175	-0.000981
2226	111.3	1.174	-0.000982
2227	111.35	1.173	-0.000984
2228	111.4	1.172	-0.000985
2229	111.45	1.171	-0.000987
2230	111.5	1.17	-0.000988
2231	111.55	1.169	-0.00099
2232	111.6	1.168	-0.000992
2233	111.65	1.167	-0.000993
2234	111.7	1.166	-0.000994
2235	111.75	1.165	-0.000995
2236	111.8	1.164	-0.000997
2237	111.85	1.163	-0.000998
2238	111.9	1.162	-0.001
2239	111.95	1.161	-0.001001
2240	112	1.16	-0.001002
2241	112.05	1.159	-0.001004
2242	112.1	1.158	-0.001005
2243	112.15	1.157	-0.001007
2244	112.2	1.156	-0.001008
2245	112.25	1.155	-0.001009
2246	112.3	1.154	-0.00101
2247	112.35	1.153	-0.001012
2248	112.4	1.152	-0.001014
2249	112.45	1.151	-0.001016
2250	112.5	1.15	-0.001016
2251	112.55	1.149	-0.001018
2252	112.6	1.148	-0.001019
2253	112.65	1.147	-0.00102
2254	112.7	1.146	-0.001022
2255	112.75	1.145	-0.001023
2256	112.8	1.144	-0.001026
2257	112.85	1.143	-0.001026
2258	112.9	1.142	-0.001028
2259	112.95	1.141	-0.001029
2260	113	1.14	-0.00103
2261	113.05	1.139	-0.001032
2262	113.1	1.138	-0.001034
2263	113.15	1.137	-0.001035
2264	113.2	1.136	-0.001037
2265	113.25	1.135	-0.001037
2266	113.3	1.134	-0.001039
2267	113.35	1.133	-0.00104
2268	113.4	1.132	-0.001042
2269	113.45	1.131	-0.001043
2270	113.5	1.13	-0.001045
2271	113.55	1.129	-0.001045
2272	113.6	1.128	-0.001048
2273	113.65	1.127	-0.001049
2274	113.7	1.126	-0.001051
2275	113.75	1.125	-0.001052
2276	113.8	1.124	-0.001053
2277	113.85	1.123	-0.001055
2278	113.9	1.122	-0.001056
2279	113.95	1.121	-0.001058
2280	114	1.12	-0.001059
2281	114.05	1.119	-0.00106
2282	114.1	1.118	-0.001061
2283	114.15	1.117	-0.001062
2284	114.2	1.116	-0.001064
2285	114.25	1.115	-0.001065
2286	114.3	1.114	-0.001066
2287	114.35	1.113	-0.001068
2288	114.4	1.112	-0.001069
2289	114.45	1.111	-0.00107
2290	114.5	1.11	-0.001071
2291	114.55	1.109	-0.001072
2292	114.6	1.108	-0.001074
2293	114.65	1.107	-0.001077
2294	114.7	1.106	-0.001077
2295	114.75	1.105	-0.001078
2296	114.8	1.104	-0.001079
2297	114.85	1.103	-0.001081
2298	114.9	1.102	-0.001082
2299	114.95	1.101	-0.001084
2300	115	1.1	-0.001085
2301	115.05	1.099	-0.001085
2302	115.1	1.098	-0.001087
2303	115.15	1.097	-0.001088
2304	115.2	1.096	-0.001091
2305	115.25	1.095	-0.001092
2306	115.3	1.094	-0.001095
2307	115.35	1.093	-0.001095
2308	115.4	1.092	-0.001096
2309	115.45	1.091	-0.001097
2310	115.5	1.09	-0.0011
2311	115.55	1.089	-0.001101
2312	115.6	1.088	-0.001103
2313	115.65	1.087	-0.001104
2314	115.7	1.086	-0.001105
2315	115.75	1.085	-0.001106
2316	115.8	1.084	-0.001107
2317	115.85	1.083	-0.001109
2318	115.9	1.082	-0.00111
2319	115.95	1.081	-0.001111
2320	116	1.08	-0.001112
2321	116.05	1.079	-0.001113
2322	116.1	1.078	-0.001114
2323	116.15	1.077	-0.001116
2324	116.2	1.076	-0.001117
2325	116.25	1.075	-0.001119
2326	116.3	1.074	-0.001121
2327	116.35	1.073	-0.001122
2328	116.4	1.072	-0.001123
2329	116.45	1.071	-0.001125
2330	116.5	1.07	-0.001125
2331	116.55	1.069	-0.001127
2332	116.6	1.068	-0.001128
2333	116.65	1.067	-0.001129
2334	116.7	1.066	-0.001131
2335	116.75	1.065	-0.001132
2336	116.8	1.064	-0.001133
2337	116.85	1.063	-0.001135
2338	116.9	1.062	-0.001137
2339	116.95	1.061	-0.001136
2340	117	1.06	-0.001136
2341	117.05	1.059	-0.001138
2342	117.1	1.058	-0.00114
2343	117.15	1.057	-0.001141
2344	117.2	1.056	-0.001143
2345	117.25	1.055	-0.001145
2346	117.3	1.054	-0.001145
2347	117.35	1.053	-0.001147
2348	117.4	1.052	-0.001149
2349	117.45	1.051	-0.001149
2350	117.5	1.05	-0.00115
2351	117.55	1.049	-0.001152
2352	117.6	1.048	-0.001153
2353	117.65	1.047	-0.001154
2354	117.7	1.046	-0.001155
2355	117.75	1.045	-0.001157
2356	117.8	1.044	-0.001159
2357	117.85	1.043	-0.001159
2358	117.9	1.042	-0.001161
2359	117.95	1.041	-0.001162
2360	118	1.04	-0.001164
2361	118.05	1.039	-0.001165
2362	118.1	1.038	-0.001166
2363	118.15	1.037	-0.001167
2364	118.2	1.036	-0.001169
2365	118.25	1.035	-0.00117
2366	118.3	1.034	-0.001171
2367	118.35	1.033	-0.001171
2368	118.4	1.032	-0.001173
2369	118.45	1.031	-0.001174
2370	118.5	1.03	-0.001176
2371	118.55	1.029	-0.001177
2372	118.6	1.028	-0.001178
2373	118.65	1.027	-0.001178
2374	118.7	1.026	-0.001179
2375	118.75	1.025	-0.00118
2376	118.8	1.024	-0.001182
2377	118.85	1.023	-0.001184
2378	118.9	1.022	-0.001185
2379	118.95	1.021	-0.001186
2380	119	1.02	-0.001188
2381	119.05	1.019	-0.001188
2382	119.1	1.018	-0.001189
2383	119.15	1.017	-0.001191
2384	119.2	1.016	-0.001191
2385	119.25	1.015	-0.001193
2386	119.3	1.014	-0.001194
2387	119.35	1.013	-0.001196
2388	119.4	1.012	-0.001197
2389	119.45	1.011	-0.001198
2390	119.5	1.01	-0.0012
2391	119.55	1.009	-0.0012
2392	119.6	1.008	-0.001202
2393	119.65	1.007	-0.001203
2394	119.7	1.006	-0.001204
2395	119.75	1.005	-0.001206
2396	119.8	1.004	-0.001207
2397	119.85	1.003	-0.001209
2398	119.9	1.002	-0.001209
2399	119.95	1.001	-0.00121
2400	120	1	-0.001211
2401	120.05	0.999	-0.001212
2402	120.1	0.998	-0.001213
2403	120.15	0.997	-0.001214
2404	120.2	0.996	-0.001216
2405	120.25	0.995	-0.001217
2406	120.3	0.994	-0.001219
2407	120.35	0.993	-0.00122
2408	120.4	0.992	-0.001221
2409	120.45	0.991	-0.001221
2410	120.5	0.99	-0.001223
2411	120.55	0.989	-0.001223
2412	120.6	0.988	-0.001225
2413	120.65	0.987	-0.001225
2414	120.7	0.986	-0.001228
2415	120.75	0.985	-0.001229
2416	120.8	0.984	-0.001231
2417	120.85	0.983	-0.001231
2418	120.9	0.982	-0.001233
2419	120.95	0.981	-0.001233
2420	121	0.98	-0.001235
2421	121.05	0.979	-0.001236
2422	121.1	0.978	-0.001237
2423	121.15	0.977	-0.001238
2424	121.2	0.976	-0.001238
2425	121.25	0.975	-0.001241
2426	121.3	0.974	-0.001242
2427	121.35	0.973	-0.001243
2428	121.4	0.972	-0.001245
2429	121.45	0.971	-0.001246
2430	121.5	0.97	-0.001248
2431	121.55	0.969	-0.001249
2432	121.6	0.968	-0.00125
2433	121.65	0.967	-0.001251
2434	121.7	0.966	-0.001252
2435	121.75	0.965	-0.001252
2436	121.8	0.964	-0.001254
2437	121.85	0.963	-0.001255
2438	121.9	0.962	-0.001256
2439	121.95	0.961	-0.001257
2440	122	0.96	-0.001258
2441	122.05	0.959	-0.00126
2442	122.1	0.958	-0.001261
2443	122.15	0.957	-0.001263
2444	122.2	0.956	-0.001264
2445	122.25	0.955	-0.001264
2446	122.3	0.954	-0.001266
2447	122.35	0.953	-0.001267
2448	122.4	0.952	-0.001269
2449	122.45	0.951	-0.001269
2450	122.5	0.95	-0.00127
2451	122.55	0.949	-0.001271
2452	122.6	0.948	-0.001273
2453	122.65	0.947	-0.001274
2454	122.7	0.946	-0.001276
2455	122.75	0.945	-0.001276
2456	122.8	0.944	-0.001278
2457	122.85	0.943	-0.001279
2458	122.9	0.942	-0.001279
2459	122.95	0.941	-0.00128
2460	123	0.94	-0.001282
2461	123.05	0.939	-0.001283
2462	123.1	0.938	-0.001284
2463	123.15	0.937	-0.001284
2464	123.2	0.936	-0.001286
2465	123.25	0.935	-0.001287
2466	123.3	0.934	-0.001288
2467	123.35	0.933	-0.001289
2468	123.4	0.932	-0.00129
2469	123.45	0.931	-0.001291
2470	123.5	0.93	-0.001294
2471	123.55	0.929	-0.001294
2472	123.6	0.928	-0.001295
2473	123.65	0.927	-0.001296
2474	123.7	0.926	-0.001298
2475	123.75	0.925	-0.001299
2476	123.8	0.924	-0.0013
2477	123.85	0.923	-0.001301
2478	123.9	0.922	-0.001303
2479	123.95	0.921	-0.001304
2480	124	0.92	-0.001305
2481	124.05	0.919	-0.001306
2482	124.1	0.918	-0.001307
2483	124.15	0.917	-0.001308
2484	124.2	0.916	-0.001309
2485	124.25	0.915	-0.00131
2486	124.3	0.914	-0.001312
2487	124.35	0.913	-0.001313
2488	124.4	0.912	-0.001313
2489	124.45	0.911	-0.001315
2490	124.5	0.91	-0.001316
2491	124.55	0.909	-0.001317
2492	124.6	0.908	-0.001318
2493	124.65	0.907	-0.001319
2494	124.7	0.906	-0.001321
2495	124.75	0.905	-0.001322
2496	124.8	0.904	-0.001323
2497	124.85	0.903	-0.001325
2498	124.9	0.902	-0.001325
2499	124.95	0.901	-0.001327
2500	125	0.9	-0.001326
2501	125.05	0.899	-0.001328
2502	125.1	0.898	-0.001331
2503	125.15	0.897	-0.001331
2504	125.2	0.896	-0.001332
2505	125.25	0.895	-0.001334
2506	125.3	0.894	-0.001335
2507	125.35	0.893	-0.001336
2508	125.4	0.892	-0.001337
2509	125.45	0.891	-0.001338
2510	125.5	0.89	-0.001339
2511	125.55	0.889	-0.001341
2512	125.6	0.888	-0.001341
2513	125.65	0.887	-0.001343
2514	125.7	0.886	-0.001345
2515	125.75	0.885	-0.001346
2516	125.8	0.884	-0.001347
2517	125.85	0.883	-0.001348
2518	125.9	0.882	-0.00135
2519	125.95	0.881	-0.00135
2520	126	0.88	-0.001351
2521	126.05	0.879	-0.001352
2522	126.1	0.878	-0.001352
2523	126.15	0.877	-0.001353
2524	126.2	0.876	-0.001355
2525	126.25	0.875	-0.001356
2526	126.3	0.874	-0.001357
2527	126.35	0.873	-0.001358
2528	126.4	0.872	-0.001359
2529	126.45	0.871	-0.00136
2530	126.5	0.87	-0.001361
2531	126.55	0.869	-0.001362
2532	126.6	0.868	-0.001363
2533	126.65	0.867	-0.001363
2534	126.7	0.866	-0.001364
2535	126.75	0.865	-0.001365
2536	126.8	0.864	-0.001366
2537	126.85	0.863	-0.001369
2538	126.9	0.862	-0.001369
2539	126.95	0.861	-0.001369
2540	127	0.86	-0.001371
2541	127.05	0.859	-0.001373
2542	127.1	0.858	-0.001374
2543	127.15	0.857	-0.001375
2544	127.2	0.856	-0.001375
2545	127.25	0.855	-0.001376
2546	127.3	0.854	-0.001377
2547	127.35	0.853	-0.001379
2548	127.4	0.852	-0.001379
2549	127.45	0.851	-0.001379
2550	127.5	0.85	-0.001381
2551	127.55	0.849	-0.001382
2552	127.6	0.848	-0.001383
2553	127.65	0.847	-0.001385
2554	127.7	0.846	-0.001385
2555	127.75	0.845	-0.001388
2556	127.8	0.844	-0.001388
2557	127.85	0.843	-0.001389
2558	127.9	0.842	-0.001389
2559	127.95	0.841	-0.001391
2560	128	0.84	-0.001391
2561	128.05	0.839	-0.001392
2562	128.1	0.838	-0.001394
2563	128.15	0.837	-0.001395
2564	128.2	0.836	-0.001395
2565	128.25	0.835	-0.001395
2566	128.3	0.834	-0.001397
2567	128.35	0.833	-0.001398
2568	128.4	0.832	-0.001399
2569	128.45	0.831	-0.001399
2570	128.5	0.83	-0.001399
2571	128.55	0.829	-0.001401
2572	128.6	0.828	-0.001402
2573	128.65	0.827	-0.001402
2574	128.7	0.826	-0.001404
2575	128.75	0.825	-0.001406
2576	128.8	0.824	-0.001406
2577	128.85	0.823	-0.001407
2578	128.9	0.822	-0.001407
2579	128.95	0.821	-0.001408
2580	129	0.82	-0.001408
2581	129.05	0.819	-0.001412
2582	129.1	0.818	-0.001413
2583	129.15	0.817	-0.001413
2584	129.2	0.816	-0.001413
2585	129.25	0.815	-0.001414
2586	129.3	0.814	-0.001415
2587	129.35	0.813	-0.001415
2588	129.4	0.812	-0.001416
2589	129.45	0.811	-0.001417
2590	129.5	0.81	-0.001417
2591	129.55	0.809	-0.001419
2592	129.6	0.808	-0.001419
2593	129.65	0.807	-0.00142
2594	129.7	0.806	-0.00142
2595	129.75	0.805	-0.001421
2596	129.8	0.804	-0.001422
2597	129.85	0.803	-0.001423
2598	129.9	0.802	-0.001423
2599	129.95	0.801	-0.001424
2600	130	0.8	-0.001425
2601	130.05	0.799	-0.001427
2602	130.1	0.798	-0.001426
2603	130.15	0.797	-0.001427
2604	130.2	0.796	-0.001428
2605	130.25	0.795	-0.001429
2606	130.3	0.794	-0.00143
2607	130.35	0.793	-0.001431
2608	130.4	0.792	-0.001431
2609	130.45	0.791	-0.001432
2610	130.5	0.79	-0.001433
2611	130.55	0.789	-0.001434
2612	130.6	0.788	-0.001434
2613	130.65	0.787	-0.001436
2614	130.7	0.786	-0.001435
2615	130.75	0.785	-0.001436
2616	130.8	0.784	-0.001438
2617	130.85	0.783	-0.001438
2618	130.9	0.782	-0.001438
2619	130.95	0.781	-0.001441
2620	131	0.78	-0.001441
2621	131.05	0.779	-0.001442
2622	131.1	0.778	-0.001442
2623	131.15	0.777	-0.001444
2624	131.2	0.776	-0.001443
2625	131.25	0.775	-0.001444
2626	131.3	0.774	-0.001445
2627	131.35	0.773	-0.001446
2628	131.4	0.772	-0.001445
2629	131.45	0.771	-0.001447
2630	131.5	0.77	-0.001448
2631	131.55	0.769	-0.001449
2632	131.6	0.768	-0.001451
2633	131.65	0.767	-0.001451
2634	131.7	0.766	-0.001451
2635	131.75	0.765	-0.001452
2636	131.8	0.764	-0.001452
2637	131.85	0.763	-0.001453
2638	131.9	0.762	-0.001453
2639	131.95	0.761	-0.001455
2640	132	0.76	-0.001455
2641	132.05	0.759	-0.001457
2642	132.1	0.758	-0.001457
2643	132.15	0.757	-0.001458
2644	132.2	0.756	-0.001458
2645	132.25	0.755	-0.001459
2646	132.3	0.754	-0.00146
2647	132.35	0.753	-0.001461
2648	132.4	0.752	-0.001461
2649	132.45	0.751	-0.001462
2650	132.5	0.75	-0.001462
2651	132.55	0.749	-0.001463
2652	132.6	0.748	-0.001463
2653	132.65	0.747	-0.001465
2654	132.7	0.746	-0.001465
2655	132.75	0.745	-0.001466
2656	132.8	0.744	-0.001466
2657	132.85	0.743	-0.001467
2658	132.9	0.742	-0.001467
2659	132.95	0.741	-0.001469
2660	133	0.74	-0.001469
2661	133.05	0.739	-0.00147
2662	133.1	0.738	-0.001471
2663	133.15	0.737	-0.001471
2664	133.2	0.736	-0.001472
2665	133.25	0.735	-0.001473
2666	133.3	0.734	-0.001473
2667	133.35	0.733	-0.001474
2668	133.4	0.732	-0.001474
2669	133.45	0.731	-0.001475
2670	133.5	0.73	-0.001474
2671	133.55	0.729	-0.001475
2672	133.6	0.728	-0.001476
2673	133.65	0.727	-0.001477
2674	133.7	0.726	-0.001477
2675	133.75	0.725	-0.001477
2676	133.8	0.724	-0.001478
2677	133.85	0.723	-0.001479
2678	133.9	0.722	-0.00148
2679	133.95	0.721	-0.00148
2680	134	0.72	-0.001481
2681	134.05	0.719	-0.001481
2682	134.1	0.718	-0.001482
2683	134.15	0.717	-0.001483
2684	134.2	0.716	-0.001484
2685	134.25	0.715	-0.001484
2686	134.3	0.714	-0.001485
2687	134.35	0.713	-0.001485
2688	134.4	0.712	-0.001485
2689	134.45	0.711	-0.001486
2690	134.5	0.71	-0.001486
2691	134.55	0.709	-0.001487
2692	134.6	0.708	-0.001487
2693	134.65	0.707	-0.001488
2694	134.7	0.706	-0.001489
2695	134.75	0.705	-0.001489
2696	134.8	0.704	-0.00149
2697	134.85	0.703	-0.00149
2698	134.9	0.702	-0.00149
2699	134.95	0.701	-0.001491
2700	135	0.7	-0.001492
2701	135.05	0.699	-0.001493
2702	135.1	0.698	-0.001493
2703	135.15	0.697	-0.001493
2704	135.2	0.696	-0.001494
2705	135.25	0.695	-0.001494
2706	135.3	0.694	-0.001495
2707	135.35	0.693	-0.001495
2708	135.4	0.692	-0.001496
2709	135.45	0.691	-0.001497
2710	135.5	0.69	-0.001497
2711	135.55	0.689	-0.001497
2712	135.6	0.688	-0.001498
2713	135.65	0.687	-0.001499
2714	135.7	0.686	-0.001499
2715	135.75	0.685	-0.0015
2716	135.8	0.684	-0.0015
2717	135.85	0.683	-0.001501
2718	135.9	0.682	-0.001501
2719	135.95	0.681	-0.001501
2720	136	0.68	-0.001502
2721	136.05	0.679	-0.001502
2722	136.1	0.678	-0.001503
2723	136.15	0.677	-0.001504
2724	136.2	0.676	-0.001504
2725	136.25	0.675	-0.001504
2726	136.3	0.674	-0.001506
2727	136.35	0.673	-0.001505
2728	136.4	0.672	-0.001506
2729	136.45	0.671	-0.001506
2730	136.5	0.67	-0.001506
2731	136.55	0.669	-0.001508
2732	136.6	0.668	-0.001508
2733	136.65	0.667	-0.001508
2734	136.7	0.666	-0.001509
2735	136.75	0.665	-0.001509
2736	136.8	0.664	-0.00151
2737	136.85	0.663	-0.001509
2738	136.9	0.662	-0.00151
2739	136.95	0.661	-0.00151
2740	137	0.66	-0.001511
2741	137.05	0.659	-0.001512
2742	137.1	0.658	-0.001513
2743	137.15	0.657	-0.001512
2744	137.2	0.656	-0.001512
2745	137.25	0.655	-0.001514
2746	137.3	0.654	-0.001513
2747	137.35	0.653	-0.001514
2748	137.4	0.652	-0.001515
2749	137.45	0.651	-0.001516
2750	137.5	0.65	-0.001516
2751	137.55	0.649	-0.001517
2752	137.6	0.648	-0.001516
2753	137.65	0.647	-0.001517
2754	137.7	0.646	-0.001517
2755	137.75	0.645	-0.001517
2756	137.8	0.644	-0.001519
2757	137.85	0.643	-0.001518
2758	137.9	0.642	-0.001519
2759	137.95	0.641	-0.00152
2760	138	0.64	-0.00152
2761	138.05	0.639	-0.00152
2762	138.1	0.638	-0.00152
2763	138.15	0.637	-0.001521
2764	138.2	0.636	-0.001522
2765	138.25	0.635	-0.001522
2766	138.3	0.634	-0.001522
2767	138.35	0.633	-0.001523
2768	138.4	0.632	-0.001523
2769	138.45	0.631	-0.001522
2770	138.5	0.63	-0.001522
2771	138.55	0.629	-0.001523
2772	138.6	0.628	-0.001524
2773	138.65	0.627	-0.001525
2774	138.7	0.626	-0.001525
2775	138.75	0.625	-0.001526
2776	138.8	0.624	-0.001526
2777	138.85	0.623	-0.001526
2778	138.9	0.622	-0.001527
2779	138.95	0.621	-0.001526
2780	139	0.62	-0.001527
2781	139.05	0.619	-0.001527
2782	139.1	0.618	-0.001528
2783	139.15	0.617	-0.001528
2784	139.2	0.616	-0.001528
2785	139.25	0.615	-0.001529
2786	139.3	0.614	-0.001531
2787	139.35	0.613	-0.001531
2788	139.4	0.612	-0.001531
2789	139.45	0.611	-0.001531
2790	139.5	0.61	-0.001532
2791	139.55	0.609	-0.001532
2792	139.6	0.608	-0.001533
2793	139.65	0.607	-0.001533
2794	139.7	0.606	-0.001534
2795	139.75	0.605	-0.001535
2796	139.8	0.604	-0.001534
2797	139.85	0.603	-0.001535
2798	139.9	0.602	-0.001535
2799	139.95	0.601	-0.001536
2800	140	0.6	-0.001537
2801	140.05	0.599	-0.001537
2802	140.1	0.598	-0.001537
2803	140.15	0.597	-0.001537
2804	140.2	0.596	-0.001537
2805	140.25	0.595	-0.001537
2806	140.3	0.594	-0.001538
2807	140.35	0.593	-0.001538
2808	140.4	0.592	-0.001539
2809	140.45	0.591	-0.001538
2810	140.5	0.59	-0.001538
2811	140.55	0.589	-0.001539
2812	140.6	0.588	-0.001539
2813	140.65	0.587	-0.00154
2814	140.7	0.586	-0.001541
2815	140.75	0.585	-0.001541
2816	140.8	0.584	-0.001542
2817	140.85	0.583	-0.001542
2818	140.9	0.582	-0.001543
2819	140.95	0.581	-0.001543
2820	141	0.58	-0.001544
2821	141.05	0.579	-0.001544
2822	141.1	0.578	-0.001544
2823	141.15	0.577	-0.001544
2824	141.2	0.576	-0.001545
2825	141.25	0.575	-0.001545
2826	141.3	0.574	-0.001544
2827	141.35	0.573	-0.001544
2828	141.4	0.572	-0.001545
2829	141.45	0.571	-0.001545
2830	141.5	0.57	-0.001546
2831	141.55	0.569	-0.001546
2832	141.6	0.568	-0.001547
2833	141.65	0.567	-0.001547
2834	141.7	0.566	-0.001548
2835	141.75	0.565	-0.001548
2836	141.8	0.564	-0.001548
2837	141.85	0.563	-0.001549
2838	141.9	0.562	-0.001549
2839	141.95	0.561	-0.00155
2840	142	0.56	-0.00155
2841	142.05	0.559	-0.001551
2842	142.1	0.558	-0.001551
2843	142.15	0.557	-0.001552
2844	142.2	0.556	-0.001552
2845	142.25	0.555	-0.001552
2846	142.3	0.554	-0.001554
2847	142.35	0.553	-0.001553
2848	142.4	0.552	-0.001553
2849	142.45	0.551	-0.001554
2850	142.5	0.55	-0.001555
2851	142.55	0.549	-0.001556
2852	142.6	0.548	-0.001555
2853	142.65	0.547	-0.001554
2854	142.7	0.546	-0.001555
2855	142.75	0.545	-0.001556
2856	142.8	0.544	-0.001556
2857	142.85	0.543	-0.001557
2858	142.9	0.542	-0.001557
2859	142.95	0.541	-0.001556
2860	143	0.54	-0.001558
2861	143.05	0.539	-0.001558
2862	143.1	0.538	-0.001558
2863	143.15	0.537	-0.001558
2864	143.2	0.536	-0.001559
2865	143.25	0.535	-0.00156
2866	143.3	0.534	-0.001561
2867	143.35	0.533	-0.001561
2868	143.4	0.532	-0.001562
2869	143.45	0.531	-0.001561
2870	143.5	0.53	-0.001562
2871	143.55	0.529	-0.001561
2872	143.6	0.528	-0.001562
2873	143.65	0.527	-0.001562
2874	143.7	0.526	-0.001563
2875	143.75	0.525	-0.001563
2876	143.8	0.524	-0.001565
2877	143.85	0.523	-0.001564
2878	143.9	0.522	-0.001564
2879	143.95	0.521	-0.001565
2880	144	0.52	-0.001565
2881	144.05	0.519	-0.001565
2882	144.1	0.518	-0.001565
2883	144.15	0.517	-0.001566
2884	144.2	0.516	-0.001566
2885	144.25	0.515	-0.001566
2886	144.3	0.514	-0.001567
2887	144.35	0.513	-0.001567
2888	144.4	0.512	-0.001568
2889	144.45	0.511	-0.001569
2890	144.5	0.51	-0.00157
2891	144.55	0.509	-0.001571
2892	144.6	0.508	-0.001571
2893	144.65	0.507	-0.00157
2894	144.7	0.506	-0.001571
2895	144.75	0.505	-0.001572
2896	144.8	0.504	-0.001572
2897	144.85	0.503	-0.001572
2898	144.9	0.502	-0.001572
2899	144.95	0.501	-0.001573
2900	145	0.5	-0.001574
2901	145.05	0.499	-0.001574
2902	145.1	0.498	-0.001575
2903	145.15	0.497	-0.001575
2904	145.2	0.496	-0.001576
2905	145.25	0.495	-0.001576
2906	145.3	0.494	-0.001577
2907	145.35	0.493	-0.001577
2908	145.4	0.492	-0.001577
2909	145.45	0.491	-0.001577
2910	145.5	0.49	-0.001579
2911	145.55	0.489	-0.001578
2912	145.6	0.488	-0.001579
2913	145.65	0.487	-0.001579
2914	145.7	0.486	-0.001579
2915	145.75	0.485	-0.00158
2916	145.8	0.484	-0.00158
2917	145.85	0.483	-0.00158
2918	145.9	0.482	-0.001581
2919	145.95	0.481	-0.001581
2920	146	0.48	-0.001582
2921	146.05	0.479	-0.001583
2922	146.1	0.478	-0.001584
2923	146.15	0.477	-0.001584
2924	146.2	0.476	-0.001585
2925	146.25	0.475	-0.001585
2926	146.3	0.474	-0.001586
2927	146.35	0.473	-0.001587
2928	146.4	0.472	-0.001588
2929	146.45	0.471	-0.001589
2930	146.5	0.47	-0.001589
2931	146.55	0.469	-0.001589
2932	146.6	0.468	-0.00159
2933	146.65	0.467	-0.00159
2934	146.7	0.466	-0.001592
2935	146.75	0.465	-0.001592
2936	146.8	0.464	-0.001592
2937	146.85	0.463	-0.001592
2938	146.9	0.462	-0.001593
2939	146.95	0.461	-0.001594
2940	147	0.46	-0.001595
2941	147.05	0.459	-0.001595
2942	147.1	0.458	-0.001596
2943	147.15	0.457	-0.001597
2944	147.2	0.456	-0.001596
2945	147.25	0.455	-0.001596
2946	147.3	0.454	-0.001597
2947	147.35	0.453	-0.001598
2948	147.4	0.452	-0.001598
2949	147.45	0.451	-0.001598
2950	147.5	0.45	-0.001599
2951	147.55	0.449	-0.0016
2952	147.6	0.448	-0.001601
2953	147.65	0.447	-0.001603
2954	147.7	0.446	-0.001603
2955	147.75	0.445	-0.001604
2956	147.8	0.444	-0.001604
2957	147.85	0.443	-0.001604
2958	147.9	0.442	-0.001606
2959	147.95	0.441	-0.001605
2960	148	0.44	-0.001606
2961	148.05	0.439	-0.001606
2962	148.1	0.438	-0.001607
2963	148.15	0.437	-0.001607
2964	148.2	0.436	-0.001608
2965	148.25	0.435	-0.00161
2966	148.3	0.434	-0.001611
2967	148.35	0.433	-0.001611
2968	148.4	0.432	-0.001611
2969	148.45	0.431	-0.001613
2970	148.5	0.43	-0.001614
2971	148.55	0.429	-0.001614
2972	148.6	0.428	-0.001614
2973	148.65	0.427	-0.001614
2974	148.7	0.426	-0.001615
2975	148.75	0.425	-0.001615
2976	148.8	0.424	-0.001615
2977	148.85	0.423	-0.001617
2978	148.9	0.422	-0.001618
2979	148.95	0.421	-0.001618
2980	149	0.42	-0.00162
2981	149.05	0.419	-0.00162
2982	149.1	0.418	-0.001621
2983	149.15	0.417	-0.00162
2984	149.2	0.416	-0.001622
2985	149.25	0.415	-0.001623
2986	149.3	0.414	-0.001624
2987	149.35	0.413	-0.001625
2988	149.4	0.412	-0.001626
2989	149.45	0.411	-0.001626
2990	149.5	0.41	-0.001628
2991	149.55	0.409	-0.001629
2992	149.6	0.408	-0.00163
2993	149.65	0.407	-0.001631
2994	149.7	0.406	-0.001632
2995	149.75	0.405	-0.001633
2996	149.8	0.404	-0.001633
2997	149.85	0.403	-0.001633
2998	149.9	0.402	-0.001634
2999	149.95	0.401	-0.001634
3000	150	0.4	-0.001636
3001	150.05	0.399	-0.001637
3002	150.1	0.398	-0.001638
3003	150.15	0.397	-0.001639
3004	150.2	0.396	-0.00164
3005	150.25	0.395	-0.001641
3006	150.3	0.394	-0.001642
3007	150.35	0.393	-0.001643
3008	150.4	0.392	-0.001642
3009	150.45	0.391	-0.001644
3010	150.5	0.39	-0.001645
3011	150.55	0.389	-0.001645
3012	150.6	0.388	-0.001646
3013	150.65	0.387	-0.001648
3014	150.7	0.386	-0.001649
3015	150.75	0.385	-0.00165
3016	150.8	0.384	-0.001651
3017	150.85	0.383	-0.001653
3018	150.9	0.382	-0.001653
3019	150.95	0.381	-0.001655
3020	151	0.38	-0.001655
3021	151.05	0.379	-0.001656
3022	151.1	0.378	-0.001658
3023	151.15	0.377	-0.001659
3024	151.2	0.376	-0.00166
3025	151.25	0.375	-0.001662
3026	151.3	0.374	-0.001662
3027	151.35	0.373	-0.001664
3028	151.4	0.372	-0.001664
3029	151.45	0.371	-0.001666
3030	151.5	0.37	-0.001667
3031	151.55	0.369	-0.001667
3032	151.6	0.368	-0.001667
3033	151.65	0.367	-0.001669
3034	151.7	0.366	-0.00167
3035	151.75	0.365	-0.001672
3036	151.8	0.364	-0.001673
3037	151.85	0.363	-0.001674
3038	151.9	0.362	-0.001676
3039	151.95	0.361	-0.001677
3040	152	0.36	-0.001677
3041	152.05	0.359	-0.001679
3042	152.1	0.358	-0.00168
3043	152.15	0.357	-0.001681
3044	152.2	0.356	-0.001681
3045	152.25	0.355	-0.001683
3046	152.3	0.354	-0.001684
3047	152.35	0.353	-0.001686
3048	152.4	0.352	-0.001687
3049	152.45	0.351	-0.001689
3050	152.5	0.35	-0.001689
3051	152.55	0.349	-0.001691
3052	152.6	0.348	-0.001693
3053	152.65	0.347	-0.001693
3054	152.7	0.346	-0.001694
3055	152.75	0.345	-0.001696
3056	152.8	0.344	-0.001697
3057	152.85	0.343	-0.001698
3058	152.9	0.342	-0.0017
3059	152.95	0.341	-0.001701
3060	153	0.34	-0.001702
3061	153.05	0.339	-0.001703
3062	153.1	0.338	-0.001705
3063	153.15	0.337	-0.001706
3064	153.2	0.336	-0.001707
3065	153.25	0.335	-0.001708
3066	153.3	0.334	-0.001709
3067	153.35	0.333	-0.001711
3068	153.4	0.332	-0.001712
3069	153.45	0.331	-0.001713
3070	153.5	0.33	-0.001715
3071	153.55	0.329	-0.001717
3072	153.6	0.328	-0.001718
3073	153.65	0.327	-0.001718
3074	153.7	0.326	-0.00172
3075	153.75	0.325	-0.001722
3076	153.8	0.324	-0.001724
3077	153.85	0.323	-0.001725
3078	153.9	0.322	-0.001726
3079	153.95	0.321	-0.001728
3080	154	0.32	-0.001729
3081	154.05	0.319	-0.001731
3082	154.1	0.318	-0.001731
3083	154.15	0.317	-0.001734
3084	154.2	0.316	-0.001735
3085	154.25	0.315	-0.001736
3086	154.3	0.314	-0.001738
3087	154.35	0.313	-0.00174
3088	154.4	0.312	-0.001742
3089	154.45	0.311	-0.001744
3090	154.5	0.31	-0.001745
3091	154.55	0.309	-0.001747
3092	154.6	0.308	-0.001748
3093	154.65	0.307	-0.00175
3094	154.7	0.306	-0.001752
3095	154.75	0.305	-0.001754
3096	154.8	0.304	-0.001757
3097	154.85	0.303	-0.001758
3098	154.9	0.302	-0.001759
3099	154.95	0.301	-0.001761
3100	155	0.3	-0.001763
3101	155.05	0.299	-0.001765
3102	155.1	0.298	-0.001766
3103	155.15	0.297	-0.001768
3104	155.2	0.296	-0.00177
3105	155.25	0.295	-0.001772
3106	155.3	0.294	-0.001773
3107	155.35	0.293	-0.001776
3108	155.4	0.292	-0.001777
3109	155.45	0.291	-0.001779
3110	155.5	0.29	-0.001781
3111	155.55	0.289	-0.001783
3112	155.6	0.288	-0.001784
3113	155.65	0.287	-0.001786
3114	155.7	0.286	-0.001787
3115	155.75	0.285	-0.00179
3116	155.8	0.284	-0.001792
3117	155.85	0.283	-0.001794
3118	155.9	0.282	-0.001795
3119	155.95	0.281	-0.001798
3120	156	0.28	-0.0018
3121	156.05	0.279	-0.001802
3122	156.1	0.278	-0.001803
3123	156.15	0.277	-0.001806
3124	156.2	0.276	-0.001807
3125	156.25	0.275	-0.00181
3126	156.3	0.274	-0.001812
3127	156.35	0.273	-0.001816
3128	156.4	0.272	-0.001817
3129	156.45	0.271	-0.001819
3130	156.5	0.27	-0.001821
3131	156.55	0.269	-0.001823
3132	156.6	0.268	-0.001824
3133	156.65	0.267	-0.001828
3134	156.7	0.266	-0.00183
3135	156.75	0.265	-0.001834
3136	156.8	0.264	-0.001836
3137	156.85	0.263	-0.001838
3138	156.9	0.262	-0.001841
3139	156.95	0.261	-0.001844
3140	157	0.26	-0.001846
3141	157.05	0.259	-0.001848
3142	157.1	0.258	-0.00185
3143	157.15	0.257	-0.001853
3144	157.2	0.256	-0.001855
3145	157.25	0.255	-0.001857
3146	157.3	0.254	-0.001859
3147	157.35	0.253	-0.001863
3148	157.4	0.252	-0.001865
3149	157.45	0.251	-0.001868
3150	157.5	0.25	-0.00187
3151	157.55	0.249	-0.001873
3152	157.6	0.248	-0.001875
3153	157.65	0.247	-0.001878
3154	157.7	0.246	-0.001881
3155	157.75	0.245	-0.001884
3156	157.8	0.244	-0.001886
3157	157.85	0.243	-0.001889
3158	157.9	0.242	-0.001892
3159	157.95	0.241	-0.001896
3160	158	0.24	-0.001898
3161	158.05	0.239	-0.001901
3162	158.1	0.238	-0.001903
3163	158.15	0.237	-0.001907
3164	158.2	0.236	-0.00191
3165	158.25	0.235	-0.001913
3166	158.3	0.234	-0.001916
3167	158.35	0.233	-0.001919
3168	158.4	0.232	-0.001923
3169	158.45	0.231	-0.001926
3170	158.5	0.23	-0.001929
3171	158.55	0.229	-0.001933
3172	158.6	0.228	-0.001935
3173	158.65	0.227	-0.001938
3174	158.7	0.226	-0.001942
3175	158.75	0.225	-0.001947
3176	158.8	0.224	-0.00195
3177	158.85	0.223	-0.001953
3178	158.9	0.222	-0.001956
3179	158.95	0.221	-0.001959
3180	159	0.22	-0.001963
3181	159.05	0.219	-0.001967
3182	159.1	0.218	-0.00197
3183	159.15	0.217	-0.001973
3184	159.2	0.216	-0.001977
3185	159.25	0.215	-0.001981
3186	159.3	0.214	-0.001985
3187	159.35	0.213	-0.001989
3188	159.4	0.212	-0.001992
3189	159.45	0.211	-0.001997
3190	159.5	0.21	-0.002
3191	159.55	0.209	-0.002004
3192	159.6	0.208	-0.002008
3193	159.65	0.207	-0.002013
3194	159.7	0.206	-0.002017
3195	159.75	0.205	-0.002022
3196	159.8	0.204	-0.002026
3197	159.85	0.203	-0.00203
3198	159.9	0.202	-0.002034
3199	159.95	0.201	-0.002039
CURVE	TABLE	3200
Pt	T	Vf	Im
#	s	V vs. Ref.	A
0	0	0.2	-0.00269
1	0.0333333	0.201	-0.002564
2	0.0666667	0.202	-0.002428
3	0.1	0.203	-0.002306
4	0.133333	0.204	-0.0022
5	0.166667	0.205	-0.002104
6	0.2	0.206	-0.002016
7	0.233333	0.207	-0.001937
8	0.266667	0.208	-0.001865
9	0.3	0.209	-0.001795
10	0.333333	0.21	-0.001732
11	0.366667	0.211	-0.001673
12	0.4	0.212	-0.001617
13	0.433333	0.213	-0.001562
14	0.466667	0.214	-0.001511
15	0.5	0.215	-0.001463
16	0.533333	0.216	-0.001417
17	0.566667	0.217	-0.001374
18	0.6	0.218	-0.00133
19	0.633333	0.219	-0.001291
20	0.666667	0.22	-0.001252
21	0.7	0.221	-0.001214
22	0.733333	0.222	-0.001177
23	0.766667	0.223	-0.001143
24	0.8	0.224	-0.001108
25	0.833333	0.225	-0.001074
26	0.866667	0.226	-0.001043
27	0.9	0.227	-0.001012
28	0.933333	0.228	-0.000981
29	0.966667	0.229	-0.000952
30	1	0.23	-0.000923
31	1.03333	0.231	-0.000895
32	1.06667	0.232	-0.000868
33	1.1	0.233	-0.000842
34	1.13333	0.234	-0.000817
35	1.16667	0.235	-0.000792
36	1.2	0.236	-0.000768
37	1.23333	0.237	-0.000744
38	1.26667	0.238	-0.000721
39	1.3	0.239	-0.000698
40	1.33333	0.24	-0.000677
41	1.36667	0.241	-0.000655
42	1.4	0.242	-0.000634
43	1.43333	0.243	-0.000614
44	1.46667	0.244	-0.000594
45	1.5	0.245	-0.000575
46	1.53333	0.246	-0.000557
47	1.56667	0.247	-0.000538
48	1.6	0.248	-0.000521
49	1.63333	0.249	-0.000504
50	1.66667	0.25	-0.000487
51	1.7	0.251	-0.00047
52	1.73333	0.252	-0.000454
53	1.76667	0.253	-0.000439
54	1.8	0.254	-0.000423
55	1.83333	0.255	-0.000408
56	1.86667	0.256	-0.000394
57	1.9	0.257	-0.000379
58	1.93333	0.258	-0.000366
59	1.96667	0.259	-0.000352
60	2	0.26	-0.000338
61	2.03333	0.261	-0.000325
62	2.06667	0.262	-0.000313
63	2.1	0.263	-0.000301
64	2.13333	0.264	-0.000288
65	2.16667	0.265	-0.000277
66	2.2	0.266	-0.000265
67	2.23333	0.267	-0.000255
68	2.26667	0.268	-0.000244
69	2.3	0.269	-0.000233
70	2.33333	0.27	-0.000223
71	2.36667	0.271	-0.000214
72	2.4	0.272	-0.000205
73	2.43333	0.273	-0.000195
74	2.46667	0.274	-0.000186
75	2.5	0.275	-0.000178
76	2.53333	0.276	-0.000169
77	2.56667	0.277	-0.000162
78	2.6	0.278	-0.000153
79	2.63333	0.279	-0.000145
80	2.66667	0.28	-0.000139
81	2.7	0.281	-0.000131
82	2.73333	0.282	-0.000125
83	2.76667	0.283	-0.000118
84	2.8	0.284	-0.000112
85	2.83333	0.285	-0.000106
86	2.86667	0.286	-0.0001
87	2.9	0.287	-9.49e-05
88	2.93333	0.288	-8.85e-05
89	2.96667	0.289	-8.4e-05
90	3	0.29	-7.84e-05
91	3.03333	0.291	-7.27e-05
92	3.06667	0.292	-6.76e-05
93	3.1	0.293	-6.37e-05
94	3.13333	0.294	-5.94e-05
95	3.16667	0.295	-5.52e-05
96	3.2	0.296	-5.08e-05
97	3.23333	0.297	-4.66e-05
98	3.26667	0.298	-4.29e-05
99	3.3	0.299	-3.98e-05
100	3.33333	0.3	-3.6e-05
101	3.36667	0.301	-3.38e-05
102	3.4	0.302	-3.01e-05
103	3.43333	0.303	-2.68e-05
104	3.46667	0.304	-2.4e-05
105	3.5	0.305	-2.1e-05
106	3.53333	0.306	-1.78e-05
107	3.56667	0.307	-1.56e-05
108	3.6	0.308	-1.36e-05
109	3.63333	0.309	-1.14e-05
110	3.66667	0.31	-8.74e-06
111	3.7	0.311	-6.69e-06
112	3.73333	0.312	-4.64e-06
113	3.76667	0.313	-2e-06
114	3.8	0.314	-4.29e-07
115	3.83333	0.315	1.26e-06
116	3.86667	0.316	2.34e-06
117	3.9	0.317	4.03e-06
118	3.93333	0.318	6.68e-06
119	3.96667	0.319	8.6e-06
120	4	0.32	1.01e-05
121	4.03333	0.321	1.16e-05
122	4.06667	0.322	1.23e-05
123	4.1	0.323	1.43e-05
124	4.13333	0.324	1.67e-05
125	4.16667	0.325	1.81e-05
126	4.2	0.326	1.93e-05
127	4.23333	0.327	2.16e-05
128	4.26667	0.328	2.25e-05
129	4.3	0.329	2.32e-05
130	4.33333	0.33	2.51e-05
131	4.36667	0.331	2.53e-05
132	4.4	0.332	2.75e-05
133	4.43333	0.333	2.99e-05
134	4.46667	0.334	3.06e-05
135	4.5	0.335	3.22e-05
136	4.53333	0.336	3.28e-05
137	4.56667	0.337	3.43e-05
138	4.6	0.338	3.55e-05
139	4.63333	0.339	3.74e-05
140	4.66667	0.34	3.88e-05
141	4.7	0.341	4.09e-05
142	4.73333	0.342	4.37e-05
143	4.76667	0.343	4.47e-05
144	4.8	0.344	4.78e-05
145	4.83333	0.345	4.93e-05
146	4.86667	0.346	5.14e-05
147	4.9	0.347	5.4e-05
148	4.93333	0.348	5.71e-05
149	4.96667	0.349	5.91e-05
150	5	0.35	6.32e-05
151	5.03333	0.351	6.59e-05
152	5.06667	0.352	6.94e-05
153	5.1	0.353	7.21e-05
154	5.13333	0.354	7.55e-05
155	5.16667	0.355	7.94e-05
156	5.2	0.356	8.32e-05
157	5.23333	0.357	8.74e-05
158	5.26667	0.358	9.1e-05
159	5.3	0.359	9.64e-05
160	5.33333	0.36	0.000102
161	5.36667	0.361	0.000107
162	5.4	0.362	0.000113
163	5.43333	0.363	0.000119
164	5.46667	0.364	0.000125
165	5.5	0.365	0.000131
166	5.53333	0.366	0.000138
167	5.56667	0.367	0.000145
168	5.6	0.368	0.000152
169	5.63333	0.369	0.00016
170	5.66667	0.37	0.000167
171	5.7	0.371	0.000175
172	5.73333	0.372	0.000184
173	5.76667	0.373	0.000192
174	5.8	0.374	0.000201
175	5.83333	0.375	0.000209
176	5.86667	0.376	0.000217
177	5.9	0.377	0.000227
178	5.93333	0.378	0.000236
179	5.96667	0.379	0.000245
180	6	0.38	0.000254
181	6.03333	0.381	0.000263
182	6.06667	0.382	0.000274
183	6.1	0.383	0.000284
184	6.13333	0.384	0.000294
185	6.16667	0.385	0.000302
186	6.2	0.386	0.00031
187	6.23333	0.387	0.00032
188	6.26667	0.388	0.00033
189	6.3	0.389	0.000339
190	6.33333	0.39	0.000349
191	6.36667	0.391	0.000358
192	6.4	0.392	0.000369
193	6.43333	0.393	0.000379
194	6.46667	0.394	0.00039
195	6.5	0.395	0.000399
196	6.53333	0.396	0.00041
197	6.56667	0.397	0.000419
198	6.6	0.398	0.00043
199	6.63333	0.399	0.00044
200	6.66667	0.4	0.00045
201	6.7	0.401	0.00046
202	6.73333	0.402	0.000472
203	6.76667	0.403	0.000482
204	6.8	0.404	0.000493
205	6.83333	0.405	0.000504
206	6.86667	0.406	0.000515
207	6.9	0.407	0.000526
208	6.93333	0.408	0.000538
209	6.96667	0.409	0.000549
210	7	0.41	0.00056
211	7.03333	0.411	0.000573
212	7.06667	0.412	0.000584
213	7.1	0.413	0.000595
214	7.13333	0.414	0.000607
215	7.16667	0.415	0.000618
216	7.2	0.416	0.00063
217	7.23333	0.417	0.000642
218	7.26667	0.418	0.000654
219	7.3	0.419	0.000665
220	7.33333	0.42	0.000678
221	7.36667	0.421	0.000689
222	7.4	0.422	0.0007
223	7.43333	0.423	0.000712
224	7.46667	0.424	0.000723
225	7.5	0.425	0.000734
226	7.53333	0.426	0.000745
227	7.56667	0.427	0.000756
228	7.6	0.428	0.000766
229	7.63333	0.429	0.000778
230	7.66667	0.43	0.000788
231	7.7	0.431	0.000798
232	7.73333	0.432	0.000809
233	7.76667	0.433	0.000818
234	7.8	0.434	0.000828
235	7.83333	0.435	0.000839
236	7.86667	0.436	0.000848
237	7.9	0.437	0.000857
238	7.93333	0.438	0.000866
239	7.96667	0.439	0.000876
240	8	0.44	0.000884
241	8.03333	0.441	0.000892
242	8.06667	0.442	0.000901
243	8.1	0.443	0.000909
244	8.13333	0.444	0.000918
245	8.16667	0.445	0.000927
246	8.2	0.446	0.000934
247	8.23333	0.447	0.000942
248	8.26667	0.448	0.00095
249	8.3	0.449	0.000957
250	8.33333	0.45	0.000964
251	8.36667	0.451	0.000971
252	8.4	0.452	0.000978
253	8.43333	0.453	0.000984
254	8.46667	0.454	0.00099
255	8.5	0.455	0.000997
256	8.53333	0.456	0.001004
257	8.56667	0.457	0.00101
258	8.6	0.458	0.001016
259	8.63333	0.459	0.001022
260	8.66667	0.46	0.001028
261	8.7	0.461	0.001033
262	8.73333	0.462	0.00104
263	8.76667	0.463	0.001044
264	8.8	0.464	0.001049
265	8.83333	0.465	0.001054
266	8.86667	0.466	0.00106
267	8.9	0.467	0.001064
268	8.93333	0.468	0.001069
269	8.96667	0.469	0.001074
270	9	0.47	0.001078
271	9.03333	0.471	0.001084
272	9.06667	0.472	0.001088
273	9.1	0.473	0.001093
274	9.13333	0.474	0.001098
275	9.16667	0.475	0.001101
276	9.2	0.476	0.001105
277	9.23333	0.477	0.00111
278	9.26667	0.478	0.001114
279	9.3	0.479	0.001117
280	9.33333	0.48	0.001123
281	9.36667	0.481	0.001126
282	9.4	0.482	0.00113
283	9.43333	0.483	0.001134
284	9.46667	0.484	0.001137
285	9.5	0.485	0.00114
286	9.53333	0.486	0.001145
287	9.56667	0.487	0.001147
288	9.6	0.488	0.001151
289	9.63333	0.489	0.001155
290	9.66667	0.49	0.001159
291	9.7	0.491	0.001163
292	9.73333	0.492	0.001166
293	9.76667	0.493	0.001169
294	9.8	0.494	0.001173
295	9.83333	0.495	0.001177
296	9.86667	0.496	0.001181
297	9.9	0.497	0.001184
298	9.93333	0.498	0.001187
299	9.96667	0.499	0.00119
300	10	0.5	0.001193
301	10.0333	0.501	0.001197
302	10.0667	0.502	0.0012
303	10.1	0.503	0.001203
304	10.1333	0.504	0.001206
305	10.1667	0.505	0.001209
306	10.2	0.506	0.001212
307	10.2333	0.507	0.001216
308	10.2667	0.508	0.001219
309	10.3	0.509	0.00122
310	10.3333	0.51	0.001225
311	10.3667	0.511	0.001227
312	10.4	0.512	0.001232
313	10.4333	0.513	0.001235
314	10.4667	0.514	0.001237
315	10.5	0.515	0.001239
316	10.5333	0.516	0.001242
317	10.5667	0.517	0.001245
318	10.6	0.518	0.001248
319	10.6333	0.519	0.001251
320	10.6667	0.52	0.001255
321	10.7	0.521	0.001258
322	10.7333	0.522	0.001261
323	10.7667	0.523	0.001264
324	10.8	0.524	0.001265
325	10.8333	0.525	0.001269
326	10.8667	0.526	0.001273
327	10.9	0.527	0.001275
328	10.9333	0.528	0.001278
329	10.9667	0.529	0.001281
330	11	0.53	0.001283
331	11.0333	0.531	0.001287
332	11.0667	0.532	0.001289
333	11.1	0.533	0.001293
334	11.1333	0.534	0.001295
335	11.1667	0.535	0.001299
336	11.2	0.536	0.001301
337	11.2333	0.537	0.001304
338	11.2667	0.538	0.001306
339	11.3	0.539	0.001309
340	11.3333	0.54	0.001312
341	11.3667	0.541	0.001314
342	11.4	0.542	0.001317
343	11.4333	0.543	0.00132
344	11.4667	0.544	0.001323
345	11.5	0.545	0.001325
346	11.5333	0.546	0.001329
347	11.5667	0.547	0.001332
348	11.6	0.548	0.001335
349	11.6333	0.549	0.001338
350	11.6667	0.55	0.001341
351	11.7	0.551	0.001344
352	11.7333	0.552	0.001347
353	11.7667	0.553	0.001349
354	11.8	0.554	0.001351
355	11.8333	0.555	0.001354
356	11.8667	0.556	0.001357
357	11.9	0.557	0.00136
358	11.9333	0.558	0.001363
359	11.9667	0.559	0.001366
360	12	0.56	0.001368
361	12.0333	0.561	0.001371
362	12.0667	0.562	0.001373
363	12.1	0.563	0.001375
364	12.1333	0.564	0.00138
365	12.1667	0.565	0.001383
366	12.2	0.566	0.001385
367	12.2333	0.567	0.001387
368	12.2667	0.568	0.00139
369	12.3	0.569	0.001392
370	12.3333	0.57	0.001395
371	12.3667	0.571	0.001399
372	12.4	0.572	0.001401
373	12.4333	0.573	0.001404
374	12.4667	0.574	0.001408
375	12.5	0.575	0.00141
376	12.5333	0.576	0.001414
377	12.5667	0.577	0.001417
378	12.6	0.578	0.001419
379	12.6333	0.579	0.001422
380	12.6667	0.58	0.001425
381	12.7	0.581	0.001427
382	12.7333	0.582	0.00143
383	12.7667	0.583	0.001433
384	12.8	0.584	0.001435
385	12.8333	0.585	0.001437
386	12.8667	0.586	0.001441
387	12.9	0.587	0.001443
388	12.9333	0.588	0.001446
389	12.9667	0.589	0.001449
390	13	0.59	0.001451
391	13.0333	0.591	0.001454
392	13.0667	0.592	0.001458
393	13.1	0.593	0.00146
394	13.1333	0.594	0.001463
395	13.1667	0.595	0.001465
396	13.2	0.596	0.001468
397	13.2333	0.597	0.00147
398	13.2667	0.598	0.001473
399	13.3	0.599	0.001475
400	13.3333	0.6	0.001478
401	13.3667	0.601	0.00148
402	13.4	0.602	0.001483
403	13.4333	0.603	0.001484
404	13.4667	0.604	0.001488
405	13.5	0.605	0.00149
406	13.5333	0.606	0.001492
407	13.5667	0.607	0.001495
408	13.6	0.608	0.001497
409	13.6333	0.609	0.001501
410	13.6667	0.61	0.001503
411	13.7	0.611	0.001505
412	13.7333	0.612	0.001509
413	13.7667	0.613	0.001511
414	13.8	0.614	0.001514
415	13.8333	0.615	0.001517
416	13.8667	0.616	0.00152
417	13.9	0.617	0.001521
418	13.9333	0.618	0.001524
419	13.9667	0.619	0.001526
420	14	0.62	0.001529
421	14.0333	0.621	0.001531
422	14.0667	0.622	0.001534
423	14.1	0.623	0.001536
424	14.1333	0.624	0.001539
425	14.1667	0.625	0.001541
426	14.2	0.626	0.001543
427	14.2333	0.627	0.001545
428	14.2667	0.628	0.001548
429	14.3	0.629	0.001549
430	14.3333	0.63	0.001553
431	14.3667	0.631	0.001556
432	14.4	0.632	0.001557
433	14.4333	0.633	0.00156
434	14.4667	0.634	0.001563
435	14.5	0.635	0.001566
436	14.5333	0.636	0.001568
437	14.5667	0.637	0.00157
438	14.6	0.638	0.001573
439	14.6333	0.639	0.001575
440	14.6667	0.64	0.001577
441	14.7	0.641	0.001579
442	14.7333	0.642	0.001582
443	14.7667	0.643	0.001584
444	14.8	0.644	0.001587
445	14.8333	0.645	0.001589
446	14.8667	0.646	0.001591
447	14.9	0.647	0.001593
448	14.9333	0.648	0.001596
449	14.9667	0.649	0.001598
450	15	0.65	0.001599
451	15.0333	0.651	0.001601
452	15.0667	0.652	0.001604
453	15.1	0.653	0.001605
454	15.1333	0.654	0.001608
455	15.1667	0.655	0.001611
456	15.2	0.656	0.001612
457	15.2333	0.657	0.001615
458	15.2667	0.658	0.001617
459	15.3	0.659	0.001619
460	15.3333	0.66	0.001622
461	15.3667	0.661	0.001624
462	15.4	0.662	0.001625
463	15.4333	0.663	0.001628
464	15.4667	0.664	0.00163
465	15.5	0.665	0.001632
466	15.5333	0.666	0.001635
467	15.5667	0.667	0.001637
468	15.6	0.668	0.001639
469	15.6333	0.669	0.001642
470	15.6667	0.67	0.001644
471	15.7	0.671	0.001646
472	15.7333	0.672	0.001648
473	15.7667	0.673	0.00165
474	15.8	0.674	0.001652
475	15.8333	0.675	0.001655
476	15.8667	0.676	0.001657
477	15.9	0.677	0.001658
478	15.9333	0.678	0.00166
479	15.9667	0.679	0.001661
480	16	0.68	0.001662
481	16.0333	0.681	0.001664
482	16.0667	0.682	0.001666
483	16.1	0.683	0.001668
484	16.1333	0.684	0.00167
485	16.1667	0.685	0.001672
486	16.2	0.686	0.001674
487	16.2333	0.687	0.001676
488	16.2667	0.688	0.001679
489	16.3	0.689	0.00168
490	16.3333	0.69	0.001682
491	16.3667	0.691	0.001684
492	16.4	0.692	0.001686
493	16.4333	0.693	0.001688
494	16.4667	0.694	0.00169
495	16.5	0.695	0.001692
496	16.5333	0.696	0.001693
497	16.5667	0.697	0.001696
498	16.6	0.698	0.001698
499	16.6333	0.699	0.001699
500	16.6667	0.7	0.001701
501	16.7	0.701	0.001703
502	16.7333	0.702	0.001704
503	16.7667	0.703	0.001707
504	16.8	0.704	0.001709
505	16.8333	0.705	0.00171
506	16.8667	0.706	0.001711
507	16.9	0.707	0.001713
508	16.9333	0.708	0.001715
509	16.9667	0.709	0.001717
510	17	0.71	0.001719
511	17.0333	0.711	0.00172
512	17.0667	0.712	0.001722
513	17.1	0.713	0.001724
514	17.1333	0.714	0.001726
515	17.1667	0.715	0.001728
516	17.2	0.716	0.001729
517	17.2333	0.717	0.001731
518	17.2667	0.718	0.001733
519	17.3	0.719	0.001734
520	17.3333	0.72	0.001736
521	17.3667	0.721	0.001738
522	17.4	0.722	0.001739
523	17.4333	0.723	0.001741
524	17.4667	0.724	0.001742
525	17.5	0.725	0.001744
526	17.5333	0.726	0.001745
527	17.5667	0.727	0.001747
528	17.6	0.728	0.001749
529	17.6333	0.729	0.00175
530	17.6667	0.73	0.001752
531	17.7	0.731	0.001754
532	17.7333	0.732	0.001755
533	17.7667	0.733	0.001758
534	17.8	0.734	0.001758
535	17.8333	0.735	0.00176
536	17.8667	0.736	0.001762
537	17.9	0.737	0.001763
538	17.9333	0.738	0.001764
539	17.9667	0.739	0.001766
540	18	0.74	0.001769
541	18.0333	0.741	0.00177
542	18.0667	0.742	0.001771
543	18.1	0.743	0.001773
544	18.1333	0.744	0.001774
545	18.1667	0.745	0.001776
546	18.2	0.746	0.001776
547	18.2333	0.747	0.001778
548	18.2667	0.748	0.001779
549	18.3	0.749	0.001782
550	18.3333	0.75	0.001783
551	18.3667	0.751	0.001785
552	18.4	0.752	0.001786
553	18.4333	0.753	0.001787
554	18.4667	0.754	0.001788
555	18.5	0.755	0.00179
556	18.5333	0.756	0.001791
557	18.5667	0.757	0.001794
558	18.6	0.758	0.001796
559	18.6333	0.759	0.001797
560	18.6667	0.76	0.001798
561	18.7	0.761	0.0018
562	18.7333	0.762	0.001801
563	18.7667	0.763	0.001803
564	18.8	0.764	0.001805
565	18.8333	0.765	0.001805
566	18.8667	0.766	0.001807
567	18.9	0.767	0.001807
568	18.9333	0.768	0.001809
569	18.9667	0.769	0.001811
570	19	0.77	0.001812
571	19.0333	0.771	0.001813
572	19.0667	0.772	0.001815
573	19.1	0.773	0.001815
574	19.1333	0.774	0.001816
575	19.1667	0.775	0.001818
576	19.2	0.776	0.001819
577	19.2333	0.777	0.001821
578	19.2667	0.778	0.001822
579	19.3	0.779	0.001823
580	19.3333	0.78	0.001824
581	19.3667	0.781	0.001825
582	19.4	0.782	0.001827
583	19.4333	0.783	0.001828
584	19.4667	0.784	0.00183
585	19.5	0.785	0.001831
586	19.5333	0.786	0.001832
587	19.5667	0.787	0.001833
588	19.6	0.788	0.001835
589	19.6333	0.789	0.001836
590	19.6667	0.79	0.001837
591	19.7	0.791	0.001839
592	19.7333	0.792	0.001839
593	19.7667	0.793	0.001842
594	19.8	0.794	0.001842
595	19.8333	0.795	0.001843
596	19.8667	0.796	0.001844
597	19.9	0.797	0.001845
598	19.9333	0.798	0.001846
599	19.9667	0.799	0.001848
600	20	0.8	0.001848
601	20.0333	0.801	0.001851
602	20.0667	0.802	0.001851
603	20.1	0.803	0.001852
604	20.1333	0.804	0.001853
605	20.1667	0.805	0.001854
606	20.2	0.806	0.001856
607	20.2333	0.807	0.001857
608	20.2667	0.808	0.001859
609	20.3	0.809	0.001861
610	20.3333	0.81	0.001861
611	20.3667	0.811	0.001863
612	20.4	0.812	0.001863
613	20.4333	0.813	0.001864
614	20.4667	0.814	0.001864
615	20.5	0.815	0.001866
616	20.5333	0.816	0.001866
617	20.5667	0.817	0.001868
618	20.6	0.818	0.001869
619	20.6333	0.819	0.00187
620	20.6667	0.82	0.001872
621	20.7	0.821	0.001873
622	20.7333	0.822	0.001874
623	20.7667	0.823	0.001875
624	20.8	0.824	0.001877
625	20.8333	0.825	0.001877
626	20.8667	0.826	0.001878
627	20.9	0.827	0.00188
628	20.9333	0.828	0.00188
629	20.9667	0.829	0.001882
630	21	0.83	0.001882
631	21.0333	0.831	0.001883
632	21.0667	0.832	0.001884
633	21.1	0.833	0.001885
634	21.1333	0.834	0.001885
635	21.1667	0.835	0.001886
636	21.2	0.836	0.001887
637	21.2333	0.837	0.001888
638	21.2667	0.838	0.001889
639	21.3	0.839	0.00189
640	21.3333	0.84	0.00189
641	21.3667	0.841	0.001891
642	21.4	0.842	0.001892
643	21.4333	0.843	0.001892
644	21.4667	0.844	0.001893
645	21.5	0.845	0.001895
646	21.5333	0.846	0.001896
647	21.5667	0.847	0.001897
648	21.6	0.848	0.001898
649	21.6333	0.849	0.001898
650	21.6667	0.85	0.001899
651	21.7	0.851	0.0019
652	21.7333	0.852	0.0019
653	21.7667	0.853	0.001901
654	21.8	0.854	0.001902
655	21.8333	0.855	0.001903
656	21.8667	0.856	0.001904
657	21.9	0.857	0.001907
658	21.9333	0.858	0.001907
659	21.9667	0.859	0.001909
660	22	0.86	0.00191
661	22.0333	0.861	0.00191
662	22.0667	0.862	0.001911
663	22.1	0.863	0.001911
664	22.1333	0.864	0.001911
665	22.1667	0.865	0.001914
666	22.2	0.866	0.001914
667	22.2333	0.867	0.001915
668	22.2667	0.868	0.001916
669	22.3	0.869	0.001917
670	22.3333	0.87	0.001917
671	22.3667	0.871	0.001918
672	22.4	0.872	0.001919
673	22.4333	0.873	0.00192
674	22.4667	0.874	0.001921
675	22.5	0.875	0.001922
676	22.5333	0.876	0.001921
677	22.5667	0.877	0.001923
678	22.6	0.878	0.001924
679	22.6333	0.879	0.001924
680	22.6667	0.88	0.001925
681	22.7	0.881	0.001925
682	22.7333	0.882	0.001926
683	22.7667	0.883	0.001927
684	22.8	0.884	0.001928
685	22.8333	0.885	0.001929
686	22.8667	0.886	0.00193
687	22.9	0.887	0.00193
688	22.9333	0.888	0.001931
689	22.9667	0.889	0.001932
690	23	0.89	0.001933
691	23.0333	0.891	0.001934
692	23.0667	0.892	0.001934
693	23.1	0.893	0.001935
694	23.1333	0.894	0.001935
695	23.1667	0.895	0.001936
696	23.2	0.896	0.001938
697	23.2333	0.897	0.001939
698	23.2667	0.898	0.001939
699	23.3	0.899	0.00194
700	23.3333	0.9	0.001941
701	23.3667	0.901	0.001941
702	23.4	0.902	0.001943
703	23.4333	0.903	0.001943
704	23.4667	0.904	0.001944
705	23.5	0.905	0.001945
706	23.5333	0.906	0.001945
707	23.5667	0.907	0.001945
708	23.6	0.908	0.001946
709	23.6333	0.909	0.001947
710	23.6667	0.91	0.001947
711	23.7	0.911	0.001948
712	23.7333	0.912	0.001948
713	23.7667	0.913	0.001949
714	23.8	0.914	0.00195
715	23.8333	0.915	0.001951
716	23.8667	0.916	0.001951
717	23.9	0.917	0.001951
718	23.9333	0.918	0.001953
719	23.9667	0.919	0.001953
720	24	0.92	0.001955
721	24.0333	0.921	0.001955
722	24.0667	0.922	0.001957
723	24.1	0.923	0.001958
724	24.1333	0.924	0.001957
725	24.1667	0.925	0.001958
726	24.2	0.926	0.001959
727	24.2333	0.927	0.00196
728	24.2667	0.928	0.00196
729	24.3	0.929	0.001962
730	24.3333	0.93	0.001962
731	24.3667	0.931	0.001962
732	24.4	0.932	0.001963
733	24.4333	0.933	0.001963
734	24.4667	0.934	0.001963
735	24.5	0.935	0.001964
736	24.5333	0.936	0.001964
737	24.5667	0.937	0.001965
738	24.6	0.938	0.001967
739	24.6333	0.939	0.001967
740	24.6667	0.94	0.001967
741	24.7	0.941	0.001968
742	24.7333	0.942	0.001969
743	24.7667	0.943	0.001968
744	24.8	0.944	0.001969
745	24.8333	0.945	0.001969
746	24.8667	0.946	0.00197
747	24.9	0.947	0.001972
748	24.9333	0.948	0.001973
749	24.9667	0.949	0.001973
750	25	0.95	0.001975
751	25.0333	0.951	0.001975
752	25.0667	0.952	0.001974
753	25.1	0.953	0.001975
754	25.1333	0.954	0.001975
755	25.1667	0.955	0.001976
756	25.2	0.956	0.001977
757	25.2333	0.957	0.001978
758	25.2667	0.958	0.001978
759	25.3	0.959	0.001978
760	25.3333	0.96	0.001978
761	25.3667	0.961	0.001979
762	25.4	0.962	0.001981
763	25.4333	0.963	0.001981
764	25.4667	0.964	0.001981
765	25.5	0.965	0.001981
766	25.5333	0.966	0.001981
767	25.5667	0.967	0.001981
768	25.6	0.968	0.001982
769	25.6333	0.969	0.001982
770	25.6667	0.97	0.001982
771	25.7	0.971	0.001983
772	25.7333	0.972	0.001983
773	25.7667	0.973	0.001984
774	25.8	0.974	0.001985
775	25.8333	0.975	0.001987
776	25.8667	0.976	0.001987
777	25.9	0.977	0.001988
778	25.9333	0.978	0.001988
779	25.9667	0.979	0.001988
780	26	0.98	0.001988
781	26.0333	0.981	0.001989
782	26.0667	0.982	0.001989
783	26.1	0.983	0.00199
784	26.1333	0.984	0.001992
785	26.1667	0.985	0.001992
786	26.2	0.986	0.001992
787	26.2333	0.987	0.001993
788	26.2667	0.988	0.001993
789	26.3	0.989	0.001994
790	26.3333	0.99	0.001994
791	26.3667	0.991	0.001994
792	26.4	0.992	0.001995
793	26.4333	0.993	0.001995
794	26.4667	0.994	0.001994
795	26.5	0.995	0.001995
796	26.5333	0.996	0.001995
797	26.5667	0.997	0.001995
798	26.6	0.998	0.001996
799	26.6333	0.999	0.001997
800	26.6667	1	0.001996
801	26.7	1.001	0.001998
802	26.7333	1.002	0.001998
803	26.7667	1.003	0.001998
804	26.8	1.004	0.002
805	26.8333	1.005	0.002
806	26.8667	1.006	0.002
807	26.9	1.007	0.002
808	26.9333	1.008	0.002001
809	26.9667	1.009	0.002
810	27	1.01	0.002
811	27.0333	1.011	0.002001
812	27.0667	1.012	0.002001
813	27.1	1.013	0.002001
814	27.1333	1.014	0.002001
815	27.1667	1.015	0.002002
816	27.2	1.016	0.002003
817	27.2333	1.017	0.002004
818	27.2667	1.018	0.002003
819	27.3	1.019	0.002003
820	27.3333	1.02	0.002004
821	27.3667	1.021	0.002004
822	27.4	1.022	0.002005
823	27.4333	1.023	0.002005
824	27.4667	1.024	0.002006
825	27.5	1.025	0.002007
826	27.5333	1.026	0.002007
827	27.5667	1.027	0.002007
828	27.6	1.028	0.002007
829	27.6333	1.029	0.002007
830	27.6667	1.03	0.002006
831	27.7	1.031	0.002007
832	27.7333	1.032	0.002007
833	27.7667	1.033	0.002007
834	27.8	1.034	0.002007
835	27.8333	1.035	0.002007
836	27.8667	1.036	0.002006
837	27.9	1.037	0.002008
838	27.9333	1.038	0.002008
839	27.9667	1.039	0.002008
840	28	1.04	0.002008
841	28.0333	1.041	0.002008
842	28.0667	1.042	0.002008
843	28.1	1.043	0.002009
844	28.1333	1.044	0.002009
845	28.1667	1.045	0.002009
846	28.2	1.046	0.00201
847	28.2333	1.047	0.002011
848	28.2667	1.048	0.00201
849	28.3	1.049	0.00201
850	28.3333	1.05	0.002012
851	28.3667	1.051	0.002011
852	28.4	1.052	0.002011
853	28.4333	1.053	0.00201
854	28.4667	1.054	0.00201
855	28.5	1.055	0.00201
856	28.5333	1.056	0.002011
857	28.5667	1.057	0.002011
858	28.6	1.058	0.002011
859	28.6333	1.059	0.00201
860	28.6667	1.06	0.002009
861	28.7	1.061	0.00201
862	28.7333	1.062	0.00201
863	28.7667	1.063	0.002009
864	28.8	1.064	0.00201
865	28.8333	1.065	0.002011
866	28.8667	1.066	0.00201
867	28.9	1.067	0.002011
868	28.9333	1.068	0.002011
869	28.9667	1.069	0.00201
870	29	1.07	0.002011
871	29.0333	1.071	0.002011
872	29.0667	1.072	0.002011
873	29.1	1.073	0.002012
874	29.1333	1.074	0.002011
875	29.1667	1.075	0.002011
876	29.2	1.076	0.00201
877	29.2333	1.077	0.00201
878	29.2667	1.078	0.002011
879	29.3	1.079	0.002012
880	29.3333	1.08	0.002012
881	29.3667	1.081	0.002012
882	29.4	1.082	0.002012
883	29.4333	1.083	0.002012
884	29.4667	1.084	0.002012
885	29.5	1.085	0.002012
886	29.5333	1.086	0.002012
887	29.5667	1.087	0.002011
888	29.6	1.088	0.002011
889	29.6333	1.089	0.002011
890	29.6667	1.09	0.002011
891	29.7	1.091	0.002011
892	29.7333	1.092	0.002011
893	29.7667	1.093	0.002012
894	29.8	1.094	0.002012
895	29.8333	1.095	0.002012
896	29.8667	1.096	0.002012
897	29.9	1.097	0.002012
898	29.9333	1.098	0.002012
899	29.9667	1.099	0.002012
900	30	1.1	0.002011
901	30.0333	1.101	0.002012
902	30.0667	1.102	0.002011
903	30.1	1.103	0.002011
904	30.1333	1.104	0.002012
905	30.1667	1.105	0.002011
906	30.2	1.106	0.002011
907	30.2333	1.107	0.002012
908	30.2667	1.108	0.002011
909	30.3	1.109	0.002012
910	30.3333	1.11	0.002011
911	30.3667	1.111	0.002011
912	30.4	1.112	0.002011
913	30.4333	1.113	0.002011
914	30.4667	1.114	0.002011
915	30.5	1.115	0.002011
916	30.5333	1.116	0.002011
917	30.5667	1.117	0.002011
918	30.6	1.118	0.002011
919	30.6333	1.119	0.002011
920	30.6667	1.12	0.002011
921	30.7	1.121	0.002011
922	30.7333	1.122	0.002012
923	30.7667	1.123	0.002011
924	30.8	1.124	0.002011
925	30.8333	1.125	0.002011
926	30.8667	1.126	0.002011
927	30.9	1.127	0.002012
928	30.9333	1.128	0.002012
929	30.9667	1.129	0.002012
930	31	1.13	0.002011
931	31.0333	1.131	0.002011
932	31.0667	1.132	0.002012
933	31.1	1.133	0.002011
934	31.1333	1.134	0.002012
935	31.1667	1.135	0.002011
936	31.2	1.136	0.002011
937	31.2333	1.137	0.002011
938	31.2667	1.138	0.00201
939	31.3	1.139	0.002012
940	31.3333	1.14	0.002012
941	31.3667	1.141	0.002011
942	31.4	1.142	0.002011
943	31.4333	1.143	0.002011
944	31.4667	1.144	0.00201
945	31.5	1.145	0.00201
946	31.5333	1.146	0.002011
947	31.5667	1.147	0.002011
948	31.6	1.148	0.00201
949	31.6333	1.149	0.00201
950	31.6667	1.15	0.002011
951	31.7	1.151	0.00201
952	31.7333	1.152	0.002011
953	31.7667	1.153	0.00201
954	31.8	1.154	0.00201
955	31.8333	1.155	0.002009
956	31.8667	1.156	0.002009
957	31.9	1.157	0.002009
958	31.9333	1.158	0.002009
959	31.9667	1.159	0.002008
960	32	1.16	0.002009
961	32.0333	1.161	0.002009
962	32.0667	1.162	0.002008
963	32.1	1.163	0.002009
964	32.1333	1.164	0.002008
965	32.1667	1.165	0.002008
966	32.2	1.166	0.002008
967	32.2333	1.167	0.002007
968	32.2667	1.168	0.002007
969	32.3	1.169	0.002006
970	32.3333	1.17	0.002007
971	32.3667	1.171	0.002006
972	32.4	1.172	0.002006
973	32.4333	1.173	0.002005
974	32.4667	1.174	0.002006
975	32.5	1.175	0.002005
976	32.5333	1.176	0.002005
977	32.5667	1.177	0.002006
978	32.6	1.178	0.002006
979	32.6333	1.179	0.002006
980	32.6667	1.18	0.002005
981	32.7	1.181	0.002005
982	32.7333	1.182	0.002006
983	32.7667	1.183	0.002006
984	32.8	1.184	0.002005
985	32.8333	1.185	0.002005
986	32.8667	1.186	0.002004
987	32.9	1.187	0.002004
988	32.9333	1.188	0.002004
989	32.9667	1.189	0.002004
990	33	1.19	0.002003
991	33.0333	1.191	0.002003
992	33.0667	1.192	0.002001
993	33.1	1.193	0.002001
994	33.1333	1.194	0.002002
995	33.1667	1.195	0.002001
996	33.2	1.196	0.002
997	33.2333	1.197	0.002
998	33.2667	1.198	0.001999
999	33.3	1.199	0.001999
1000	33.3333	1.2	0.002
1001	33.3667	1.201	0.001999
1002	33.4	1.202	0.001999
1003	33.4333	1.203	0.001999
1004	33.4667	1.204	0.001998
1005	33.5	1.205	0.001998
1006	33.5333	1.206	0.001998
1007	33.5667	1.207	0.001997
1008	33.6	1.208	0.001997
1009	33.6333	1.209	0.001997
1010	33.6667	1.21	0.001995
1011	33.7	1.211	0.001996
1012	33.7333	1.212	0.001997
1013	33.7667	1.213	0.001995
1014	33.8	1.214	0.001994
1015	33.8333	1.215	0.001994
1016	33.8667	1.216	0.001993
1017	33.9	1.217	0.001992
1018	33.9333	1.218	0.001992
1019	33.9667	1.219	0.001991
1020	34	1.22	0.001991
1021	34.0333	1.221	0.001991
1022	34.0667	1.222	0.00199
1023	34.1	1.223	0.00199
1024	34.1333	1.224	0.00199
1025	34.1667	1.225	0.001989
1026	34.2	1.226	0.001988
1027	34.2333	1.227	0.001988
1028	34.2667	1.228	0.001988
1029	34.3	1.229	0.001988
1030	34.3333	1.23	0.001987
1031	34.3667	1.231	0.001987
1032	34.4	1.232	0.001985
1033	34.4333	1.233	0.001985
1034	34.4667	1.234	0.001985
1035	34.5	1.235	0.001984
1036	34.5333	1.236	0.001984
1037	34.5667	1.237	0.001983
1038	34.6	1.238	0.001983
1039	34.6333	1.239	0.001982
1040	34.6667	1.24	0.001981
1041	34.7	1.241	0.001979
1042	34.7333	1.242	0.001979
1043	34.7667	1.243	0.001978
1044	34.8	1.244	0.001976
1045	34.8333	1.245	0.001976
1046	34.8667	1.246	0.001976
1047	34.9	1.247	0.001975
1048	34.9333	1.248	0.001974
1049	34.9667	1.249	0.001974
1050	35	1.25	0.001972
1051	35.0333	1.251	0.001972
1052	35.0667	1.252	0.001971
1053	35.1	1.253	0.00197
1054	35.1333	1.254	0.00197
1055	35.1667	1.255	0.001969
1056	35.2	1.256	0.001968
1057	35.2333	1.257	0.001969
1058	35.2667	1.258	0.001967
1059	35.3	1.259	0.001966
1060	35.3333	1.26	0.001966
1061	35.3667	1.261	0.001965
1062	35.4	1.262	0.001963
1063	35.4333	1.263	0.001963
1064	35.4667	1.264	0.001961
1065	35.5	1.265	0.00196
1066	35.5333	1.266	0.001959
1067	35.5667	1.267	0.001959
1068	35.6	1.268	0.001958
1069	35.6333	1.269	0.001957
1070	35.6667	1.27	0.001956
1071	35.7	1.271	0.001955
1072	35.7333	1.272	0.001955
1073	35.7667	1.273	0.001954
1074	35.8	1.274	0.001952
1075	35.8333	1.275	0.001952
1076	35.8667	1.276	0.001951
1077	35.9	1.277	0.001949
1078	35.9333	1.278	0.001949
1079	35.9667	1.279	0.001948
1080	36	1.28	0.001948
1081	36.0333	1.281	0.001948
1082	36.0667	1.282	0.001947
1083	36.1	1.283	0.001946
1084	36.1333	1.284	0.001946
1085	36.1667	1.285	0.001944
1086	36.2	1.286	0.001943
1087	36.2333	1.287	0.001943
1088	36.2667	1.288	0.001941
1089	36.3	1.289	0.00194
1090	36.3333	1.29	0.001938
1091	36.3667	1.291	0.001938
1092	36.4	1.292	0.001937
1093	36.4333	1.293	0.001937
1094	36.4667	1.294	0.001936
1095	36.5	1.295	0.001935
1096	36.5333	1.296	0.001934
1097	36.5667	1.297	0.001933
1098	36.6	1.298	0.001932
1099	36.6333	1.299	0.001931
1100	36.6667	1.3	0.001931
1101	36.7	1.301	0.001929
1102	36.7333	1.302	0.001929
1103	36.7667	1.303	0.001928
1104	36.8	1.304	0.001927
1105	36.8333	1.305	0.001927
1106	36.8667	1.306	0.001925
1107	36.9	1.307	0.001923
1108	36.9333	1.308	0.001924
1109	36.9667	1.309	0.001923
1110	37	1.31	0.001922
1111	37.0333	1.311	0.001921
1112	37.0667	1.312	0.00192
1113	37.1	1.313	0.001918
1114	37.1333	1.314	0.001917
1115	37.1667	1.315	0.001917
1116	37.2	1.316	0.001915
1117	37.2333	1.317	0.001915
1118	37.2667	1.318	0.001914
1119	37.3	1.319	0.001912
1120	37.3333	1.32	0.001912
1121	37.3667	1.321	0.001912
1122	37.4	1.322	0.001911
1123	37.4333	1.323	0.00191
1124	37.4667	1.324	0.00191
1125	37.5	1.325	0.001908
1126	37.5333	1.326	0.001908
1127	37.5667	1.327	0.001907
1128	37.6	1.328	0.001906
1129	37.6333	1.329	0.001905
1130	37.6667	1.33	0.001905
1131	37.7	1.331	0.001904
1132	37.7333	1.332	0.001904
1133	37.7667	1.333	0.001902
1134	37.8	1.334	0.001902
1135	37.8333	1.335	0.001902
1136	37.8667	1.336	0.001901
1137	37.9	1.337	0.0019
1138	37.9333	1.338	0.001899
1139	37.9667	1.339	0.001899
1140	38	1.34	0.001899
1141	38.0333	1.341	0.001899
1142	38.0667	1.342	0.001898
1143	38.1	1.343	0.001896
1144	38.1333	1.344	0.001896
1145	38.1667	1.345	0.001896
1146	38.2	1.346	0.001895
1147	38.2333	1.347	0.001895
1148	38.2667	1.348	0.001894
1149	38.3	1.349	0.001893
1150	38.3333	1.35	0.001893
1151	38.3667	1.351	0.001893
1152	38.4	1.352	0.001892
1153	38.4333	1.353	0.001892
1154	38.4667	1.354	0.001891
1155	38.5	1.355	0.001889
1156	38.5333	1.356	0.00189
1157	38.5667	1.357	0.00189
1158	38.6	1.358	0.001889
1159	38.6333	1.359	0.001889
1160	38.6667	1.36	0.001888
1161	38.7	1.361	0.001886
1162	38.7333	1.362	0.001886
1163	38.7667	1.363	0.001886
1164	38.8	1.364	0.001885
1165	38.8333	1.365	0.001886
1166	38.8667	1.366	0.001885
1167	38.9	1.367	0.001883
1168	38.9333	1.368	0.001883
1169	38.9667	1.369	0.001884
1170	39	1.37	0.001883
1171	39.0333	1.371	0.001882
1172	39.0667	1.372	0.001883
1173	39.1	1.373	0.001882
1174	39.1333	1.374	0.001882
1175	39.1667	1.375	0.001882
1176	39.2	1.376	0.001881
1177	39.2333	1.377	0.001882
1178	39.2667	1.378	0.001881
1179	39.3	1.379	0.00188
1180	39.3333	1.38	0.00188
1181	39.3667	1.381	0.00188
1182	39.4	1.382	0.001879
1183	39.4333	1.383	0.00188
1184	39.4667	1.384	0.001879
1185	39.5	1.385	0.001879
1186	39.5333	1.386	0.001879
1187	39.5667	1.387	0.001879
1188	39.6	1.388	0.001878
1189	39.6333	1.389	0.001879
1190	39.6667	1.39	0.001878
1191	39.7	1.391	0.001878
1192	39.7333	1.392	0.001878
1193	39.7667	1.393	0.001879
1194	39.8	1.394	0.001878
1195	39.8333	1.395	0.001878
1196	39.8667	1.396	0.001878
1197	39.9	1.397	0.001878
1198	39.9333	1.398	0.001878
1199	39.9667	1.399	0.001878
1200	40	1.4	0.001878
1201	40.0333	1.401	0.001878
1202	40.0667	1.402	0.001879
1203	40.1	1.403	0.001878
1204	40.1333	1.404	0.001878
1205	40.1667	1.405	0.001878
1206	40.2	1.406	0.001878
1207	40.2333	1.407	0.001879
1208	40.2667	1.408	0.00188
1209	40.3	1.409	0.00188
1210	40.3333	1.41	0.00188
1211	40.3667	1.411	0.00188
1212	40.4	1.412	0.00188
1213	40.4333	1.413	0.00188
1214	40.4667	1.414	0.001879
1215	40.5	1.415	0.001879
1216	40.5333	1.416	0.001879
1217	40.5667	1.417	0.00188
1218	40.6	1.418	0.00188
1219	40.6333	1.419	0.00188
1220	40.6667	1.42	0.001881
1221	40.7	1.421	0.001881
1222	40.7333	1.422	0.001882
1223	40.7667	1.423	0.001882
1224	40.8	1.424	0.001881
1225	40.8333	1.425	0.001882
1226	40.8667	1.426	0.001882
1227	40.9	1.427	0.001882
1228	40.9333	1.428	0.001882
1229	40.9667	1.429	0.001884
1230	41	1.43	0.001883
1231	41.0333	1.431	0.001884
1232	41.0667	1.432	0.001885
1233	41.1	1.433	0.001884
1234	41.1333	1.434	0.001885
1235	41.1667	1.435	0.001886
1236	41.2	1.436	0.001886
1237	41.2333	1.437	0.001886
1238	41.2667	1.438	0.001888
1239	41.3	1.439	0.001887
1240	41.3333	1.44	0.001888
1241	41.3667	1.441	0.001889
1242	41.4	1.442	0.001889
1243	41.4333	1.443	0.00189
1244	41.4667	1.444	0.00189
1245	41.5	1.445	0.00189
1246	41.5333	1.446	0.001891
1247	41.5667	1.447	0.001892
1248	41.6	1.448	0.001891
1249	41.6333	1.449	0.001892
1250	41.6667	1.45	0.001894
1251	41.7	1.451	0.001894
1252	41.7333	1.452	0.001895
1253	41.7667	1.453	0.001896
1254	41.8	1.454	0.001897
1255	41.8333	1.455	0.001897
1256	41.8667	1.456	0.001898
1257	41.9	1.457	0.001898
1258	41.9333	1.458	0.001899
1259	41.9667	1.459	0.0019
1260	42	1.46	0.001901
1261	42.0333	1.461	0.001901
1262	42.0667	1.462	0.001902
1263	42.1	1.463	0.001902
1264	42.1333	1.464	0.001902
1265	42.1667	1.465	0.001903
1266	42.2	1.466	0.001905
1267	42.2333	1.467	0.001907
1268	42.2667	1.468	0.001906
1269	42.3	1.469	0.001907
1270	42.3333	1.47	0.001909
1271	42.3667	1.471	0.001908
1272	42.4	1.472	0.001909
1273	42.4333	1.473	0.001911
1274	42.4667	1.474	0.001911
1275	42.5	1.475	0.001912
1276	42.5333	1.476	0.001913
1277	42.5667	1.477	0.001914
1278	42.6	1.478	0.001915
1279	42.6333	1.479	0.001915
1280	42.6667	1.48	0.001915
1281	42.7	1.481	0.001916
1282	42.7333	1.482	0.001918
1283	42.7667	1.483	0.001919
1284	42.8	1.484	0.001919
1285	42.8333	1.485	0.001921
1286	42.8667	1.486	0.001923
1287	42.9	1.487	0.001924
1288	42.9333	1.488	0.001925
1289	42.9667	1.489	0.001926
1290	43	1.49	0.001926
1291	43.0333	1.491	0.001927
1292	43.0667	1.492	0.001929
1293	43.1	1.493	0.001929
1294	43.1333	1.494	0.00193
1295	43.1667	1.495	0.001931
1296	43.2	1.496	0.001933
1297	43.2333	1.497	0.001933
1298	43.2667	1.498	0.001934
1299	43.3	1.499	0.001935
1300	43.3333	1.5	0.001937
1301	43.3667	1.501	0.001938
1302	43.4	1.502	0.00194
1303	43.4333	1.503	0.001941
1304	43.4667	1.504	0.001943
1305	43.5	1.505	0.001943
1306	43.5333	1.506	0.001944
1307	43.5667	1.507	0.001946
1308	43.6	1.508	0.001946
1309	43.6333	1.509	0.001947
1310	43.6667	1.51	0.001949
1311	43.7	1.511	0.001951
1312	43.7333	1.512	0.001952
1313	43.7667	1.513	0.001953
1314	43.8	1.514	0.001955
1315	43.8333	1.515	0.001956
1316	43.8667	1.516	0.001957
1317	43.9	1.517	0.001958
1318	43.9333	1.518	0.001959
1319	43.9667	1.519	0.001962
1320	44	1.52	0.001963
1321	44.0333	1.521	0.001964
1322	44.0667	1.522	0.001965
1323	44.1	1.523	0.001967
1324	44.1333	1.524	0.001968
1325	44.1667	1.525	0.001969
1326	44.2	1.526	0.001971
1327	44.2333	1.527	0.001972
1328	44.2667	1.528	0.001975
1329	44.3	1.529	0.001976
1330	44.3333	1.53	0.001977
1331	44.3667	1.531	0.00198
1332	44.4	1.532	0.001981
1333	44.4333	1.533	0.001982
1334	44.4667	1.534	0.001984
1335	44.5	1.535	0.001985
1336	44.5333	1.536	0.001986
1337	44.5667	1.537	0.001987
1338	44.6	1.538	0.001989
1339	44.6333	1.539	0.00199
1340	44.6667	1.54	0.001993
1341	44.7	1.541	0.001994
1342	44.7333	1.542	0.001995
1343	44.7667	1.543	0.001997
1344	44.8	1.544	0.001998
1345	44.8333	1.545	0.001999
1346	44.8667	1.546	0.002002
1347	44.9	1.547	0.002004
1348	44.9333	1.548	0.002005
1349	44.9667	1.549	0.002008
1350	45	1.55	0.002009
1351	45.0333	1.551	0.002011
1352	45.0667	1.552	0.002013
1353	45.1	1.553	0.002015
1354	45.1333	1.554	0.002016
1355	45.1667	1.555	0.002019
1356	45.2	1.556	0.00202
1357	45.2333	1.557	0.002021
1358	45.2667	1.558	0.002024
1359	45.3	1.559	0.002026
1360	45.3333	1.56	0.002026
1361	45.3667	1.561	0.002028
1362	45.4	1.562	0.002031
1363	45.4333	1.563	0.002033
1364	45.4667	1.564	0.002035
1365	45.5	1.565	0.002036
1366	45.5333	1.566	0.002039
1367	45.5667	1.567	0.002041
1368	45.6	1.568	0.002042
1369	45.6333	1.569	0.002044
1370	45.6667	1.57	0.002047
1371	45.7	1.571	0.002049
1372	45.7333	1.572	0.002051
1373	45.7667	1.573	0.002052
1374	45.8	1.574	0.002054
1375	45.8333	1.575	0.002056
1376	45.8667	1.576	0.002058
1377	45.9	1.577	0.00206
1378	45.9333	1.578	0.002062
1379	45.9667	1.579	0.002064
1380	46	1.58	0.002066
1381	46.0333	1.581	0.002067
1382	46.0667	1.582	0.00207
1383	46.1	1.583	0.002072
1384	46.1333	1.584	0.002074
1385	46.1667	1.585	0.002077
1386	46.2	1.586	0.002079
1387	46.2333	1.587	0.002081
1388	46.2667	1.588	0.002084
1389	46.3	1.589	0.002086
1390	46.3333	1.59	0.002087
1391	46.3667	1.591	0.002089
1392	46.4	1.592	0.002092
1393	46.4333	1.593	0.002094
1394	46.4667	1.594	0.002096
1395	46.5	1.595	0.002099
1396	46.5333	1.596	0.002101
1397	46.5667	1.597	0.002104
1398	46.6	1.598	0.002105
1399	46.6333	1.599	0.002108
1400	46.6667	1.6	0.00211
1401	46.7	1.601	0.002113
1402	46.7333	1.602	0.002114
1403	46.7667	1.603	0.002117
1404	46.8	1.604	0.00212
1405	46.8333	1.605	0.002122
1406	46.8667	1.606	0.002125
1407	46.9	1.607	0.002128
1408	46.9333	1.608	0.00213
1409	46.9667	1.609	0.002133
1410	47	1.61	0.002135
1411	47.0333	1.611	0.002138
1412	47.0667	1.612	0.002141
1413	47.1	1.613	0.002143
1414	47.1333	1.614	0.002146
1415	47.1667	1.615	0.00215
1416	47.2	1.616	0.002152
1417	47.2333	1.617	0.002153
1418	47.2667	1.618	0.002156
1419	47.3	1.619	0.002159
1420	47.3333	1.62	0.002161
1421	47.3667	1.621	0.002163
1422	47.4	1.622	0.002166
1423	47.4333	1.623	0.002168
1424	47.4667	1.624	0.002171
1425	47.5	1.625	0.002175
1426	47.5333	1.626	0.002178
1427	47.5667	1.627	0.002181
1428	47.6	1.628	0.002183
1429	47.6333	1.629	0.002185
1430	47.6667	1.63	0.002188
1431	47.7	1.631	0.002191
1432	47.7333	1.632	0.002194
1433	47.7667	1.633	0.002197
1434	47.8	1.634	0.0022
1435	47.8333	1.635	0.002203
1436	47.8667	1.636	0.002206
1437	47.9	1.637	0.002208
1438	47.9333	1.638	0.00221
1439	47.9667	1.639	0.002216
1440	48	1.64	0.002219
1441	48.0333	1.641	0.002222
1442	48.0667	1.642	0.002225
1443	48.1	1.643	0.002228
1444	48.1333	1.644	0.00223
1445	48.1667	1.645	0.002234
1446	48.2	1.646	0.002238
1447	48.2333	1.647	0.002241
1448	48.2667	1.648	0.002243
1449	48.3	1.649	0.002245
1450	48.3333	1.65	0.00225
1451	48.3667	1.651	0.002252
1452	48.4	1.652	0.002256
1453	48.4333	1.653	0.002259
1454	48.4667	1.654	0.002262
1455	48.5	1.655	0.002265
1456	48.5333	1.656	0.002268
1457	48.5667	1.657	0.002272
1458	48.6	1.658	0.002276
1459	48.6333	1.659	0.002279
1460	48.6667	1.66	0.002283
1461	48.7	1.661	0.002287
1462	48.7333	1.662	0.00229
1463	48.7667	1.663	0.002293
1464	48.8	1.664	0.002297
1465	48.8333	1.665	0.0023
1466	48.8667	1.666	0.002304
1467	48.9	1.667	0.002308
1468	48.9333	1.668	0.002311
1469	48.9667	1.669	0.002315
1470	49	1.67	0.002319
1471	49.0333	1.671	0.002323
1472	49.0667	1.672	0.002327
1473	49.1	1.673	0.002331
1474	49.1333	1.674	0.002334
1475	49.1667	1.675	0.002337
1476	49.2	1.676	0.002342
1477	49.2333	1.677	0.002344
1478	49.2667	1.678	0.002348
1479	49.3	1.679	0.002352
1480	49.3333	1.68	0.002355
1481	49.3667	1.681	0.002359
1482	49.4	1.682	0.002363
1483	49.4333	1.683	0.002367
1484	49.4667	1.684	0.002372
1485	49.5	1.685	0.002376
1486	49.5333	1.686	0.00238
1487	49.5667	1.687	0.002384
1488	49.6	1.688	0.002388
1489	49.6333	1.689	0.002392
1490	49.6667	1.69	0.002397
1491	49.7	1.691	0.002401
1492	49.7333	1.692	0.002405
1493	49.7667	1.693	0.002409
1494	49.8	1.694	0.002413
1495	49.8333	1.695	0.002417
1496	49.8667	1.696	0.002421
1497	49.9	1.697	0.002426
1498	49.9333	1.698	0.00243
1499	49.9667	1.699	0.002435
1500	50	1.7	0.00244
1501	50.0333	1.701	0.002444
1502	50.0667	1.702	0.002449
1503	50.1	1.703	0.002453
1504	50.1333	1.704	0.002458
1505	50.1667	1.705	0.002462
1506	50.2	1.706	0.002467
1507	50.2333	1.707	0.002471
1508	50.2667	1.708	0.002476
1509	50.3	1.709	0.002482
1510	50.3333	1.71	0.002486
1511	50.3667	1.711	0.002491
1512	50.4	1.712	0.002497
1513	50.4333	1.713	0.002502
1514	50.4667	1.714	0.002507
1515	50.5	1.715	0.002512
1516	50.5333	1.716	0.002518
1517	50.5667	1.717	0.002522
1518	50.6	1.718	0.002527
1519	50.6333	1.719	0.002532
1520	50.6667	1.72	0.002538
1521	50.7	1.721	0.002544
1522	50.7333	1.722	0.002549
1523	50.7667	1.723	0.002553
1524	50.8	1.724	0.00256
1525	50.8333	1.725	0.002564
1526	50.8667	1.726	0.00257
1527	50.9	1.727	0.002576
1528	50.9333	1.728	0.002581
1529	50.9667	1.729	0.002587
1530	51	1.73	0.002594
1531	51.0333	1.731	0.002599
1532	51.0667	1.732	0.002604
1533	51.1	1.733	0.00261
1534	51.1333	1.734	0.002615
1535	51.1667	1.735	0.002621
1536	51.2	1.736	0.002627
1537	51.2333	1.737	0.002632
1538	51.2667	1.738	0.002637
1539	51.3	1.739	0.002644
1540	51.3333	1.74	0.00265
1541	51.3667	1.741	0.002658
1542	51.4	1.742	0.002665
1543	51.4333	1.743	0.00267
1544	51.4667	1.744	0.002676
1545	51.5	1.745	0.002683
1546	51.5333	1.746	0.002688
1547	51.5667	1.747	0.002695
1548	51.6	1.748	0.002702
1549	51.6333	1.749	0.002707
1550	51.6667	1.75	0.002713
1551	51.7	1.751	0.00272
1552	51.7333	1.752	0.002727
1553	51.7667	1.753	0.002733
1554	51.8	1.754	0.00274
1555	51.8333	1.755	0.002747
1556	51.8667	1.756	0.002754
1557	51.9	1.757	0.002761
1558	51.9333	1.758	0.002769
1559	51.9667	1.759	0.002776
1560	52	1.76	0.002783
1561	52.0333	1.761	0.002791
1562	52.0667	1.762	0.002797
1563	52.1	1.763	0.002805
1564	52.1333	1.764	0.002812
1565	52.1667	1.765	0.002818
1566	52.2	1.766	0.002826
1567	52.2333	1.767	0.002834
1568	52.2667	1.768	0.002841
1569	52.3	1.769	0.002848
1570	52.3333	1.77	0.002856
1571	52.3667	1.771	0.002863
1572	52.4	1.772	0.002872
1573	52.4333	1.773	0.002879
1574	52.4667	1.774	0.002886
1575	52.5	1.775	0.002894
1576	52.5333	1.776	0.002902
1577	52.5667	1.777	0.00291
1578	52.6	1.778	0.002918
1579	52.6333	1.779	0.002926
1580	52.6667	1.78	0.002933
1581	52.7	1.781	0.002942
1582	52.7333	1.782	0.00295
1583	52.7667	1.783	0.002959
1584	52.8	1.784	0.002968
1585	52.8333	1.785	0.002977
1586	52.8667	1.786	0.002986
1587	52.9	1.787	0.002995
1588	52.9333	1.788	0.003003
1589	52.9667	1.789	0.003011
1590	53	1.79	0.00302
1591	53.0333	1.791	0.00303
1592	53.0667	1.792	0.00304
1593	53.1	1.793	0.00305
1594	53.1333	1.794	0.003058
1595	53.1667	1.795	0.003067
1596	53.2	1.796	0.003077
1597	53.2333	1.797	0.003086
1598	53.2667	1.798	0.003096
1599	53.3	1.799	0.003106
1600	53.3333	1.8	0.003091
1601	53.3667	1.799	0.002972
1602	53.4	1.798	0.002839
1603	53.4333	1.797	0.002717
1604	53.4667	1.796	0.002606
1605	53.5	1.795	0.002503
1606	53.5333	1.794	0.002407
1607	53.5667	1.793	0.002317
1608	53.6	1.792	0.002234
1609	53.6333	1.791	0.002154
1610	53.6667	1.79	0.00208
1611	53.7	1.789	0.00201
1612	53.7333	1.788	0.001943
1613	53.7667	1.787	0.001879
1614	53.8	1.786	0.001819
1615	53.8333	1.785	0.001761
1616	53.8667	1.784	0.001706
1617	53.9	1.783	0.001652
1618	53.9333	1.782	0.001602
1619	53.9667	1.781	0.001553
1620	54	1.78	0.001506
1621	54.0333	1.779	0.00146
1622	54.0667	1.778	0.001415
1623	54.1	1.777	0.001372
1624	54.1333	1.776	0.001331
1625	54.1667	1.775	0.001291
1626	54.2	1.774	0.001254
1627	54.2333	1.773	0.001216
1628	54.2667	1.772	0.001179
1629	54.3	1.771	0.001144
1630	54.3333	1.77	0.00111
1631	54.3667	1.769	0.001076
1632	54.4	1.768	0.001044
1633	54.4333	1.767	0.001012
1634	54.4667	1.766	0.00098
1635	54.5	1.765	0.000951
1636	54.5333	1.764	0.000922
1637	54.5667	1.763	0.000893
1638	54.6	1.762	0.000865
1639	54.6333	1.761	0.000838
1640	54.6667	1.76	0.000813
1641	54.7	1.759	0.000786
1642	54.7333	1.758	0.000761
1643	54.7667	1.757	0.000736
1644	54.8	1.756	0.000712
1645	54.8333	1.755	0.000689
1646	54.8667	1.754	0.000666
1647	54.9	1.753	0.000645
1648	54.9333	1.752	0.000623
1649	54.9667	1.751	0.000601
1650	55	1.75	0.00058
1651	55.0333	1.749	0.00056
1652	55.0667	1.748	0.00054
1653	55.1	1.747	0.000521
1654	55.1333	1.746	0.000501
1655	55.1667	1.745	0.000482
1656	55.2	1.744	0.000464
1657	55.2333	1.743	0.000446
1658	55.2667	1.742	0.000428
1659	55.3	1.741	0.000411
1660	55.3333	1.74	0.000394
1661	55.3667	1.739	0.000378
1662	55.4	1.738	0.000362
1663	55.4333	1.737	0.000347
1664	55.4667	1.736	0.00033
1665	55.5	1.735	0.000316
1666	55.5333	1.734	0.000301
1667	55.5667	1.733	0.000286
1668	55.6	1.732	0.000273
1669	55.6333	1.731	0.000259
1670	55.6667	1.73	0.000244
1671	55.7	1.729	0.000231
1672	55.7333	1.728	0.000219
1673	55.7667	1.727	0.000206
1674	55.8	1.726	0.000193
1675	55.8333	1.725	0.000183
1676	55.8667	1.724	0.000172
1677	55.9	1.723	0.00016
1678	55.9333	1.722	0.000151
1679	55.9667	1.721	0.000141
1680	56	1.72	0.000131
1681	56.0333	1.719	0.000122
1682	56.0667	1.718	0.000114
1683	56.1	1.717	0.000106
1684	56.1333	1.716	9.7e-05
1685	56.1667	1.715	9.01e-05
1686	56.2	1.714	8.28e-05
1687	56.2333	1.713	7.64e-05
1688	56.2667	1.712	7.05e-05
1689	56.3	1.711	6.41e-05
1690	56.3333	1.71	5.81e-05
1691	56.3667	1.709	5.1e-05
1692	56.4	1.708	4.63e-05
1693	56.4333	1.707	4.05e-05
1694	56.4667	1.706	3.51e-05
1695	56.5	1.705	3.05e-05
1696	56.5333	1.704	2.62e-05
1697	56.5667	1.703	2.17e-05
1698	56.6	1.702	1.76e-05
1699	56.6333	1.701	1.28e-05
1700	56.6667	1.7	6.68e-06
1701	56.7	1.699	1.86e-06
1702	56.7333	1.698	-3.2e-06
1703	56.7667	1.697	-7.54e-06
1704	56.8	1.696	-1.24e-05
1705	56.8333	1.695	-1.86e-05
1706	56.8667	1.694	-2.55e-05
1707	56.9	1.693	-3.13e-05
1708	56.9333	1.692	-3.67e-05
1709	56.9667	1.691	-4.29e-05
1710	57	1.69	-5.05e-05
1711	57.0333	1.689	-5.81e-05
1712	57.0667	1.688	-6.53e-05
1713	57.1	1.687	-7.22e-05
1714	57.1333	1.686	-7.99e-05
1715	57.1667	1.685	-8.97e-05
1716	57.2	1.684	-9.88e-05
1717	57.2333	1.683	-0.000109
1718	57.2667	1.682	-0.000121
1719	57.3	1.681	-0.000132
1720	57.3333	1.68	-0.000145
1721	57.3667	1.679	-0.000158
1722	57.4	1.678	-0.000171
1723	57.4333	1.677	-0.000185
1724	57.4667	1.676	-0.0002
1725	57.5	1.675	-0.000214
1726	57.5333	1.674	-0.00023
1727	57.5667	1.673	-0.000244
1728	57.6	1.672	-0.000259
1729	57.6333	1.671	-0.000274
1730	57.6667	1.67	-0.00029
1731	57.7	1.669	-0.000304
1732	57.7333	1.668	-0.000318
1733	57.7667	1.667	-0.000332
1734	57.8	1.666	-0.000346
1735	57.8333	1.665	-0.000361
1736	57.8667	1.664	-0.000374
1737	57.9	1.663	-0.000387
1738	57.9333	1.662	-0.000399
1739	57.9667	1.661	-0.000411
1740	58	1.66	-0.000423
1741	58.0333	1.659	-0.000434
1742	58.0667	1.658	-0.000445
1743	58.1	1.657	-0.000456
1744	58.1333	1.656	-0.000467
1745	58.1667	1.655	-0.000476
1746	58.2	1.654	-0.000485
1747	58.2333	1.653	-0.000495
1748	58.2667	1.652	-0.000505
1749	58.3	1.651	-0.000513
1750	58.3333	1.65	-0.000523
1751	58.3667	1.649	-0.000532
1752	58.4	1.648	-0.00054
1753	58.4333	1.647	-0.000549
1754	58.4667	1.646	-0.000557
1755	58.5	1.645	-0.000564
1756	58.5333	1.644	-0.000571
1757	58.5667	1.643	-0.000579
1758	58.6	1.642	-0.000587
1759	58.6333	1.641	-0.000593
1760	58.6667	1.64	-0.000601
1761	58.7	1.639	-0.000608
1762	58.7333	1.638	-0.000615
1763	58.7667	1.637	-0.000622
1764	58.8	1.636	-0.000629
1765	58.8333	1.635	-0.000634
1766	58.8667	1.634	-0.000641
1767	58.9	1.633	-0.000647
1768	58.9333	1.632	-0.000653
1769	58.9667	1.631	-0.000659
1770	59	1.63	-0.000665
1771	59.0333	1.629	-0.00067
1772	59.0667	1.628	-0.000676
1773	59.1	1.627	-0.000682
1774	59.1333	1.626	-0.000686
1775	59.1667	1.625	-0.000692
1776	59.2	1.624	-0.000698
1777	59.2333	1.623	-0.000703
1778	59.2667	1.622	-0.000707
1779	59.3	1.621	-0.000711
1780	59.3333	1.62	-0.000717
1781	59.3667	1.619	-0.000722
1782	59.4	1.618	-0.000727
1783	59.4333	1.617	-0.000731
1784	59.4667	1.616	-0.000735
1785	59.5	1.615	-0.000739
1786	59.5333	1.614	-0.000744
1787	59.5667	1.613	-0.000749
1788	59.6	1.612	-0.000753
1789	59.6333	1.611	-0.000757
1790	59.6667	1.61	-0.000763
1791	59.7	1.609	-0.000767
1792	59.7333	1.608	-0.00077
1793	59.7667	1.607	-0.000774
1794	59.8	1.606	-0.000778
1795	59.8333	1.605	-0.000781
1796	59.8667	1.604	-0.000784
1797	59.9	1.603	-0.000789
1798	59.9333	1.602	-0.000793
1799	59.9667	1.601	-0.000796
1800	60	1.6	-0.000801
1801	60.0333	1.599	-0.000805
1802	60.0667	1.598	-0.000808
1803	60.1	1.597	-0.000812
1804	60.1333	1.596	-0.000813
1805	60.1667	1.595	-0.000818
1806	60.2	1.594	-0.000822
1807	60.2333	1.593	-0.000824
1808	60.2667	1.592	-0.000828
1809	60.3	1.591	-0.000831
1810	60.3333	1.59	-0.000833
1811	60.3667	1.589	-0.000837
1812	60.4	1.588	-0.000841
1813	60.4333	1.587	-0.000844
1814	60.4667	1.586	-0.000848
1815	60.5	1.585	-0.000851
1816	60.5333	1.584	-0.000853
1817	60.5667	1.583	-0.000857
1818	60.6	1.582	-0.000859
1819	60.6333	1.581	-0.000862
1820	60.6667	1.58	-0.000865
1821	60.7	1.579	-0.000868
1822	60.7333	1.578	-0.00087
1823	60.7667	1.577	-0.000873
1824	60.8	1.576	-0.000875
1825	60.8333	1.575	-0.000878
1826	60.8667	1.574	-0.000881
1827	60.9	1.573	-0.000885
1828	60.9333	1.572	-0.000886
1829	60.9667	1.571	-0.000888
1830	61	1.57	-0.000891
1831	61.0333	1.569	-0.000893
1832	61.0667	1.568	-0.000897
1833	61.1	1.567	-0.000899
1834	61.1333	1.566	-0.0009
1835	61.1667	1.565	-0.000902
1836	61.2	1.564	-0.000904
1837	61.2333	1.563	-0.000908
1838	61.2667	1.562	-0.00091
1839	61.3	1.561	-0.000913
1840	61.3333	1.56	-0.000915
1841	61.3667	1.559	-0.000917
1842	61.4	1.558	-0.000919
1843	61.4333	1.557	-0.000921
1844	61.4667	1.556	-0.000923
1845	61.5	1.555	-0.000926
1846	61.5333	1.554	-0.000927
1847	61.5667	1.553	-0.00093
1848	61.6	1.552	-0.000932
1849	61.6333	1.551	-0.000933
1850	61.6667	1.55	-0.000935
1851	61.7	1.549	-0.000937
1852	61.7333	1.548	-0.000939
1853	61.7667	1.547	-0.000941
1854	61.8	1.546	-0.000943
1855	61.8333	1.545	-0.000945
1856	61.8667	1.544	-0.000947
1857	61.9	1.543	-0.000949
1858	61.9333	1.542	-0.000951
1859	61.9667	1.541	-0.000953
1860	62	1.54	-0.000955
1861	62.0333	1.539	-0.000956
1862	62.0667	1.538	-0.000958
1863	62.1	1.537	-0.000961
1864	62.1333	1.536	-0.000963
1865	62.1667	1.535	-0.000965
1866	62.2	1.534	-0.000966
1867	62.2333	1.533	-0.000968
1868	62.2667	1.532	-0.00097
1869	62.3	1.531	-0.000971
1870	62.3333	1.53	-0.000972
1871	62.3667	1.529	-0.000974
1872	62.4	1.528	-0.000976
1873	62.4333	1.527	-0.000977
1874	62.4667	1.526	-0.00098
1875	62.5	1.525	-0.000981
1876	62.5333	1.524	-0.000981
1877	62.5667	1.523	-0.000983
1878	62.6	1.522	-0.000985
1879	62.6333	1.521	-0.000985
1880	62.6667	1.52	-0.000987
1881	62.7	1.519	-0.00099
1882	62.7333	1.518	-0.000991
1883	62.7667	1.517	-0.000993
1884	62.8	1.516	-0.000995
1885	62.8333	1.515	-0.000997
1886	62.8667	1.514	-0.000999
1887	62.9	1.513	-0.001
1888	62.9333	1.512	-0.001001
1889	62.9667	1.511	-0.001003
1890	63	1.51	-0.001005
1891	63.0333	1.509	-0.001006
1892	63.0667	1.508	-0.001008
1893	63.1	1.507	-0.001009
1894	63.1333	1.506	-0.00101
1895	63.1667	1.505	-0.001011
1896	63.2	1.504	-0.001013
1897	63.2333	1.503	-0.001014
1898	63.2667	1.502	-0.001014
1899	63.3	1.501	-0.001016
1900	63.3333	1.5	-0.001017
1901	63.3667	1.499	-0.001019
1902	63.4	1.498	-0.001021
1903	63.4333	1.497	-0.001022
1904	63.4667	1.496	-0.001023
1905	63.5	1.495	-0.001025
1906	63.5333	1.494	-0.001025
1907	63.5667	1.493	-0.001027
1908	63.6	1.492	-0.001028
1909	63.6333	1.491	-0.001029
1910	63.6667	1.49	-0.001031
1911	63.7	1.489	-0.001033
1912	63.7333	1.488	-0.001033
1913	63.7667	1.487	-0.001035
1914	63.8	1.486	-0.001036
1915	63.8333	1.485	-0.001037
1916	63.8667	1.484	-0.001038
1917	63.9	1.483	-0.00104
1918	63.9333	1.482	-0.00104
1919	63.9667	1.481	-0.001042
1920	64	1.48	-0.001044
1921	64.0333	1.479	-0.001044
1922	64.0667	1.478	-0.001045
1923	64.1	1.477	-0.001046
1924	64.1333	1.476	-0.001047
1925	64.1667	1.475	-0.001048
1926	64.2	1.474	-0.001051
1927	64.2333	1.473	-0.001051
1928	64.2667	1.472	-0.001053
1929	64.3	1.471	-0.001054
1930	64.3333	1.47	-0.001055
1931	64.3667	1.469	-0.001056
1932	64.4	1.468	-0.001057
1933	64.4333	1.467	-0.001058
1934	64.4667	1.466	-0.001059
1935	64.5	1.465	-0.00106
1936	64.5333	1.464	-0.00106
1937	64.5667	1.463	-0.001062
1938	64.6	1.462	-0.001063
1939	64.6333	1.461	-0.001063
1940	64.6667	1.46	-0.001064
1941	64.7	1.459	-0.001066
1942	64.7333	1.458	-0.001066
1943	64.7667	1.457	-0.001067
1944	64.8	1.456	-0.00107
1945	64.8333	1.455	-0.001071
1946	64.8667	1.454	-0.001072
1947	64.9	1.453	-0.001073
1948	64.9333	1.452	-0.001074
1949	64.9667	1.451	-0.001074
1950	65	1.45	-0.001076
1951	65.0333	1.449	-0.001077
1952	65.0667	1.448	-0.001077
1953	65.1	1.447	-0.001078
1954	65.1333	1.446	-0.001079
1955	65.1667	1.445	-0.001081
1956	65.2	1.444	-0.001082
1957	65.2333	1.443	-0.001083
1958	65.2667	1.442	-0.001084
1959	65.3	1.441	-0.001085
1960	65.3333	1.44	-0.001085
1961	65.3667	1.439	-0.001086
1962	65.4	1.438	-0.001087
1963	65.4333	1.437	-0.001087
1964	65.4667	1.436	-0.001087
1965	65.5	1.435	-0.001089
1966	65.5333	1.434	-0.001091
1967	65.5667	1.433	-0.001093
1968	65.6	1.432	-0.001094
1969	65.6333	1.431	-0.001094
1970	65.6667	1.43	-0.001094
1971	65.7	1.429	-0.001095
1972	65.7333	1.428	-0.001095
1973	65.7667	1.427	-0.001096
1974	65.8	1.426	-0.001097
1975	65.8333	1.425	-0.001098
1976	65.8667	1.424	-0.001098
1977	65.9	1.423	-0.001101
1978	65.9333	1.422	-0.0011
1979	65.9667	1.421	-0.001101
1980	66	1.42	-0.001103
1981	66.0333	1.419	-0.001104
1982	66.0667	1.418	-0.001105
1983	66.1	1.417	-0.001105
1984	66.1333	1.416	-0.001106
1985	66.1667	1.415	-0.001107
1986	66.2	1.414	-0.001108
1987	66.2333	1.413	-0.001109
1988	66.2667	1.412	-0.00111
1989	66.3	1.411	-0.001111
1990	66.3333	1.41	-0.001112
1991	66.3667	1.409	-0.001113
1992	66.4	1.408	-0.001114
1993	66.4333	1.407	-0.001115
1994	66.4667	1.406	-0.001115
1995	66.5	1.405	-0.001115
1996	66.5333	1.404	-0.001116
1997	66.5667	1.403	-0.001117
1998	66.6	1.402	-0.001117
1999	66.6333	1.401	-0.001117
2000	66.6667	1.4	-0.001118
2001	66.7	1.399	-0.00112
2002	66.7333	1.398	-0.001121
2003	66.7667	1.397	-0.001122
2004	66.8	1.396	-0.001123
2005	66.8333	1.395	-0.001124
2006	66.8667	1.394	-0.001125
2007	66.9	1.393	-0.001125
2008	66.9333	1.392	-0.001126
2009	66.9667	1.391	-0.001127
2010	67	1.39	-0.001127
2011	67.0333	1.389	-0.001128
2012	67.0667	1.388	-0.00113
2013	67.1	1.387	-0.00113
2014	67.1333	1.386	-0.001131
2015	67.1667	1.385	-0.001131
2016	67.2	1.384	-0.001132
2017	67.2333	1.383	-0.001133
2018	67.2667	1.382	-0.001135
2019	67.3	1.381	-0.001136
2020	67.3333	1.38	-0.001136
2021	67.3667	1.379	-0.001135
2022	67.4	1.378	-0.001137
2023	67.4333	1.377	-0.001138
2024	67.4667	1.376	-0.001137
2025	67.5	1.375	-0.001138
2026	67.5333	1.374	-0.001139
2027	67.5667	1.373	-0.00114
2028	67.6	1.372	-0.001141
2029	67.6333	1.371	-0.001142
2030	67.6667	1.37	-0.001142
2031	67.7	1.369	-0.001143
2032	67.7333	1.368	-0.001144
2033	67.7667	1.367	-0.001144
2034	67.8	1.366	-0.001145
2035	67.8333	1.365	-0.001147
2036	67.8667	1.364	-0.001147
2037	67.9	1.363	-0.001148
2038	67.9333	1.362	-0.001149
2039	67.9667	1.361	-0.001149
2040	68	1.36	-0.00115
2041	68.0333	1.359	-0.001151
2042	68.0667	1.358	-0.00115
2043	68.1	1.357	-0.001153
2044	68.1333	1.356	-0.001154
2045	68.1667	1.355	-0.001154
2046	68.2	1.354	-0.001155
2047	68.2333	1.353	-0.001156
2048	68.2667	1.352	-0.001155
2049	68.3	1.351	-0.001157
2050	68.3333	1.35	-0.001158
2051	68.3667	1.349	-0.001159
2052	68.4	1.348	-0.00116
2053	68.4333	1.347	-0.001161
2054	68.4667	1.346	-0.001161
2055	68.5	1.345	-0.001161
2056	68.5333	1.344	-0.001162
2057	68.5667	1.343	-0.001162
2058	68.6	1.342	-0.001163
2059	68.6333	1.341	-0.001164
2060	68.6667	1.34	-0.001165
2061	68.7	1.339	-0.001167
2062	68.7333	1.338	-0.001167
2063	68.7667	1.337	-0.001167
2064	68.8	1.336	-0.001168
2065	68.8333	1.335	-0.00117
2066	68.8667	1.334	-0.001171
2067	68.9	1.333	-0.001172
2068	68.9333	1.332	-0.001173
2069	68.9667	1.331	-0.001174
2070	69	1.33	-0.001176
2071	69.0333	1.329	-0.001176
2072	69.0667	1.328	-0.001177
2073	69.1	1.327	-0.001178
2074	69.1333	1.326	-0.001179
2075	69.1667	1.325	-0.001178
2076	69.2	1.324	-0.00118
2077	69.2333	1.323	-0.00118
2078	69.2667	1.322	-0.001181
2079	69.3	1.321	-0.001182
2080	69.3333	1.32	-0.001183
2081	69.3667	1.319	-0.001183
2082	69.4	1.318	-0.001184
2083	69.4333	1.317	-0.001185
2084	69.4667	1.316	-0.001185
2085	69.5	1.315	-0.001186
2086	69.5333	1.314	-0.001188
2087	69.5667	1.313	-0.001188
2088	69.6	1.312	-0.001189
2089	69.6333	1.311	-0.00119
2090	69.6667	1.31	-0.001191
2091	69.7	1.309	-0.001192
2092	69.7333	1.308	-0.001193
2093	69.7667	1.307	-0.001193
2094	69.8	1.306	-0.001194
2095	69.8333	1.305	-0.001196
2096	69.8667	1.304	-0.001197
2097	69.9	1.303	-0.001199
2098	69.9333	1.302	-0.001198
2099	69.9667	1.301	-0.001199
2100	70	1.3	-0.0012
2101	70.0333	1.299	-0.001201
2102	70.0667	1.298	-0.001202
2103	70.1	1.297	-0.001203
2104	70.1333	1.296	-0.001203
2105	70.1667	1.295	-0.001204
2106	70.2	1.294	-0.001205
2107	70.2333	1.293	-0.001205
2108	70.2667	1.292	-0.001206
2109	70.3	1.291	-0.001208
2110	70.3333	1.29	-0.001209
2111	70.3667	1.289	-0.001209
2112	70.4	1.288	-0.00121
2113	70.4333	1.287	-0.001212
2114	70.4667	1.286	-0.001213
2115	70.5	1.285	-0.001214
2116	70.5333	1.284	-0.001214
2117	70.5667	1.283	-0.001215
2118	70.6	1.282	-0.001217
2119	70.6333	1.281	-0.001217
2120	70.6667	1.28	-0.001218
2121	70.7	1.279	-0.001219
2122	70.7333	1.278	-0.001221
2123	70.7667	1.277	-0.001222
2124	70.8	1.276	-0.001223
2125	70.8333	1.275	-0.001224
2126	70.8667	1.274	-0.001225
2127	70.9	1.273	-0.001226
2128	70.9333	1.272	-0.001228
2129	70.9667	1.271	-0.001228
2130	71	1.27	-0.00123
2131	71.0333	1.269	-0.001231
2132	71.0667	1.268	-0.001232
2133	71.1	1.267	-0.001233
2134	71.1333	1.266	-0.001235
2135	71.1667	1.265	-0.001235
2136	71.2	1.264	-0.001235
2137	71.2333	1.263	-0.001237
2138	71.2667	1.262	-0.001238
2139	71.3	1.261	-0.001239
2140	71.3333	1.26	-0.001241
2141	71.3667	1.259	-0.001242
2142	71.4	1.258	-0.001243
2143	71.4333	1.257	-0.001244
2144	71.4667	1.256	-0.001243
2145	71.5	1.255	-0.001245
2146	71.5333	1.254	-0.001247
2147	71.5667	1.253	-0.001247
2148	71.6	1.252	-0.00125
2149	71.6333	1.251	-0.001251
2150	71.6667	1.25	-0.001253
2151	71.7	1.249	-0.001254
2152	71.7333	1.248	-0.001256
2153	71.7667	1.247	-0.001256
2154	71.8	1.246	-0.001258
2155	71.8333	1.245	-0.001259
2156	71.8667	1.244	-0.00126
2157	71.9	1.243	-0.001262
2158	71.9333	1.242	-0.001263
2159	71.9667	1.241	-0.001264
2160	72	1.24	-0.001265
2161	72.0333	1.239	-0.001267
2162	72.0667	1.238	-0.001267
2163	72.1	1.237	-0.001269
2164	72.1333	1.236	-0.00127
2165	72.1667	1.235	-0.001271
2166	72.2	1.234	-0.001273
2167	72.2333	1.233	-0.001274
2168	72.2667	1.232	-0.001275
2169	72.3	1.231	-0.001277
2170	72.3333	1.23	-0.001277
2171	72.3667	1.229	-0.00128
2172	72.4	1.228	-0.001284
2173	72.4333	1.227	-0.001285
2174	72.4667	1.226	-0.001286
2175	72.5	1.225	-0.001287
2176	72.5333	1.224	-0.001288
2177	72.5667	1.223	-0.00129
2178	72.6	1.222	-0.001291
2179	72.6333	1.221	-0.001292
2180	72.6667	1.22	-0.001294
2181	72.7	1.219	-0.001295
2182	72.7333	1.218	-0.001295
2183	72.7667	1.217	-0.001297
2184	72.8	1.216	-0.0013
2185	72.8333	1.215	-0.001302
2186	72.8667	1.214	-0.001302
2187	72.9	1.213	-0.001304
2188	72.9333	1.212	-0.001306
2189	72.9667	1.211	-0.001307
2190	73	1.21	-0.001308
2191	73.0333	1.209	-0.00131
2192	73.0667	1.208	-0.001311
2193	73.1	1.207	-0.001313
2194	73.1333	1.206	-0.001314
2195	73.1667	1.205	-0.001315
2196	73.2	1.204	-0.001317
2197	73.2333	1.203	-0.001319
2198	73.2667	1.202	-0.00132
2199	73.3	1.201	-0.001321
2200	73.3333	1.2	-0.001323
2201	73.3667	1.199	-0.001324
2202	73.4	1.198	-0.001325
2203	73.4333	1.197	-0.001327
2204	73.4667	1.196	-0.001328
2205	73.5	1.195	-0.00133
2206	73.5333	1.194	-0.001332
2207	73.5667	1.193	-0.001333
2208	73.6	1.192	-0.001335
2209	73.6333	1.191	-0.001336
2210	73.6667	1.19	-0.001338
2211	73.7	1.189	-0.00134
2212	73.7333	1.188	-0.001342
2213	73.7667	1.187	-0.001344
2214	73.8	1.186	-0.001345
2215	73.8333	1.185	-0.001347
2216	73.8667	1.184	-0.001349
2217	73.9	1.183	-0.001351
2218	73.9333	1.182	-0.001353
2219	73.9667	1.181	-0.001355
2220	74	1.18	-0.001357
2221	74.0333	1.179	-0.001358
2222	74.0667	1.178	-0.001359
2223	74.1	1.177	-0.001361
2224	74.1333	1.176	-0.001364
2225	74.1667	1.175	-0.001365
2226	74.2	1.174	-0.001367
2227	74.2333	1.173	-0.001369
2228	74.2667	1.172	-0.001369
2229	74.3	1.171	-0.001371
2230	74.3333	1.17	-0.001373
2231	74.3667	1.169	-0.001374
2232	74.4	1.168	-0.001376
2233	74.4333	1.167	-0.001378
2234	74.4667	1.166	-0.00138
2235	74.5	1.165	-0.001381
2236	74.5333	1.164	-0.001384
2237	74.5667	1.163	-0.001386
2238	74.6	1.162	-0.001388
2239	74.6333	1.161	-0.00139
2240	74.6667	1.16	-0.001391
2241	74.7	1.159	-0.001392
2242	74.7333	1.158	-0.001395
2243	74.7667	1.157	-0.001397
2244	74.8	1.156	-0.001399
2245	74.8333	1.155	-0.001399
2246	74.8667	1.154	-0.001402
2247	74.9	1.153	-0.001403
2248	74.9333	1.152	-0.001406
2249	74.9667	1.151	-0.001408
2250	75	1.15	-0.001409
2251	75.0333	1.149	-0.001411
2252	75.0667	1.148	-0.001412
2253	75.1	1.147	-0.001414
2254	75.1333	1.146	-0.001416
2255	75.1667	1.145	-0.001418
2256	75.2	1.144	-0.00142
2257	75.2333	1.143	-0.001422
2258	75.2667	1.142	-0.001423
2259	75.3	1.141	-0.001425
2260	75.3333	1.14	-0.001427
2261	75.3667	1.139	-0.001429
2262	75.4	1.138	-0.001431
2263	75.4333	1.137	-0.001432
2264	75.4667	1.136	-0.001435
2265	75.5	1.135	-0.001437
2266	75.5333	1.134	-0.001438
2267	75.5667	1.133	-0.00144
2268	75.6	1.132	-0.001442
2269	75.6333	1.131	-0.001443
2270	75.6667	1.13	-0.001444
2271	75.7	1.129	-0.001447
2272	75.7333	1.128	-0.00145
2273	75.7667	1.127	-0.001452
2274	75.8	1.126	-0.001455
2275	75.8333	1.125	-0.001458
2276	75.8667	1.124	-0.001458
2277	75.9	1.123	-0.001459
2278	75.9333	1.122	-0.001461
2279	75.9667	1.121	-0.001463
2280	76	1.12	-0.001466
2281	76.0333	1.119	-0.001468
2282	76.0667	1.118	-0.001469
2283	76.1	1.117	-0.001471
2284	76.1333	1.116	-0.001473
2285	76.1667	1.115	-0.001475
2286	76.2	1.114	-0.001477
2287	76.2333	1.113	-0.00148
2288	76.2667	1.112	-0.001481
2289	76.3	1.111	-0.001483
2290	76.3333	1.11	-0.001484
2291	76.3667	1.109	-0.001486
2292	76.4	1.108	-0.001488
2293	76.4333	1.107	-0.00149
2294	76.4667	1.106	-0.001492
2295	76.5	1.105	-0.001494
2296	76.5333	1.104	-0.001495
2297	76.5667	1.103	-0.001496
2298	76.6	1.102	-0.001499
2299	76.6333	1.101	-0.001502
2300	76.6667	1.1	-0.001504
2301	76.7	1.099	-0.001505
2302	76.7333	1.098	-0.001507
2303	76.7667	1.097	-0.001508
2304	76.8	1.096	-0.00151
2305	76.8333	1.095	-0.001513
2306	76.8667	1.094	-0.001514
2307	76.9	1.093	-0.001515
2308	76.9333	1.092	-0.001517
2309	76.9667	1.091	-0.001519
2310	77	1.09	-0.00152
2311	77.0333	1.089	-0.001523
2312	77.0667	1.088	-0.001525
2313	77.1	1.087	-0.001527
2314	77.1333	1.086	-0.001529
2315	77.1667	1.085	-0.00153
2316	77.2	1.084	-0.001531
2317	77.2333	1.083	-0.001534
2318	77.2667	1.082	-0.001536
2319	77.3	1.081	-0.001537
2320	77.3333	1.08	-0.00154
2321	77.3667	1.079	-0.001541
2322	77.4	1.078	-0.001543
2323	77.4333	1.077	-0.001545
2324	77.4667	1.076	-0.001547
2325	77.5	1.075	-0.00155
2326	77.5333	1.074	-0.001551
2327	77.5667	1.073	-0.001552
2328	77.6	1.072	-0.001554
2329	77.6333	1.071	-0.001557
2330	77.6667	1.07	-0.001558
2331	77.7	1.069	-0.001559
2332	77.7333	1.068	-0.001562
2333	77.7667	1.067	-0.001563
2334	77.8	1.066	-0.001565
2335	77.8333	1.065	-0.001566
2336	77.8667	1.064	-0.001567
2337	77.9	1.063	-0.001569
2338	77.9333	1.062	-0.001572
2339	77.9667	1.061	-0.001574
2340	78	1.06	-0.001575
2341	78.0333	1.059	-0.001577
2342	78.0667	1.058	-0.001579
2343	78.1	1.057	-0.001581
2344	78.1333	1.056	-0.001583
2345	78.1667	1.055	-0.001585
2346	78.2	1.054	-0.001586
2347	78.2333	1.053	-0.001588
2348	78.2667	1.052	-0.00159
2349	78.3	1.051	-0.001591
2350	78.3333	1.05	-0.001593
2351	78.3667	1.049	-0.001595
2352	78.4	1.048	-0.001597
2353	78.4333	1.047	-0.0016
2354	78.4667	1.046	-0.0016
2355	78.5	1.045	-0.001602
2356	78.5333	1.044	-0.001605
2357	78.5667	1.043	-0.001607
2358	78.6	1.042	-0.001608
2359	78.6333	1.041	-0.00161
2360	78.6667	1.04	-0.001613
2361	78.7	1.039	-0.001612
2362	78.7333	1.038	-0.001615
2363	78.7667	1.037	-0.001617
2364	78.8	1.036	-0.001619
2365	78.8333	1.035	-0.00162
2366	78.8667	1.034	-0.001621
2367	78.9	1.033	-0.001623
2368	78.9333	1.032	-0.001625
2369	78.9667	1.031	-0.001626
2370	79	1.03	-0.001627
2371	79.0333	1.029	-0.00163
2372	79.0667	1.028	-0.001632
2373	79.1	1.027	-0.001633
2374	79.1333	1.026	-0.001635
2375	79.1667	1.025	-0.001636
2376	79.2	1.024	-0.001639
2377	79.2333	1.023	-0.001642
2378	79.2667	1.022	-0.001644
2379	79.3	1.021	-0.001644
2380	79.3333	1.02	-0.001646
2381	79.3667	1.019	-0.001647
2382	79.4	1.018	-0.001648
2383	79.4333	1.017	-0.00165
2384	79.4667	1.016	-0.001652
2385	79.5	1.015	-0.001654
2386	79.5333	1.014	-0.001656
2387	79.5667	1.013	-0.001658
2388	79.6	1.012	-0.001659
2389	79.6333	1.011	-0.001661
2390	79.6667	1.01	-0.001662
2391	79.7	1.009	-0.001664
2392	79.7333	1.008	-0.001666
2393	79.7667	1.007	-0.001669
2394	79.8	1.006	-0.001669
2395	79.8333	1.005	-0.001672
2396	79.8667	1.004	-0.001673
2397	79.9	1.003	-0.001675
2398	79.9333	1.002	-0.001676
2399	79.9667	1.001	-0.001678
2400	80	1	-0.001679
2401	80.0333	0.999	-0.001681
2402	80.0667	0.998	-0.001683
2403	80.1	0.997	-0.001684
2404	80.1333	0.996	-0.001687
2405	80.1667	0.995	-0.001688
2406	80.2	0.994	-0.00169
2407	80.2333	0.993	-0.001691
2408	80.2667	0.992	-0.001693
2409	80.3	0.991	-0.001694
2410	80.3333	0.99	-0.001695
2411	80.3667	0.989	-0.001697
2412	80.4	0.988	-0.001699
2413	80.4333	0.987	-0.0017
2414	80.4667	0.986	-0.001701
2415	80.5	0.985	-0.001703
2416	80.5333	0.984	-0.001705
2417	80.5667	0.983	-0.001708
2418	80.6	0.982	-0.001709
2419	80.6333	0.981	-0.001711
2420	80.6667	0.98	-0.001712
2421	80.7	0.979	-0.001714
2422	80.7333	0.978	-0.001716
2423	80.7667	0.977	-0.001718
2424	80.8	0.976	-0.001719
2425	80.8333	0.975	-0.001721
2426	80.8667	0.974	-0.001723
2427	80.9	0.973	-0.001724
2428	80.9333	0.972	-0.001727
2429	80.9667	0.971	-0.001729
2430	81	0.97	-0.001729
2431	81.0333	0.969	-0.001731
2432	81.0667	0.968	-0.001733
2433	81.1	0.967	-0.001735
2434	81.1333	0.966	-0.001736
2435	81.1667	0.965	-0.001738
2436	81.2	0.964	-0.00174
2437	81.2333	0.963	-0.001741
2438	81.2667	0.962	-0.001743
2439	81.3	0.961	-0.001744
2440	81.3333	0.96	-0.001747
2441	81.3667	0.959	-0.001749
2442	81.4	0.958	-0.00175
2443	81.4333	0.957	-0.001751
2444	81.4667	0.956	-0.001753
2445	81.5	0.955	-0.001755
2446	81.5333	0.954	-0.001757
2447	81.5667	0.953	-0.001759
2448	81.6	0.952	-0.00176
2449	81.6333	0.951	-0.001761
2450	81.6667	0.95	-0.001762
2451	81.7	0.949	-0.001765
2452	81.7333	0.948	-0.001766
2453	81.7667	0.947	-0.001768
2454	81.8	0.946	-0.00177
2455	81.8333	0.945	-0.001771
2456	81.8667	0.944	-0.001772
2457	81.9	0.943	-0.001775
2458	81.9333	0.942	-0.001776
2459	81.9667	0.941	-0.001778
2460	82	0.94	-0.001779
2461	82.0333	0.939	-0.00178
2462	82.0667	0.938	-0.001782
2463	82.1	0.937	-0.001783
2464	82.1333	0.936	-0.001786
2465	82.1667	0.935	-0.001788
2466	82.2	0.934	-0.00179
2467	82.2333	0.933	-0.001792
2468	82.2667	0.932	-0.001793
2469	82.3	0.931	-0.001795
2470	82.3333	0.93	-0.001796
2471	82.3667	0.929	-0.001797
2472	82.4	0.928	-0.001798
2473	82.4333	0.927	-0.001801
2474	82.4667	0.926	-0.001803
2475	82.5	0.925	-0.001805
2476	82.5333	0.924	-0.001806
2477	82.5667	0.923	-0.001808
2478	82.6	0.922	-0.001809
2479	82.6333	0.921	-0.001812
2480	82.6667	0.92	-0.001814
2481	82.7	0.919	-0.001815
2482	82.7333	0.918	-0.001817
2483	82.7667	0.917	-0.001819
2484	82.8	0.916	-0.00182
2485	82.8333	0.915	-0.001822
2486	82.8667	0.914	-0.001823
2487	82.9	0.913	-0.001825
2488	82.9333	0.912	-0.001826
2489	82.9667	0.911	-0.001827
2490	83	0.91	-0.001829
2491	83.0333	0.909	-0.001832
2492	83.0667	0.908	-0.001833
2493	83.1	0.907	-0.001834
2494	83.1333	0.906	-0.001836
2495	83.1667	0.905	-0.001838
2496	83.2	0.904	-0.001839
2497	83.2333	0.903	-0.001841
2498	83.2667	0.902	-0.001843
2499	83.3	0.901	-0.001844
2500	83.3333	0.9	-0.001845
2501	83.3667	0.899	-0.001847
2502	83.4	0.898	-0.001849
2503	83.4333	0.897	-0.00185
2504	83.4667	0.896	-0.001853
2505	83.5	0.895	-0.001854
2506	83.5333	0.894	-0.001855
2507	83.5667	0.893	-0.001857
2508	83.6	0.892	-0.001859
2509	83.6333	0.891	-0.001861
2510	83.6667	0.89	-0.001863
2511	83.7	0.889	-0.001864
2512	83.7333	0.888	-0.001865
2513	83.7667	0.887	-0.001867
2514	83.8	0.886	-0.001868
2515	83.8333	0.885	-0.00187
2516	83.8667	0.884	-0.001872
2517	83.9	0.883	-0.001873
2518	83.9333	0.882	-0.001875
2519	83.9667	0.881	-0.001875
2520	84	0.88	-0.001876
2521	84.0333	0.879	-0.001878
2522	84.0667	0.878	-0.00188
2523	84.1	0.877	-0.001881
2524	84.1333	0.876	-0.001883
2525	84.1667	0.875	-0.001885
2526	84.2	0.874	-0.001887
2527	84.2333	0.873	-0.001889
2528	84.2667	0.872	-0.00189
2529	84.3	0.871	-0.001891
2530	84.3333	0.87	-0.001893
2531	84.3667	0.869	-0.001895
2532	84.4	0.868	-0.001896
2533	84.4333	0.867	-0.001898
2534	84.4667	0.866	-0.0019
2535	84.5	0.865	-0.0019
2536	84.5333	0.864	-0.001902
2537	84.5667	0.863	-0.001903
2538	84.6	0.862	-0.001904
2539	84.6333	0.861	-0.001906
2540	84.6667	0.86	-0.001908
2541	84.7	0.859	-0.001909
2542	84.7333	0.858	-0.00191
2543	84.7667	0.857	-0.001912
2544	84.8	0.856	-0.001912
2545	84.8333	0.855	-0.001914
2546	84.8667	0.854	-0.001915
2547	84.9	0.853	-0.001917
2548	84.9333	0.852	-0.001919
2549	84.9667	0.851	-0.001921
2550	85	0.85	-0.001922
2551	85.0333	0.849	-0.001923
2552	85.0667	0.848	-0.001925
2553	85.1	0.847	-0.001926
2554	85.1333	0.846	-0.001927
2555	85.1667	0.845	-0.001929
2556	85.2	0.844	-0.00193
2557	85.2333	0.843	-0.001931
2558	85.2667	0.842	-0.001933
2559	85.3	0.841	-0.001934
2560	85.3333	0.84	-0.001935
2561	85.3667	0.839	-0.001938
2562	85.4	0.838	-0.001939
2563	85.4333	0.837	-0.00194
2564	85.4667	0.836	-0.001941
2565	85.5	0.835	-0.001942
2566	85.5333	0.834	-0.001943
2567	85.5667	0.833	-0.001945
2568	85.6	0.832	-0.001947
2569	85.6333	0.831	-0.001948
2570	85.6667	0.83	-0.001949
2571	85.7	0.829	-0.00195
2572	85.7333	0.828	-0.001952
2573	85.7667	0.827	-0.001954
2574	85.8	0.826	-0.001955
2575	85.8333	0.825	-0.001955
2576	85.8667	0.824	-0.001957
2577	85.9	0.823	-0.001958
2578	85.9333	0.822	-0.001958
2579	85.9667	0.821	-0.00196
2580	86	0.82	-0.001961
2581	86.0333	0.819	-0.001964
2582	86.0667	0.818	-0.001966
2583	86.1	0.817	-0.001967
2584	86.1333	0.816	-0.001968
2585	86.1667	0.815	-0.001969
2586	86.2	0.814	-0.00197
2587	86.2333	0.813	-0.001971
2588	86.2667	0.812	-0.001973
2589	86.3	0.811	-0.001974
2590	86.3333	0.81	-0.001975
2591	86.3667	0.809	-0.001976
2592	86.4	0.808	-0.001978
2593	86.4333	0.807	-0.001979
2594	86.4667	0.806	-0.001981
2595	86.5	0.805	-0.001982
2596	86.5333	0.804	-0.001982
2597	86.5667	0.803	-0.001984
2598	86.6	0.802	-0.001984
2599	86.6333	0.801	-0.001985
2600	86.6667	0.8	-0.001986
2601	86.7	0.799	-0.001988
2602	86.7333	0.798	-0.001989
2603	86.7667	0.797	-0.00199
2604	86.8	0.796	-0.001991
2605	86.8333	0.795	-0.001992
2606	86.8667	0.794	-0.001993
2607	86.9	0.793	-0.001995
2608	86.9333	0.792	-0.001995
2609	86.9667	0.791	-0.001997
2610	87	0.79	-0.001998
2611	87.0333	0.789	-0.001999
2612	87.0667	0.788	-0.002001
2613	87.1	0.787	-0.002001
2614	87.1333	0.786	-0.002002
2615	87.1667	0.785	-0.002003
2616	87.2	0.784	-0.002005
2617	87.2333	0.783	-0.002006
2618	87.2667	0.782	-0.002007
2619	87.3	0.781	-0.002008
2620	87.3333	0.78	-0.002009
2621	87.3667	0.779	-0.002011
2622	87.4	0.778	-0.002011
2623	87.4333	0.777	-0.002012
2624	87.4667	0.776	-0.002013
2625	87.5	0.775	-0.002015
2626	87.5333	0.774	-0.002016
2627	87.5667	0.773	-0.002017
2628	87.6	0.772	-0.002018
2629	87.6333	0.771	-0.002019
2630	87.6667	0.77	-0.00202
2631	87.7	0.769	-0.002021
2632	87.7333	0.768	-0.002022
2633	87.7667	0.767	-0.002024
2634	87.8	0.766	-0.002025
2635	87.8333	0.765	-0.002026
2636	87.8667	0.764	-0.002027
2637	87.9	0.763	-0.002029
2638	87.9333	0.762	-0.00203
2639	87.9667	0.761	-0.00203
2640	88	0.76	-0.002031
2641	88.0333	0.759	-0.002032
2642	88.0667	0.758	-0.002034
2643	88.1	0.757	-0.002034
2644	88.1333	0.756	-0.002035
2645	88.1667	0.755	-0.002036
2646	88.2	0.754	-0.002038
2647	88.2333	0.753	-0.002038
2648	88.2667	0.752	-0.00204
2649	88.3	0.751	-0.002042
2650	88.3333	0.75	-0.002042
2651	88.3667	0.749	-0.002042
2652	88.4	0.748	-0.002043
2653	88.4333	0.747	-0.002045
2654	88.4667	0.746	-0.002044
2655	88.5	0.745	-0.002046
2656	88.5333	0.744	-0.002045
2657	88.5667	0.743	-0.002046
2658	88.6	0.742	-0.002047
2659	88.6333	0.741	-0.002049
2660	88.6667	0.74	-0.00205
2661	88.7	0.739	-0.002051
2662	88.7333	0.738	-0.002052
2663	88.7667	0.737	-0.002052
2664	88.8	0.736	-0.002054
2665	88.8333	0.735	-0.002055
2666	88.8667	0.734	-0.002056
2667	88.9	0.733	-0.002056
2668	88.9333	0.732	-0.002057
2669	88.9667	0.731	-0.002058
2670	89	0.73	-0.00206
2671	89.0333	0.729	-0.002061
2672	89.0667	0.728	-0.002061
2673	89.1	0.727	-0.002063
2674	89.1333	0.726	-0.002063
2675	89.1667	0.725	-0.002063
2676	89.2	0.724	-0.002064
2677	89.2333	0.723	-0.002065
2678	89.2667	0.722	-0.002066
2679	89.3	0.721	-0.002068
2680	89.3333	0.72	-0.002068
2681	89.3667	0.719	-0.002069
2682	89.4	0.718	-0.00207
2683	89.4333	0.717	-0.002071
2684	89.4667	0.716	-0.002071
2685	89.5	0.715	-0.002073
2686	89.5333	0.714	-0.002072
2687	89.5667	0.713	-0.002073
2688	89.6	0.712	-0.002074
2689	89.6333	0.711	-0.002075
2690	89.6667	0.71	-0.002077
2691	89.7	0.709	-0.002078
2692	89.7333	0.708	-0.00208
2693	89.7667	0.707	-0.00208
2694	89.8	0.706	-0.002081
2695	89.8333	0.705	-0.002081
2696	89.8667	0.704	-0.002082
2697	89.9	0.703	-0.002084
2698	89.9333	0.702	-0.002084
2699	89.9667	0.701	-0.002085
2700	90	0.7	-0.002085
2701	90.0333	0.699	-0.002086
2702	90.0667	0.698	-0.002086
2703	90.1	0.697	-0.002087
2704	90.1333	0.696	-0.002089
2705	90.1667	0.695	-0.002088
2706	90.2	0.694	-0.002089
2707	90.2333	0.693	-0.00209
2708	90.2667	0.692	-0.002091
2709	90.3	0.691	-0.002092
2710	90.3333	0.69	-0.002093
2711	90.3667	0.689	-0.002094
2712	90.4	0.688	-0.002095
2713	90.4333	0.687	-0.002096
2714	90.4667	0.686	-0.002095
2715	90.5	0.685	-0.002097
2716	90.5333	0.684	-0.002097
2717	90.5667	0.683	-0.002098
2718	90.6	0.682	-0.002098
2719	90.6333	0.681	-0.002099
2720	90.6667	0.68	-0.002101
2721	90.7	0.679	-0.002102
2722	90.7333	0.678	-0.002103
2723	90.7667	0.677	-0.002104
2724	90.8	0.676	-0.002105
2725	90.8333	0.675	-0.002105
2726	90.8667	0.674	-0.002107
2727	90.9	0.673	-0.002107
2728	90.9333	0.672	-0.002107
2729	90.9667	0.671	-0.002109
2730	91	0.67	-0.00211
2731	91.0333	0.669	-0.00211
2732	91.0667	0.668	-0.002111
2733	91.1	0.667	-0.002112
2734	91.1333	0.666	-0.002112
2735	91.1667	0.665	-0.002113
2736	91.2	0.664	-0.002114
2737	91.2333	0.663	-0.002114
2738	91.2667	0.662	-0.002114
2739	91.3	0.661	-0.002115
2740	91.3333	0.66	-0.002115
2741	91.3667	0.659	-0.002116
2742	91.4	0.658	-0.002118
2743	91.4333	0.657	-0.002117
2744	91.4667	0.656	-0.002118
2745	91.5	0.655	-0.002119
2746	91.5333	0.654	-0.00212
2747	91.5667	0.653	-0.00212
2748	91.6	0.652	-0.002121
2749	91.6333	0.651	-0.002122
2750	91.6667	0.65	-0.002123
2751	91.7	0.649	-0.002124
2752	91.7333	0.648	-0.002125
2753	91.7667	0.647	-0.002125
2754	91.8	0.646	-0.002127
2755	91.8333	0.645	-0.002126
2756	91.8667	0.644	-0.002126
2757	91.9	0.643	-0.002127
2758	91.9333	0.642	-0.002128
2759	91.9667	0.641	-0.002128
2760	92	0.64	-0.00213
2761	92.0333	0.639	-0.00213
2762	92.0667	0.638	-0.00213
2763	92.1	0.637	-0.002131
2764	92.1333	0.636	-0.002132
2765	92.1667	0.635	-0.002132
2766	92.2	0.634	-0.002133
2767	92.2333	0.633	-0.002132
2768	92.2667	0.632	-0.002133
2769	92.3	0.631	-0.002134
2770	92.3333	0.63	-0.002134
2771	92.3667	0.629	-0.002135
2772	92.4	0.628	-0.002137
2773	92.4333	0.627	-0.002137
2774	92.4667	0.626	-0.002137
2775	92.5	0.625	-0.002137
2776	92.5333	0.624	-0.002138
2777	92.5667	0.623	-0.002139
2778	92.6	0.622	-0.002139
2779	92.6333	0.621	-0.00214
2780	92.6667	0.62	-0.002141
2781	92.7	0.619	-0.002142
2782	92.7333	0.618	-0.002142
2783	92.7667	0.617	-0.002142
2784	92.8	0.616	-0.002142
2785	92.8333	0.615	-0.002143
2786	92.8667	0.614	-0.002144
2787	92.9	0.613	-0.002145
2788	92.9333	0.612	-0.002145
2789	92.9667	0.611	-0.002146
2790	93	0.61	-0.002146
2791	93.0333	0.609	-0.002146
2792	93.0667	0.608	-0.002147
2793	93.1	0.607	-0.002147
2794	93.1333	0.606	-0.002147
2795	93.1667	0.605	-0.002147
2796	93.2	0.604	-0.002149
2797	93.2333	0.603	-0.002149
2798	93.2667	0.602	-0.002149
2799	93.3	0.601	-0.00215
2800	93.3333	0.6	-0.00215
2801	93.3667	0.599	-0.002151
2802	93.4	0.598	-0.002151
2803	93.4333	0.597	-0.002152
2804	93.4667	0.596	-0.002152
2805	93.5	0.595	-0.002153
2806	93.5333	0.594	-0.002154
2807	93.5667	0.593	-0.002154
2808	93.6	0.592	-0.002155
2809	93.6333	0.591	-0.002155
2810	93.6667	0.59	-0.002155
2811	93.7	0.589	-0.002156
2812	93.7333	0.588	-0.002157
2813	93.7667	0.587	-0.002156
2814	93.8	0.586	-0.002157
2815	93.8333	0.585	-0.002158
2816	93.8667	0.584	-0.002159
2817	93.9	0.583	-0.002159
2818	93.9333	0.582	-0.00216
2819	93.9667	0.581	-0.00216
2820	94	0.58	-0.00216
2821	94.0333	0.579	-0.00216
2822	94.0667	0.578	-0.002161
2823	94.1	0.577	-0.00216
2824	94.1333	0.576	-0.002161
2825	94.1667	0.575	-0.002162
2826	94.2	0.574	-0.002163
2827	94.2333	0.573	-0.002163
2828	94.2667	0.572	-0.002163
2829	94.3	0.571	-0.002164
2830	94.3333	0.57	-0.002164
2831	94.3667	0.569	-0.002165
2832	94.4	0.568	-0.002165
2833	94.4333	0.567	-0.002165
2834	94.4667	0.566	-0.002165
2835	94.5	0.565	-0.002166
2836	94.5333	0.564	-0.002167
2837	94.5667	0.563	-0.002167
2838	94.6	0.562	-0.002168
2839	94.6333	0.561	-0.002167
2840	94.6667	0.56	-0.002168
2841	94.7	0.559	-0.002169
2842	94.7333	0.558	-0.002167
2843	94.7667	0.557	-0.002169
2844	94.8	0.556	-0.002169
2845	94.8333	0.555	-0.002169
2846	94.8667	0.554	-0.00217
2847	94.9	0.553	-0.00217
2848	94.9333	0.552	-0.00217
2849	94.9667	0.551	-0.002171
2850	95	0.55	-0.002172
2851	95.0333	0.549	-0.002173
2852	95.0667	0.548	-0.002173
2853	95.1	0.547	-0.002174
2854	95.1333	0.546	-0.002173
2855	95.1667	0.545	-0.002173
2856	95.2	0.544	-0.002175
2857	95.2333	0.543	-0.002175
2858	95.2667	0.542	-0.002175
2859	95.3	0.541	-0.002176
2860	95.3333	0.54	-0.002176
2861	95.3667	0.539	-0.002177
2862	95.4	0.538	-0.002178
2863	95.4333	0.537	-0.002178
2864	95.4667	0.536	-0.002179
2865	95.5	0.535	-0.00218
2866	95.5333	0.534	-0.00218
2867	95.5667	0.533	-0.00218
2868	95.6	0.532	-0.00218
2869	95.6333	0.531	-0.002181
2870	95.6667	0.53	-0.002181
2871	95.7	0.529	-0.002181
2872	95.7333	0.528	-0.002183
2873	95.7667	0.527	-0.002183
2874	95.8	0.526	-0.002183
2875	95.8333	0.525	-0.002183
2876	95.8667	0.524	-0.002183
2877	95.9	0.523	-0.002184
2878	95.9333	0.522	-0.002185
2879	95.9667	0.521	-0.002185
2880	96	0.52	-0.002186
2881	96.0333	0.519	-0.002187
2882	96.0667	0.518	-0.002187
2883	96.1	0.517	-0.002188
2884	96.1333	0.516	-0.002188
2885	96.1667	0.515	-0.002188
2886	96.2	0.514	-0.002189
2887	96.2333	0.513	-0.002189
2888	96.2667	0.512	-0.00219
2889	96.3	0.511	-0.002191
2890	96.3333	0.51	-0.002191
2891	96.3667	0.509	-0.002191
2892	96.4	0.508	-0.002192
2893	96.4333	0.507	-0.002193
2894	96.4667	0.506	-0.002193
2895	96.5	0.505	-0.002195
2896	96.5333	0.504	-0.002195
2897	96.5667	0.503	-0.002196
2898	96.6	0.502	-0.002196
2899	96.6333	0.501	-0.002197
2900	96.6667	0.5	-0.002197
2901	96.7	0.499	-0.002197
2902	96.7333	0.498	-0.002198
2903	96.7667	0.497	-0.002198
2904	96.8	0.496	-0.002199
2905	96.8333	0.495	-0.002199
2906	96.8667	0.494	-0.002199
2907	96.9	0.493	-0.002199
2908	96.9333	0.492	-0.0022
2909	96.9667	0.491	-0.0022
2910	97	0.49	-0.0022
2911	97.0333	0.489	-0.002201
2912	97.0667	0.488	-0.002201
2913	97.1	0.487	-0.0022
2914	97.1333	0.486	-0.0022
2915	97.1667	0.485	-0.002202
2916	97.2	0.484	-0.002202
2917	97.2333	0.483	-0.002203
2918	97.2667	0.482	-0.002203
2919	97.3	0.481	-0.002204
2920	97.3333	0.48	-0.002205
2921	97.3667	0.479	-0.002205
2922	97.4	0.478	-0.002207
2923	97.4333	0.477	-0.002207
2924	97.4667	0.476	-0.002207
2925	97.5	0.475	-0.002207
2926	97.5333	0.474	-0.002208
2927	97.5667	0.473	-0.002209
2928	97.6	0.472	-0.00221
2929	97.6333	0.471	-0.00221
2930	97.6667	0.47	-0.00221
2931	97.7	0.469	-0.002212
2932	97.7333	0.468	-0.002213
2933	97.7667	0.467	-0.002213
2934	97.8	0.466	-0.002213
2935	97.8333	0.465	-0.002214
2936	97.8667	0.464	-0.002214
2937	97.9	0.463	-0.002215
2938	97.9333	0.462	-0.002216
2939	97.9667	0.461	-0.002216
2940	98	0.46	-0.002217
2941	98.0333	0.459	-0.002218
2942	98.0667	0.458	-0.002218
2943	98.1	0.457	-0.002217
2944	98.1333	0.456	-0.002218
2945	98.1667	0.455	-0.002218
2946	98.2	0.454	-0.00222
2947	98.2333	0.453	-0.002221
2948	98.2667	0.452	-0.002221
2949	98.3	0.451	-0.002222
2950	98.3333	0.45	-0.002223
2951	98.3667	0.449	-0.002224
2952	98.4	0.448	-0.002225
2953	98.4333	0.447	-0.002226
2954	98.4667	0.446	-0.002226
2955	98.5	0.445	-0.002228
2956	98.5333	0.444	-0.002229
2957	98.5667	0.443	-0.002228
2958	98.6	0.442	-0.002229
2959	98.6333	0.441	-0.002229
2960	98.6667	0.44	-0.00223
2961	98.7	0.439	-0.002231
2962	98.7333	0.438	-0.002232
2963	98.7667	0.437	-0.002232
2964	98.8	0.436	-0.002232
2965	98.8333	0.435	-0.002233
2966	98.8667	0.434	-0.002234
2967	98.9	0.433	-0.002235
2968	98.9333	0.432	-0.002236
2969	98.9667	0.431	-0.002236
2970	99	0.43	-0.002236
2971	99.0333	0.429	-0.002238
2972	99.0667	0.428	-0.002238
2973	99.1	0.427	-0.002239
2974	99.1333	0.426	-0.00224
2975	99.1667	0.425	-0.00224
2976	99.2	0.424	-0.002241
2977	99.2333	0.423	-0.002241
2978	99.2667	0.422	-0.002242
2979	99.3	0.421	-0.002244
2980	99.3333	0.42	-0.002244
2981	99.3667	0.419	-0.002244
2982	99.4	0.418	-0.002245
2983	99.4333	0.417	-0.002246
2984	99.4667	0.416	-0.002246
2985	99.5	0.415	-0.002248
2986	99.5333	0.414	-0.002248
2987	99.5667	0.413	-0.002248
2988	99.6	0.412	-0.002249
2989	99.6333	0.411	-0.00225
2990	99.6667	0.41	-0.002252
2991	99.7	0.409	-0.002254
2992	99.7333	0.408	-0.002255
2993	99.7667	0.407	-0.002255
2994	99.8	0.406	-0.002256
2995	99.8333	0.405	-0.002257
2996	99.8667	0.404	-0.002258
2997	99.9	0.403	-0.002259
2998	99.9333	0.402	-0.002261
2999	99.9667	0.401	-0.002261
3000	100	0.4	-0.002262
3001	100.033	0.399	-0.002263
3002	100.067	0.398	-0.002263
3003	100.1	0.397	-0.002265
3004	100.133	0.396	-0.002267
3005	100.167	0.395	-0.002266
3006	100.2	0.394	-0.002267
3007	100.233	0.393	-0.002267
3008	100.267	0.392	-0.002269
3009	100.3	0.391	-0.002269
3010	100.333	0.39	-0.002271
3011	100.367	0.389	-0.002271
3012	100.4	0.388	-0.002272
3013	100.433	0.387	-0.002274
3014	100.467	0.386	-0.002274
3015	100.5	0.385	-0.002274
3016	100.533	0.384	-0.002277
3017	100.567	0.383	-0.002278
3018	100.6	0.382	-0.002279
3019	100.633	0.381	-0.002281
3020	100.667	0.38	-0.002282
3021	100.7	0.379	-0.002282
3022	100.733	0.378	-0.002284
3023	100.767	0.377	-0.002285
3024	100.8	0.376	-0.002285
3025	100.833	0.375	-0.002286
3026	100.867	0.374	-0.002287
3027	100.9	0.373	-0.002289
3028	100.933	0.372	-0.002289
3029	100.967	0.371	-0.002291
3030	101	0.37	-0.002292
3031	101.033	0.369	-0.002294
3032	101.067	0.368	-0.002295
3033	101.1	0.367	-0.002295
3034	101.133	0.366	-0.002296
3035	101.167	0.365	-0.002298
3036	101.2	0.364	-0.002299
3037	101.233	0.363	-0.0023
3038	101.267	0.362	-0.002301
3039	101.3	0.361	-0.002301
3040	101.333	0.36	-0.002304
3041	101.367	0.359	-0.002304
3042	101.4	0.358	-0.002306
3043	101.433	0.357	-0.002308
3044	101.467	0.356	-0.002308
3045	101.5	0.355	-0.00231
3046	101.533	0.354	-0.002311
3047	101.567	0.353	-0.002312
3048	101.6	0.352	-0.002313
3049	101.633	0.351	-0.002315
3050	101.667	0.35	-0.002315
3051	101.7	0.349	-0.002317
3052	101.733	0.348	-0.00232
3053	101.767	0.347	-0.002321
3054	101.8	0.346	-0.002322
3055	101.833	0.345	-0.002325
3056	101.867	0.344	-0.002326
3057	101.9	0.343	-0.002327
3058	101.933	0.342	-0.002328
3059	101.967	0.341	-0.00233
3060	102	0.34	-0.002331
3061	102.033	0.339	-0.002333
3062	102.067	0.338	-0.002334
3063	102.1	0.337	-0.002335
3064	102.133	0.336	-0.002336
3065	102.167	0.335	-0.002338
3066	102.2	0.334	-0.00234
3067	102.233	0.333	-0.002341
3068	102.267	0.332	-0.002342
3069	102.3	0.331	-0.002344
3070	102.333	0.33	-0.002347
3071	102.367	0.329	-0.002347
3072	102.4	0.328	-0.002349
3073	102.433	0.327	-0.00235
3074	102.467	0.326	-0.002351
3075	102.5	0.325	-0.002353
3076	102.533	0.324	-0.002355
3077	102.567	0.323	-0.002357
3078	102.6	0.322	-0.002358
3079	102.633	0.321	-0.00236
3080	102.667	0.32	-0.002362
3081	102.7	0.319	-0.002364
3082	102.733	0.318	-0.002365
3083	102.767	0.317	-0.002366
3084	102.8	0.316	-0.002368
3085	102.833	0.315	-0.002369
3086	102.867	0.314	-0.002371
3087	102.9	0.313	-0.002373
3088	102.933	0.312	-0.002376
3089	102.967	0.311	-0.002377
3090	103	0.31	-0.002379
3091	103.033	0.309	-0.002381
3092	103.067	0.308	-0.002383
3093	103.1	0.307	-0.002385
3094	103.133	0.306	-0.002387
3095	103.167	0.305	-0.002389
3096	103.2	0.304	-0.002391
3097	103.233	0.303	-0.002393
3098	103.267	0.302	-0.002395
3099	103.3	0.301	-0.002397
3100	103.333	0.3	-0.002399
3101	103.367	0.299	-0.002401
3102	103.4	0.298	-0.002403
3103	103.433	0.297	-0.002405
3104	103.467	0.296	-0.002407
3105	103.5	0.295	-0.002408
3106	103.533	0.294	-0.002412
3107	103.567	0.293	-0.002414
3108	103.6	0.292	-0.002415
3109	103.633	0.291	-0.002418
3110	103.667	0.29	-0.00242
3111	103.7	0.289	-0.002421
3112	103.733	0.288	-0.002424
3113	103.767	0.287	-0.002427
3114	103.8	0.286	-0.002428
3115	103.833	0.285	-0.00243
3116	103.867	0.284	-0.002433
3117	103.9	0.283	-0.002435
3118	103.933	0.282	-0.002439
3119	103.967	0.281	-0.002441
3120	104	0.28	-0.002442
3121	104.033	0.279	-0.002445
3122	104.067	0.278	-0.002447
3123	104.1	0.277	-0.002449
3124	104.133	0.276	-0.002451
3125	104.167	0.275	-0.002453
3126	104.2	0.274	-0.002455
3127	104.233	0.273	-0.002458
3128	104.267	0.272	-0.002461
3129	104.3	0.271	-0.002463
3130	104.333	0.27	-0.002465
3131	104.367	0.269	-0.002468
3132	104.4	0.268	-0.002472
3133	104.433	0.267	-0.002475
3134	104.467	0.266	-0.002477
3135	104.5	0.265	-0.002479
3136	104.533	0.264	-0.002483
3137	104.567	0.263	-0.002486
3138	104.6	0.262	-0.002488
3139	104.633	0.261	-0.002491
3140	104.667	0.26	-0.002495
3141	104.7	0.259	-0.002496
3142	104.733	0.258	-0.002499
3143	104.767	0.257	-0.002502
3144	104.8	0.256	-0.002505
3145	104.833	0.255	-0.002509
3146	104.867	0.254	-0.002513
3147	104.9	0.253	-0.002516
3148	104.933	0.252	-0.002519
3149	104.967	0.251	-0.002522
3150	105	0.25	-0.002525
3151	105.033	0.249	-0.002528
3152	105.067	0.248	-0.002531
3153	105.1	0.247	-0.002533
3154	105.133	0.246	-0.002537
3155	105.167	0.245	-0.00254
3156	105.2	0.244	-0.002543
3157	105.233	0.243	-0.002547
3158	105.267	0.242	-0.002551
3159	105.3	0.241	-0.002554
3160	105.333	0.24	-0.002558
3161	105.367	0.239	-0.002561
3162	105.4	0.238	-0.002563
3163	105.433	0.237	-0.002568
3164	105.467	0.236	-0.002572
3165	105.5	0.235	-0.002575
3166	105.533	0.234	-0.002579
3167	105.567	0.233	-0.002582
3168	105.6	0.232	-0.002586
3169	105.633	0.231	-0.00259
3170	105.667	0.23	-0.002594
3171	105.7	0.229	-0.002597
3172	105.733	0.228	-0.002601
3173	105.767	0.227	-0.002605
3174	105.8	0.226	-0.002609
3175	105.833	0.225	-0.002613
3176	105.867	0.224	-0.002618
3177	105.9	0.223	-0.002622
3178	105.933	0.222	-0.002625
3179	105.967	0.221	-0.00263
3180	106	0.22	-0.002635
3181	106.033	0.219	-0.00264
3182	106.067	0.218	-0.002644
3183	106.1	0.217	-0.002648
3184	106.133	0.216	-0.002652
3185	106.167	0.215	-0.002658
3186	106.2	0.214	-0.002662
3187	106.233	0.213	-0.002666
3188	106.267	0.212	-0.002672
3189	106.3	0.211	-0.002676
3190	106.333	0.21	-0.002681
3191	106.367	0.209	-0.002685
3192	106.4	0.208	-0.00269
3193	106.433	0.207	-0.002696
3194	106.467	0.206	-0.002702
3195	106.5	0.205	-0.002707
3196	106.533	0.204	-0.002714
3197	106.567	0.203	-0.002719
3198	106.6	0.202	-0.002725
3199	106.633	0.201	-0.00273
CURVE	TABLE	3200
Pt	T	Vf	Im
#	s	V vs. Ref.	A
0	0	0.2	-0.003982
1	0.02	0.201	-0.003867
2	0.04	0.202	-0.003704
3	0.06	0.203	-0.00355
4	0.08	0.204	-0.00341
5	0.1	0.205	-0.003283
6	0.12	0.206	-0.003167
7	0.14	0.207	-0.003058
8	0.16	0.208	-0.002957
9	0.18	0.209	-0.002862
10	0.2	0.21	-0.002775
11	0.22	0.211	-0.002692
12	0.24	0.212	-0.002613
13	0.26	0.213	-0.002538
14	0.28	0.214	-0.002466
15	0.3	0.215	-0.002396
16	0.32	0.216	-0.002331
17	0.34	0.217	-0.002269
18	0.36	0.218	-0.002208
19	0.38	0.219	-0.002149
20	0.4	0.22	-0.002092
21	0.42	0.221	-0.002037
22	0.44	0.222	-0.001984
23	0.46	0.223	-0.001932
24	0.48	0.224	-0.001882
25	0.5	0.225	-0.001834
26	0.52	0.226	-0.001787
27	0.54	0.227	-0.001742
28	0.56	0.228	-0.001697
29	0.58	0.229	-0.001654
30	0.6	0.23	-0.001612
31	0.62	0.231	-0.001571
32	0.64	0.232	-0.001531
33	0.66	0.233	-0.001492
34	0.68	0.234	-0.001454
35	0.7	0.235	-0.001417
36	0.72	0.236	-0.001381
37	0.74	0.237	-0.001345
38	0.76	0.238	-0.001311
39	0.78	0.239	-0.001278
40	0.8	0.24	-0.001245
41	0.82	0.241	-0.001212
42	0.84	0.242	-0.00118
43	0.86	0.243	-0.00115
44	0.88	0.244	-0.001119
45	0.9	0.245	-0.00109
46	0.92	0.246	-0.001061
47	0.94	0.247	-0.001033
48	0.96	0.248	-0.001005
49	0.98	0.249	-0.000978
50	1	0.25	-0.000952
51	1.02	0.251	-0.000926
52	1.04	0.252	-0.0009
53	1.06	0.253	-0.000875
54	1.08	0.254	-0.00085
55	1.1	0.255	-0.000826
56	1.12	0.256	-0.000803
57	1.14	0.257	-0.000779
58	1.16	0.258	-0.000757
59	1.18	0.259	-0.000734
60	1.2	0.26	-0.000713
61	1.22	0.261	-0.000693
62	1.24	0.262	-0.000671
63	1.26	0.263	-0.00065
64	1.28	0.264	-0.000629
65	1.3	0.265	-0.000609
66	1.32	0.266	-0.00059
67	1.34	0.267	-0.000571
68	1.36	0.268	-0.000553
69	1.38	0.269	-0.000535
70	1.4	0.27	-0.000517
71	1.42	0.271	-0.0005
72	1.44	0.272	-0.000484
73	1.46	0.273	-0.000467
74	1.48	0.274	-0.00045
75	1.5	0.275	-0.000435
76	1.52	0.276	-0.00042
77	1.54	0.277	-0.000404
78	1.56	0.278	-0.00039
79	1.58	0.279	-0.000374
80	1.6	0.28	-0.00036
81	1.62	0.281	-0.000347
82	1.64	0.282	-0.000334
83	1.66	0.283	-0.00032
84	1.68	0.284	-0.000307
85	1.7	0.285	-0.000294
86	1.72	0.286	-0.000282
87	1.74	0.287	-0.000271
88	1.76	0.288	-0.000259
89	1.78	0.289	-0.000247
90	1.8	0.29	-0.000236
91	1.82	0.291	-0.000226
92	1.84	0.292	-0.000216
93	1.86	0.293	-0.000207
94	1.88	0.294	-0.000197
95	1.9	0.295	-0.000189
96	1.92	0.296	-0.000179
97	1.94	0.297	-0.000171
98	1.96	0.298	-0.000162
99	1.98	0.299	-0.000154
100	2	0.3	-0.000145
101	2.02	0.301	-0.000138
102	2.04	0.302	-0.00013
103	2.06	0.303	-0.000122
104	2.08	0.304	-0.000116
105	2.1	0.305	-0.000108
106	2.12	0.306	-0.000102
107	2.14	0.307	-9.55e-05
108	2.16	0.308	-8.94e-05
109	2.18	0.309	-8.44e-05
110	2.2	0.31	-7.84e-05
111	2.22	0.311	-7.4e-05
112	2.24	0.312	-6.88e-05
113	2.26	0.313	-6.47e-05
114	2.28	0.314	-5.93e-05
115	2.3	0.315	-5.52e-05
116	2.32	0.316	-5.01e-05
117	2.34	0.317	-4.5e-05
118	2.36	0.318	-4.13e-05
119	2.38	0.319	-3.74e-05
120	2.4	0.32	-3.34e-05
121	2.42	0.321	-3.02e-05
122	2.44	0.322	-2.68e-05
123	2.46	0.323	-2.37e-05
124	2.48	0.324	-1.91e-05
125	2.5	0.325	-1.68e-05
126	2.52	0.326	-1.43e-05
127	2.54	0.327	-1.18e-05
128	2.56	0.328	-9.38e-06
129	2.58	0.329	-6.67e-06
130	2.6	0.33	-4.67e-06
131	2.62	0.331	-2.66e-06
132	2.64	0.332	-4.52e-07
133	2.66	0.333	1.96e-06
134	2.68	0.334	4.06e-06
135	2.7	0.335	5.57e-06
136	2.72	0.336	7.98e-06
137	2.74	0.337	8.68e-06
138	2.76	0.338	1.14e-05
139	2.78	0.339	1.29e-05
140	2.8	0.34	1.48e-05
141	2.82	0.341	1.57e-05
142	2.84	0.342	1.83e-05
143	2.86	0.343	1.99e-05
144	2.88	0.344	2.22e-05
145	2.9	0.345	2.35e-05
146	2.92	0.346	2.45e-05
147	2.94	0.347	2.5e-05
148	2.96	0.348	2.68e-05
149	2.98	0.349	2.8e-05
150	3	0.35	3.02e-05
151	3.02	0.351	3.13e-05
152	3.04	0.352	3.37e-05
153	3.06	0.353	3.49e-05
154	3.08	0.354	3.72e-05
155	3.1	0.355	3.82e-05
156	3.12	0.356	4.05e-05
157	3.14	0.357	4.25e-05
158	3.16	0.358	4.35e-05
159	3.18	0.359	4.48e-05
160	3.2	0.36	4.64e-05
161	3.22	0.361	4.91e-05
162	3.24	0.362	5.13e-05
163	3.26	0.363	5.42e-05
164	3.28	0.364	5.54e-05
165	3.3	0.365	5.93e-05
166	3.32	0.366	6.26e-05
167	3.34	0.367	6.66e-05
168	3.36	0.368	6.96e-05
169	3.38	0.369	7.29e-05
170	3.4	0.37	7.59e-05
171	3.42	0.371	8.09e-05
172	3.44	0.372	8.5e-05
173	3.46	0.373	8.93e-05
174	3.48	0.374	9.48e-05
175	3.5	0.375	0.0001
176	3.52	0.376	0.000106
177	3.54	0.377	0.000111
178	3.56	0.378	0.000118
179	3.58	0.379	0.000125
180	3.6	0.38	0.000131
181	3.62	0.381	0.000138
182	3.64	0.382	0.000146
183	3.66	0.383	0.000155
184	3.68	0.384	0.000164
185	3.7	0.385	0.000172
186	3.72	0.386	0.00018
187	3.74	0.387	0.000189
188	3.76	0.388	0.000199
189	3.78	0.389	0.000208
190	3.8	0.39	0.000217
191	3.82	0.391	0.000228
192	3.84	0.392	0.000237
193	3.86	0.393	0.000247
194	3.88	0.394	0.000257
195	3.9	0.395	0.000269
196	3.92	0.396	0.000279
197	3.94	0.397	0.00029
198	3.96	0.398	0.000301
199	3.98	0.399	0.000312
200	4	0.4	0.000323
201	4.02	0.401	0.000334
202	4.04	0.402	0.000345
203	4.06	0.403	0.000356
204	4.08	0.404	0.000366
205	4.1	0.405	0.000377
206	4.12	0.406	0.000387
207	4.14	0.407	0.000399
208	4.16	0.408	0.00041
209	4.18	0.409	0.00042
210	4.2	0.41	0.000433
211	4.22	0.411	0.000444
212	4.24	0.412	0.000457
213	4.26	0.413	0.000468
214	4.28	0.414	0.00048
215	4.3	0.415	0.000491
216	4.32	0.416	0.000504
217	4.34	0.417	0.000515
218	4.36	0.418	0.000528
219	4.38	0.419	0.00054
220	4.4	0.42	0.000552
221	4.42	0.421	0.000564
222	4.44	0.422	0.000576
223	4.46	0.423	0.000589
224	4.48	0.424	0.000601
225	4.5	0.425	0.000613
226	4.52	0.426	0.000626
227	4.54	0.427	0.000639
228	4.56	0.428	0.000653
229	4.58	0.429	0.000666
230	4.6	0.43	0.000679
231	4.62	0.431	0.000693
232	4.64	0.432	0.000706
233	4.66	0.433	0.000719
234	4.68	0.434	0.000733
235	4.7	0.435	0.000746
236	4.72	0.436	0.000761
237	4.74	0.437	0.000774
238	4.76	0.438	0.000789
239	4.78	0.439	0.000803
240	4.8	0.44	0.000817
241	4.82	0.441	0.00083
242	4.84	0.442	0.000844
243	4.86	0.443	0.000859
244	4.88	0.444	0.000873
245	4.9	0.445	0.000887
246	4.92	0.446	0.000902
247	4.94	0.447	0.000916
248	4.96	0.448	0.000929
249	4.98	0.449	0.000943
250	5	0.45	0.000957
251	5.02	0.451	0.000971
252	5.04	0.452	0.000985
253	5.06	0.453	0.000999
254	5.08	0.454	0.001012
255	5.1	0.455	0.001026
256	5.12	0.456	0.00104
257	5.14	0.457	0.001053
258	5.16	0.458	0.001066
259	5.18	0.459	0.001078
260	5.2	0.46	0.001091
261	5.22	0.461	0.001104
262	5.24	0.462	0.001118
263	5.26	0.463	0.001131
264	5.28	0.464	0.001143
265	5.3	0.465	0.001156
266	5.32	0.466	0.001167
267	5.34	0.467	0.001179
268	5.36	0.468	0.00119
269	5.38	0.469	0.001202
270	5.4	0.47	0.001213
271	5.42	0.471	0.001225
272	5.44	0.472	0.001236
273	5.46	0.473	0.001248
274	5.48	0.474	0.001259
275	5.5	0.475	0.00127
276	5.52	0.476	0.001279
277	5.54	0.477	0.00129
278	5.56	0.478	0.0013
279	5.58	0.479	0.00131
280	5.6	0.48	0.00132
281	5.62	0.481	0.001329
282	5.64	0.482	0.001338
283	5.66	0.483	0.001347
284	5.68	0.484	0.001357
285	5.7	0.485	0.001366
286	5.72	0.486	0.001374
287	5.74	0.487	0.001384
288	5.76	0.488	0.001392
289	5.78	0.489	0.0014
290	5.8	0.49	0.001408
291	5.82	0.491	0.001416
292	5.84	0.492	0.001425
293	5.86	0.493	0.001433
294	5.88	0.494	0.001441
295	5.9	0.495	0.001448
296	5.92	0.496	0.001455
297	5.94	0.497	0.001463
298	5.96	0.498	0.001471
299	5.98	0.499	0.001478
300	6	0.5	0.001484
301	6.02	0.501	0.001491
302	6.04	0.502	0.0015
303	6.06	0.503	0.001505
304	6.08	0.504	0.001513
305	6.1	0.505	0.001519
306	6.12	0.506	0.001525
307	6.14	0.507	0.001532
308	6.16	0.508	0.001539
309	6.18	0.509	0.001545
310	6.2	0.51	0.001551
311	6.22	0.511	0.001557
312	6.24	0.512	0.001563
313	6.26	0.513	0.001569
314	6.28	0.514	0.001575
315	6.3	0.515	0.001581
316	6.32	0.516	0.001586
317	6.34	0.517	0.001591
318	6.36	0.518	0.001597
319	6.38	0.519	0.001603
320	6.4	0.52	0.001608
321	6.42	0.521	0.001613
322	6.44	0.522	0.001618
323	6.46	0.523	0.001623
324	6.48	0.524	0.001628
325	6.5	0.525	0.001633
326	6.52	0.526	0.001638
327	6.54	0.527	0.001643
328	6.56	0.528	0.001648
329	6.58	0.529	0.001654
330	6.6	0.53	0.001658
331	6.62	0.531	0.001663
332	6.64	0.532	0.001668
333	6.66	0.533	0.001672
334	6.68	0.534	0.001677
335	6.7	0.535	0.001682
336	6.72	0.536	0.001686
337	6.74	0.537	0.001691
338	6.76	0.538	0.001695
339	6.78	0.539	0.001699
340	6.8	0.54	0.001704
341	6.82	0.541	0.001708
342	6.84	0.542	0.001713
343	6.86	0.543	0.001716
344	6.88	0.544	0.001721
345	6.9	0.545	0.001725
346	6.92	0.546	0.001729
347	6.94	0.547	0.001734
348	6.96	0.548	0.001738
349	6.98	0.549	0.001742
350	7	0.55	0.001746
351	7.02	0.551	0.001751
352	7.04	0.552	0.001755
353	7.06	0.553	0.001759
354	7.08	0.554	0.001763
355	7.1	0.555	0.001768
356	7.12	0.556	0.001772
357	7.14	0.557	0.001776
358	7.16	0.558	0.00178
359	7.18	0.559	0.001784
360	7.2	0.56	0.001787
361	7.22	0.561	0.001791
362	7.24	0.562	0.001794
363	7.26	0.563	0.001799
364	7.28	0.564	0.001803
365	7.3	0.565	0.001807
366	7.32	0.566	0.001811
367	7.34	0.567	0.001816
368	7.36	0.568	0.00182
369	7.38	0.569	0.001823
370	7.4	0.57	0.001827
371	7.42	0.571	0.00183
372	7.44	0.572	0.001834
373	7.46	0.573	0.001838
374	7.48	0.574	0.001842
375	7.5	0.575	0.001846
376	7.52	0.576	0.001849
377	7.54	0.577	0.001853
378	7.56	0.578	0.001857
379	7.58	0.579	0.001861
380	7.6	0.58	0.001864
381	7.62	0.581	0.001868
382	7.64	0.582	0.001872
383	7.66	0.583	0.001876
384	7.68	0.584	0.001879
385	7.7	0.585	0.001884
386	7.72	0.586	0.001888
387	7.74	0.587	0.001892
388	7.76	0.588	0.001896
389	7.78	0.589	0.001899
390	7.8	0.59	0.001903
391	7.82	0.591	0.001906
392	7.84	0.592	0.00191
393	7.86	0.593	0.001915
394	7.88	0.594	0.001918
395	7.9	0.595	0.001922
396	7.92	0.596	0.001925
397	7.94	0.597	0.001928
398	7.96	0.598	0.001933
399	7.98	0.599	0.001937
400	8	0.6	0.001941
401	8.02	0.601	0.001945
402	8.04	0.602	0.001949
403	8.06	0.603	0.001953
404	8.08	0.604	0.001956
405	8.1	0.605	0.00196
406	8.12	0.606	0.001964
407	8.14	0.607	0.001967
408	8.16	0.608	0.001972
409	8.18	0.609	0.001976
410	8.2	0.61	0.001979
411	8.22	0.611	0.001982
412	8.24	0.612	0.001986
413	8.26	0.613	0.00199
414	8.28	0.614	0.001995
415	8.3	0.615	0.001999
416	8.32	0.616	0.002003
417	8.34	0.617	0.002007
418	8.36	0.618	0.00201
419	8.38	0.619	0.002014
420	8.4	0.62	0.002017
421	8.42	0.621	0.002021
422	8.44	0.622	0.002024
423	8.46	0.623	0.002029
424	8.48	0.624	0.002033
425	8.5	0.625	0.002036
426	8.52	0.626	0.00204
427	8.54	0.627	0.002045
428	8.56	0.628	0.002049
429	8.58	0.629	0.002052
430	8.6	0.63	0.002056
431	8.62	0.631	0.002059
432	8.64	0.632	0.002063
433	8.66	0.633	0.002066
434	8.68	0.634	0.00207
435	8.7	0.635	0.002074
436	8.72	0.636	0.002079
437	8.74	0.637	0.002082
438	8.76	0.638	0.002085
439	8.78	0.639	0.002089
440	8.8	0.64	0.002094
441	8.82	0.641	0.002098
442	8.84	0.642	0.002101
443	8.86	0.643	0.002105
444	8.88	0.644	0.002108
445	8.9	0.645	0.002112
446	8.92	0.646	0.002117
447	8.94	0.647	0.00212
448	8.96	0.648	0.002124
449	8.98	0.649	0.002127
450	9	0.65	0.002131
451	9.02	0.651	0.002136
452	9.04	0.652	0.00214
453	9.06	0.653	0.002144
454	9.08	0.654	0.002148
455	9.1	0.655	0.002151
456	9.12	0.656	0.002155
457	9.14	0.657	0.002158
458	9.16	0.658	0.002162
459	9.18	0.659	0.002166
460	9.2	0.66	0.00217
461	9.22	0.661	0.002173
462	9.24	0.662	0.002177
463	9.26	0.663	0.00218
464	9.28	0.664	0.002184
465	9.3	0.665	0.002188
466	9.32	0.666	0.002191
467	9.34	0.667	0.002195
468	9.36	0.668	0.002199
469	9.38	0.669	0.002202
470	9.4	0.67	0.002206
471	9.42	0.671	0.00221
472	9.44	0.672	0.002214
473	9.46	0.673	0.002218
474	9.48	0.674	0.002221
475	9.5	0.675	0.002225
476	9.52	0.676	0.002229
477	9.54	0.677	0.002232
478	9.56	0.678	0.002235
479	9.58	0.679	0.00224
480	9.6	0.68	0.002243
481	9.62	0.681	0.002247
482	9.64	0.682	0.002251
483	9.66	0.683	0.002254
484	9.68	0.684	0.002258
485	9.7	0.685	0.002261
486	9.72	0.686	0.002265
487	9.74	0.687	0.002269
488	9.76	0.688	0.002272
489	9.78	0.689	0.002277
490	9.8	0.69	0.00228
491	9.82	0.691	0.002284
492	9.84	0.692	0.002288
493	9.86	0.693	0.002291
494	9.88	0.694	0.002294
495	9.9	0.695	0.002298
496	9.92	0.696	0.002301
497	9.94	0.697	0.002305
498	9.96	0.698	0.002309
499	9.98	0.699	0.002312
500	10	0.7	0.002316
501	10.02	0.701	0.00232
502	10.04	0.702	0.002324
503	10.06	0.703	0.002326
504	10.08	0.704	0.00233
505	10.1	0.705	0.002334
506	10.12	0.706	0.002338
507	10.14	0.707	0.002341
508	10.16	0.708	0.002345
509	10.18	0.709	0.002348
510	10.2	0.71	0.002351
511	10.22	0.711	0.002355
512	10.24	0.712	0.002358
513	10.26	0.713	0.002361
514	10.28	0.714	0.002364
515	10.3	0.715	0.002367
516	10.32	0.716	0.002371
517	10.34	0.717	0.002375
518	10.36	0.718	0.002378
519	10.38	0.719	0.002382
520	10.4	0.72	0.002386
521	10.42	0.721	0.002388
522	10.44	0.722	0.002391
523	10.46	0.723	0.002395
524	10.48	0.724	0.002398
525	10.5	0.725	0.002402
526	10.52	0.726	0.002404
527	10.54	0.727	0.002407
528	10.56	0.728	0.00241
529	10.58	0.729	0.002413
530	10.6	0.73	0.002417
531	10.62	0.731	0.002421
532	10.64	0.732	0.002423
533	10.66	0.733	0.002427
534	10.68	0.734	0.00243
535	10.7	0.735	0.002433
536	10.72	0.736	0.002436
537	10.74	0.737	0.00244
538	10.76	0.738	0.002443
539	10.78	0.739	0.002446
540	10.8	0.74	0.002449
541	10.82	0.741	0.002452
542	10.84	0.742	0.002455
543	10.86	0.743	0.002459
544	10.88	0.744	0.002461
545	10.9	0.745	0.002464
546	10.92	0.746	0.002467
547	10.94	0.747	0.002471
548	10.96	0.748	0.002474
549	10.98	0.749	0.002476
550	11	0.75	0.002481
551	11.02	0.751	0.002483
552	11.04	0.752	0.002486
553	11.06	0.753	0.00249
554	11.08	0.754	0.002492
555	11.1	0.755	0.002495
556	11.12	0.756	0.002499
557	11.14	0.757	0.002502
558	11.16	0.758	0.002505
559	11.18	0.759	0.002508
560	11.2	0.76	0.00251
561	11.22	0.761	0.002514
562	11.24	0.762	0.002516
563	11.26	0.763	0.00252
564	11.28	0.764	0.002522
565	11.3	0.765	0.002524
566	11.32	0.766	0.002527
567	11.34	0.767	0.00253
568	11.36	0.768	0.002533
569	11.38	0.769	0.002536
570	11.4	0.77	0.00254
571	11.42	0.771	0.002543
572	11.44	0.772	0.002545
573	11.46	0.773	0.002547
574	11.48	0.774	0.002551
575	11.5	0.775	0.002554
576	11.52	0.776	0.002557
577	11.54	0.777	0.002559
578	11.56	0.778	0.002562
579	11.58	0.779	0.002565
580	11.6	0.78	0.002567
581	11.62	0.781	0.00257
582	11.64	0.782	0.002572
583	11.66	0.783	0.002576
584	11.68	0.784	0.002579
585	11.7	0.785	0.002581
586	11.72	0.786	0.002584
587	11.74	0.787	0.002586
588	11.76	0.788	0.002589
589	11.78	0.789	0.00259
590	11.8	0.79	0.002593
591	11.82	0.791	0.002595
592	11.84	0.792	0.002598
593	11.86	0.793	0.002601
594	11.88	0.794	0.002602
595	11.9	0.795	0.002606
596	11.92	0.796	0.002609
597	11.94	0.797	0.002611
598	11.96	0.798	0.002614
599	11.98	0.799	0.002617
600	12	0.8	0.002619
601	12.02	0.801	0.002621
602	12.04	0.802	0.002624
603	12.06	0.803	0.002626
604	12.08	0.804	0.002629
605	12.1	0.805	0.002631
606	12.12	0.806	0.002634
607	12.14	0.807	0.002636
608	12.16	0.808	0.002638
609	12.18	0.809	0.002641
610	12.2	0.81	0.002643
611	12.22	0.811	0.002645
612	12.24	0.812	0.002647
613	12.26	0.813	0.002649
614	12.28	0.814	0.002652
615	12.3	0.815	0.002654
616	12.32	0.816	0.002657
617	12.34	0.817	0.002659
618	12.36	0.818	0.002661
619	12.38	0.819	0.002664
620	12.4	0.82	0.002667
621	12.42	0.821	0.002669
622	12.44	0.822	0.002671
623	12.46	0.823	0.002673
624	12.48	0.824	0.002676
625	12.5	0.825	0.002678
626	12.52	0.826	0.002679
627	12.54	0.827	0.002681
628	12.56	0.828	0.002684
629	12.58	0.829	0.002686
630	12.6	0.83	0.002688
631	12.62	0.831	0.002691
632	12.64	0.832	0.002693
633	12.66	0.833	0.002695
634	12.68	0.834	0.002698
635	12.7	0.835	0.002699
636	12.72	0.836	0.002701
637	12.74	0.837	0.002703
638	12.76	0.838	0.002706
639	12.78	0.839	0.002709
640	12.8	0.84	0.00271
641	12.82	0.841	0.002711
642	12.84	0.842	0.002713
643	12.86	0.843	0.002715
644	12.88	0.844	0.002718
645	12.9	0.845	0.002719
646	12.92	0.846	0.002721
647	12.94	0.847	0.002725
648	12.96	0.848	0.002727
649	12.98	0.849	0.002729
650	13	0.85	0.002731
651	13.02	0.851	0.002733
652	13.04	0.852	0.002735
653	13.06	0.853	0.002737
654	13.08	0.854	0.002738
655	13.1	0.855	0.00274
656	13.12	0.856	0.002742
657	13.14	0.857	0.002744
658	13.16	0.858	0.002746
659	13.18	0.859	0.002748
660	13.2	0.86	0.00275
661	13.22	0.861	0.002752
662	13.24	0.862	0.002754
663	13.26	0.863	0.002755
664	13.28	0.864	0.002758
665	13.3	0.865	0.002759
666	13.32	0.866	0.00276
667	13.34	0.867	0.002762
668	13.36	0.868	0.002764
669	13.38	0.869	0.002766
670	13.4	0.87	0.002768
671	13.42	0.871	0.00277
672	13.44	0.872	0.002771
673	13.46	0.873	0.002773
674	13.48	0.874	0.002776
675	13.5	0.875	0.002777
676	13.52	0.876	0.00278
677	13.54	0.877	0.002782
678	13.56	0.878	0.002783
679	13.58	0.879	0.002785
680	13.6	0.88	0.002786
681	13.62	0.881	0.002788
682	13.64	0.882	0.00279
683	13.66	0.883	0.002791
684	13.68	0.884	0.002794
685	13.7	0.885	0.002796
686	13.72	0.886	0.002797
687	13.74	0.887	0.002799
688	13.76	0.888	0.0028
689	13.78	0.889	0.002801
690	13.8	0.89	0.002803
691	13.82	0.891	0.002805
692	13.84	0.892	0.002807
693	13.86	0.893	0.002808
694	13.88	0.894	0.00281
695	13.9	0.895	0.002811
696	13.92	0.896	0.002813
697	13.94	0.897	0.002815
698	13.96	0.898	0.002816
699	13.98	0.899	0.002818
700	14	0.9	0.002819
701	14.02	0.901	0.00282
702	14.04	0.902	0.002823
703	14.06	0.903	0.002823
704	14.08	0.904	0.002826
705	14.1	0.905	0.002828
706	14.12	0.906	0.002829
707	14.14	0.907	0.002831
708	14.16	0.908	0.002833
709	14.18	0.909	0.002835
710	14.2	0.91	0.002836
711	14.22	0.911	0.002837
712	14.24	0.912	0.002839
713	14.26	0.913	0.00284
714	14.28	0.914	0.002841
715	14.3	0.915	0.002843
716	14.32	0.916	0.002845
717	14.34	0.917	0.002847
718	14.36	0.918	0.002847
719	14.38	0.919	0.002849
720	14.4	0.92	0.00285
721	14.42	0.921	0.002851
722	14.44	0.922	0.002853
723	14.46	0.923	0.002855
724	14.48	0.924	0.002857
725	14.5	0.925	0.002858
726	14.52	0.926	0.00286
727	14.54	0.927	0.002861
728	14.56	0.928	0.002863
729	14.58	0.929	0.002865
730	14.6	0.93	0.002866
731	14.62	0.931	0.002867
732	14.64	0.932	0.002868
733	14.66	0.933	0.00287
734	14.68	0.934	0.002871
735	14.7	0.935	0.002873
736	14.72	0.936	0.002874
737	14.74	0.937	0.002875
738	14.76	0.938	0.002877
739	14.78	0.939	0.002878
740	14.8	0.94	0.00288
741	14.82	0.941	0.002881
742	14.84	0.942	0.002882
743	14.86	0.943	0.002884
744	14.88	0.944	0.002886
745	14.9	0.945	0.002886
746	14.92	0.946	0.002886
747	14.94	0.947	0.002887
748	14.96	0.948	0.002889
749	14.98	0.949	0.002891
750	15	0.95	0.002893
751	15.02	0.951	0.002894
752	15.04	0.952	0.002896
753	15.06	0.953	0.002897
754	15.08	0.954	0.002897
755	15.1	0.955	0.002898
756	15.12	0.956	0.002899
757	15.14	0.957	0.0029
758	15.16	0.958	0.002901
759	15.18	0.959	0.002903
760	15.2	0.96	0.002905
761	15.22	0.961	0.002906
762	15.24	0.962	0.002907
763	15.26	0.963	0.002909
764	15.28	0.964	0.00291
765	15.3	0.965	0.002911
766	15.32	0.966	0.002912
767	15.34	0.967	0.002914
768	15.36	0.968	0.002914
769	15.38	0.969	0.002915
770	15.4	0.97	0.002916
771	15.42	0.971	0.002917
772	15.44	0.972	0.002919
773	15.46	0.973	0.00292
774	15.48	0.974	0.002922
775	15.5	0.975	0.002923
776	15.52	0.976	0.002923
777	15.54	0.977	0.002925
778	15.56	0.978	0.002927
779	15.58	0.979	0.002928
780	15.6	0.98	0.002929
781	15.62	0.981	0.002929
782	15.64	0.982	0.002931
783	15.66	0.983	0.002932
784	15.68	0.984	0.002933
785	15.7	0.985	0.002935
786	15.72	0.986	0.002935
787	15.74	0.987	0.002937
788	15.76	0.988	0.002938
789	15.78	0.989	0.002938
790	15.8	0.99	0.002939
791	15.82	0.991	0.002941
792	15.84	0.992	0.002942
793	15.86	0.993	0.002943
794	15.88	0.994	0.002944
795	15.9	0.995	0.002945
796	15.92	0.996	0.002946
797	15.94	0.997	0.002947
798	15.96	0.998	0.002948
799	15.98	0.999	0.002949
800	16	1	0.002951
801	16.02	1.001	0.002952
802	16.04	1.002	0.002952
803	16.06	1.003	0.002952
804	16.08	1.004	0.002953
805	16.1	1.005	0.002956
806	16.12	1.006	0.002956
807	16.14	1.007	0.002957
808	16.16	1.008	0.002957
809	16.18	1.009	0.002958
810	16.2	1.01	0.002959
811	16.22	1.011	0.00296
812	16.24	1.012	0.002961
813	16.26	1.013	0.002962
814	16.28	1.014	0.002964
815	16.3	1.015	0.002964
816	16.32	1.016	0.002965
817	16.34	1.017	0.002966
818	16.36	1.018	0.002967
819	16.38	1.019	0.002967
820	16.4	1.02	0.002968
821	16.42	1.021	0.002969
822	16.44	1.022	0.002969
823	16.46	1.023	0.00297
824	16.48	1.024	0.002971
825	16.5	1.025	0.002973
826	16.52	1.026	0.002974
827	16.54	1.027	0.002975
828	16.56	1.028	0.002976
829	16.58	1.029	0.002976
830	16.6	1.03	0.002977
831	16.62	1.031	0.002978
832	16.64	1.032	0.002978
833	16.66	1.033	0.002979
834	16.68	1.034	0.002981
835	16.7	1.035	0.002982
836	16.72	1.036	0.002982
837	16.74	1.037	0.002983
838	16.76	1.038	0.002985
839	16.78	1.039	0.002984
840	16.8	1.04	0.002985
841	16.82	1.041	0.002985
842	16.84	1.042	0.002986
843	16.86	1.043	0.002987
844	16.88	1.044	0.002988
845	16.9	1.045	0.002988
846	16.92	1.046	0.002989
847	16.94	1.047	0.00299
848	16.96	1.048	0.002989
849	16.98	1.049	0.00299
850	17	1.05	0.00299
851	17.02	1.051	0.002992
852	17.04	1.052	0.002992
853	17.06	1.053	0.002993
854	17.08	1.054	0.002993
855	17.1	1.055	0.002994
856	17.12	1.056	0.002995
857	17.14	1.057	0.002995
858	17.16	1.058	0.002997
859	17.18	1.059	0.002997
860	17.2	1.06	0.002998
861	17.22	1.061	0.002998
862	17.24	1.062	0.002998
863	17.26	1.063	0.003
864	17.28	1.064	0.003
865	17.3	1.065	0.003
866	17.32	1.066	0.003
867	17.34	1.067	0.003
868	17.36	1.068	0.003
869	17.38	1.069	0.003002
870	17.4	1.07	0.003001
871	17.42	1.071	0.003002
872	17.44	1.072	0.003002
873	17.46	1.073	0.003003
874	17.48	1.074	0.003004
875	17.5	1.075	0.003004
876	17.52	1.076	0.003004
877	17.54	1.077	0.003005
878	17.56	1.078	0.003004
879	17.58	1.079	0.003005
880	17.6	1.08	0.003006
881	17.62	1.081	0.003006
882	17.64	1.082	0.003007
883	17.66	1.083	0.003007
884	17.68	1.084	0.003008
885	17.7	1.085	0.003008
886	17.72	1.086	0.003008
887	17.74	1.087	0.003009
888	17.76	1.088	0.003008
889	17.78	1.089	0.003009
890	17.8	1.09	0.003009
891	17.82	1.091	0.003009
892	17.84	1.092	0.00301
893	17.86	1.093	0.00301
894	17.88	1.094	0.003011
895	17.9	1.095	0.003011
896	17.92	1.096	0.003011
897	17.94	1.097	0.003012
898	17.96	1.098	0.003012
899	17.98	1.099	0.003012
900	18	1.1	0.003012
901	18.02	1.101	0.003013
902	18.04	1.102	0.003014
903	18.06	1.103	0.003014
904	18.08	1.104	0.003014
905	18.1	1.105	0.003014
906	18.12	1.106	0.003014
907	18.14	1.107	0.003015
908	18.16	1.108	0.003015
909	18.18	1.109	0.003015
910	18.2	1.11	0.003015
911	18.22	1.111	0.003016
912	18.24	1.112	0.003016
913	18.26	1.113	0.003016
914	18.28	1.114	0.003018
915	18.3	1.115	0.003018
916	18.32	1.116	0.003017
917	18.34	1.117	0.003019
918	18.36	1.118	0.003019
919	18.38	1.119	0.003018
920	18.4	1.12	0.003018
921	18.42	1.121	0.003019
922	18.44	1.122	0.003019
923	18.46	1.123	0.003019
924	18.48	1.124	0.00302
925	18.5	1.125	0.003019
926	18.52	1.126	0.00302
927	18.54	1.127	0.003021
928	18.56	1.128	0.003021
929	18.58	1.129	0.003021
930	18.6	1.13	0.003021
931	18.62	1.131	0.003021
932	18.64	1.132	0.003021
933	18.66	1.133	0.003021
934	18.68	1.134	0.003023
935	18.7	1.135	0.003022
936	18.72	1.136	0.003022
937	18.74	1.137	0.003022
938	18.76	1.138	0.003023
939	18.78	1.139	0.003023
940	18.8	1.14	0.003022
941	18.82	1.141	0.003021
942	18.84	1.142	0.003022
943	18.86	1.143	0.003021
944	18.88	1.144	0.003021
945	18.9	1.145	0.003022
946	18.92	1.146	0.003022
947	18.94	1.147	0.003022
948	18.96	1.148	0.003022
949	18.98	1.149	0.003022
950	19	1.15	0.003022
951	19.02	1.151	0.003022
952	19.04	1.152	0.003022
953	19.06	1.153	0.003023
954	19.08	1.154	0.003023
955	19.1	1.155	0.003022
956	19.12	1.156	0.003022
957	19.14	1.157	0.003022
958	19.16	1.158	0.003023
959	19.18	1.159	0.003023
960	19.2	1.16	0.003024
961	19.22	1.161	0.003024
962	19.24	1.162	0.003024
963	19.26	1.163	0.003023
964	19.28	1.164	0.003024
965	19.3	1.165	0.003024
966	19.32	1.166	0.003023
967	19.34	1.167	0.003023
968	19.36	1.168	0.003024
969	19.38	1.169	0.003024
970	19.4	1.17	0.003024
971	19.42	1.171	0.003023
972	19.44	1.172	0.003024
973	19.46	1.173	0.003024
974	19.48	1.174	0.003025
975	19.5	1.175	0.003025
976	19.52	1.176	0.003026
977	19.54	1.177	0.003025
978	19.56	1.178	0.003025
979	19.58	1.179	0.003024
980	19.6	1.18	0.003025
981	19.62	1.181	0.003023
982	19.64	1.182	0.003023
983	19.66	1.183	0.003023
984	19.68	1.184	0.003023
985	19.7	1.185	0.003023
986	19.72	1.186	0.003022
987	19.74	1.187	0.003022
988	19.76	1.188	0.003022
989	19.78	1.189	0.003022
990	19.8	1.19	0.003023
991	19.82	1.191	0.003023
992	19.84	1.192	0.003022
993	19.86	1.193	0.003022
994	19.88	1.194	0.003022
995	19.9	1.195	0.003022
996	19.92	1.196	0.003021
997	19.94	1.197	0.003021
998	19.96	1.198	0.00302
999	19.98	1.199	0.00302
1000	20	1.2	0.003021
1001	20.02	1.201	0.00302
1002	20.04	1.202	0.00302
1003	20.06	1.203	0.00302
1004	20.08	1.204	0.003021
1005	20.1	1.205	0.00302
1006	20.12	1.206	0.003021
1007	20.14	1.207	0.00302
1008	20.16	1.208	0.00302
1009	20.18	1.209	0.003019
1010	20.2	1.21	0.003019
1011	20.22	1.211	0.003019
1012	20.24	1.212	0.003018
1013	20.26	1.213	0.003019
1014	20.28	1.214	0.003018
1015	20.3	1.215	0.003018
1016	20.32	1.216	0.003017
1017	20.34	1.217	0.003016
1018	20.36	1.218	0.003017
1019	20.38	1.219	0.003016
1020	20.4	1.22	0.003016
1021	20.42	1.221	0.003015
1022	20.44	1.222	0.003014
1023	20.46	1.223	0.003014
1024	20.48	1.224	0.003014
1025	20.5	1.225	0.003013
1026	20.52	1.226	0.003013
1027	20.54	1.227	0.003013
1028	20.56	1.228	0.003011
1029	20.58	1.229	0.003012
1030	20.6	1.23	0.003012
1031	20.62	1.231	0.003011
1032	20.64	1.232	0.003011
1033	20.66	1.233	0.00301
1034	20.68	1.234	0.003009
1035	20.7	1.235	0.003009
1036	20.72	1.236	0.003009
1037	20.74	1.237	0.003007
1038	20.76	1.238	0.003007
1039	20.78	1.239	0.003005
1040	20.8	1.24	0.003005
1041	20.82	1.241	0.003004
1042	20.84	1.242	0.003003
1043	20.86	1.243	0.003003
1044	20.88	1.244	0.003003
1045	20.9	1.245	0.003003
1046	20.92	1.246	0.003001
1047	20.94	1.247	0.003
1048	20.96	1.248	0.002999
1049	20.98	1.249	0.002999
1050	21	1.25	0.002998
1051	21.02	1.251	0.002998
1052	21.04	1.252	0.002997
1053	21.06	1.253	0.002995
1054	21.08	1.254	0.002995
1055	21.1	1.255	0.002994
1056	21.12	1.256	0.002994
1057	21.14	1.257	0.002993
1058	21.16	1.258	0.002993
1059	21.18	1.259	0.002992
1060	21.2	1.26	0.002992
1061	21.22	1.261	0.00299
1062	21.24	1.262	0.00299
1063	21.26	1.263	0.002989
1064	21.28	1.264	0.002988
1065	21.3	1.265	0.002986
1066	21.32	1.266	0.002986
1067	21.34	1.267	0.002985
1068	21.36	1.268	0.002984
1069	21.38	1.269	0.002983
1070	21.4	1.27	0.002982
1071	21.42	1.271	0.002981
1072	21.44	1.272	0.00298
1073	21.46	1.273	0.002979
1074	21.48	1.274	0.002978
1075	21.5	1.275	0.002977
1076	21.52	1.276	0.002975
1077	21.54	1.277	0.002975
1078	21.56	1.278	0.002975
1079	21.58	1.279	0.002974
1080	21.6	1.28	0.002973
1081	21.62	1.281	0.002972
1082	21.64	1.282	0.002972
1083	21.66	1.283	0.00297
1084	21.68	1.284	0.002968
1085	21.7	1.285	0.002968
1086	21.72	1.286	0.002967
1087	21.74	1.287	0.002966
1088	21.76	1.288	0.002964
1089	21.78	1.289	0.002963
1090	21.8	1.29	0.002963
1091	21.82	1.291	0.002961
1092	21.84	1.292	0.00296
1093	21.86	1.293	0.002959
1094	21.88	1.294	0.002958
1095	21.9	1.295	0.002957
1096	21.92	1.296	0.002956
1097	21.94	1.297	0.002955
1098	21.96	1.298	0.002954
1099	21.98	1.299	0.002952
1100	22	1.3	0.002951
1101	22.02	1.301	0.002951
1102	22.04	1.302	0.00295
1103	22.06	1.303	0.00295
1104	22.08	1.304	0.002949
1105	22.1	1.305	0.002948
1106	22.12	1.306	0.002947
1107	22.14	1.307	0.002947
1108	22.16	1.308	0.002945
1109	22.18	1.309	0.002944
1110	22.2	1.31	0.002943
1111	22.22	1.311	0.002942
1112	22.24	1.312	0.00294
1113	22.26	1.313	0.00294
1114	22.28	1.314	0.002939
1115	22.3	1.315	0.002937
1116	22.32	1.316	0.002937
1117	22.34	1.317	0.002936
1118	22.36	1.318	0.002935
1119	22.38	1.319	0.002934
1120	22.4	1.32	0.002932
1121	22.42	1.321	0.002931
1122	22.44	1.322	0.002931
1123	22.46	1.323	0.00293
1124	22.48	1.324	0.002929
1125	22.5	1.325	0.002928
1126	22.52	1.326	0.002927
1127	22.54	1.327	0.002926
1128	22.56	1.328	0.002924
1129	22.58	1.329	0.002924
1130	22.6	1.33	0.002923
1131	22.62	1.331	0.002922
1132	22.64	1.332	0.002922
1133	22.66	1.333	0.002921
1134	22.68	1.334	0.002921
1135	22.7	1.335	0.00292
1136	22.72	1.336	0.002918
1137	22.74	1.337	0.002917
1138	22.76	1.338	0.002916
1139	22.78	1.339	0.002916
1140	22.8	1.34	0.002915
1141	22.82	1.341	0.002914
1142	22.84	1.342	0.002912
1143	22.86	1.343	0.002911
1144	22.88	1.344	0.002912
1145	22.9	1.345	0.002911
1146	22.92	1.346	0.00291
1147	22.94	1.347	0.002909
1148	22.96	1.348	0.002908
1149	22.98	1.349	0.002907
1150	23	1.35	0.002906
1151	23.02	1.351	0.002905
1152	23.04	1.352	0.002904
1153	23.06	1.353	0.002903
1154	23.08	1.354	0.002903
1155	23.1	1.355	0.002901
1156	23.12	1.356	0.0029
1157	23.14	1.357	0.002899
1158	23.16	1.358	0.002899
1159	23.18	1.359	0.002899
1160	23.2	1.36	0.002898
1161	23.22	1.361	0.002898
1162	23.24	1.362	0.002897
1163	23.26	1.363	0.002896
1164	23.28	1.364	0.002896
1165	23.3	1.365	0.002896
1166	23.32	1.366	0.002894
1167	23.34	1.367	0.002894
1168	23.36	1.368	0.002893
1169	23.38	1.369	0.002893
1170	23.4	1.37	0.002893
1171	23.42	1.371	0.002892
1172	23.44	1.372	0.002892
1173	23.46	1.373	0.002891
1174	23.48	1.374	0.002891
1175	23.5	1.375	0.00289
1176	23.52	1.376	0.002888
1177	23.54	1.377	0.002888
1178	23.56	1.378	0.002887
1179	23.58	1.379	0.002887
1180	23.6	1.38	0.002887
1181	23.62	1.381	0.002886
1182	23.64	1.382	0.002886
1183	23.66	1.383	0.002886
1184	23.68	1.384	0.002886
1185	23.7	1.385	0.002886
1186	23.72	1.386	0.002886
1187	23.74	1.387	0.002885
1188	23.76	1.388	0.002886
1189	23.78	1.389	0.002886
1190	23.8	1.39	0.002885
1191	23.82	1.391	0.002884
1192	23.84	1.392	0.002884
1193	23.86	1.393	0.002884
1194	23.88	1.394	0.002884
1195	23.9	1.395	0.002884
1196	23.92	1.396	0.002885
1197	23.94	1.397	0.002885
1198	23.96	1.398	0.002884
1199	23.98	1.399	0.002884
1200	24	1.4	0.002884
1201	24.02	1.401	0.002884
1202	24.04	1.402	0.002884
1203	24.06	1.403	0.002885
1204	24.08	1.404	0.002884
1205	24.1	1.405	0.002884
1206	24.12	1.406	0.002884
1207	24.14	1.407	0.002885
1208	24.16	1.408	0.002883
1209	24.18	1.409	0.002884
1210	24.2	1.41	0.002884
1211	24.22	1.411	0.002884
1212	24.24	1.412	0.002884
1213	24.26	1.413	0.002884
1214	24.28	1.414	0.002884
1215	24.3	1.415	0.002885
1216	24.32	1.416	0.002885
1217	24.34	1.417	0.002886
1218	24.36	1.418	0.002886
1219	24.38	1.419	0.002885
1220	24.4	1.42	0.002886
1221	24.42	1.421	0.002886
1222	24.44	1.422	0.002887
1223	24.46	1.423	0.002887
1224	24.48	1.424	0.002887
1225	24.5	1.425	0.002887
1226	24.52	1.426	0.002888
1227	24.54	1.427	0.002888
1228	24.56	1.428	0.002889
1229	24.58	1.429	0.002889
1230	24.6	1.43	0.00289
1231	24.62	1.431	0.002889
1232	24.64	1.432	0.00289
1233	24.66	1.433	0.00289
1234	24.68	1.434	0.002891
1235	24.7	1.435	0.002892
1236	24.72	1.436	0.002893
1237	24.74	1.437	0.002893
1238	24.76	1.438	0.002893
1239	24.78	1.439	0.002894
1240	24.8	1.44	0.002894
1241	24.82	1.441	0.002895
1242	24.84	1.442	0.002895
1243	24.86	1.443	0.002896
1244	24.88	1.444	0.002896
1245	24.9	1.445	0.002897
1246	24.92	1.446	0.002897
1247	24.94	1.447	0.002898
1248	24.96	1.448	0.002899
1249	24.98	1.449	0.0029
1250	25	1.45	0.002901
1251	25.02	1.451	0.002902
1252	25.04	1.452	0.002902
1253	25.06	1.453	0.002903
1254	25.08	1.454	0.002904
1255	25.1	1.455	0.002904
1256	25.12	1.456	0.002905
1257	25.14	1.457	0.002905
1258	25.16	1.458	0.002906
1259	25.18	1.459	0.002906
1260	25.2	1.46	0.002907
1261	25.22	1.461	0.002908
1262	25.24	1.462	0.002909
1263	25.26	1.463	0.002911
1264	25.28	1.464	0.002911
1265	25.3	1.465	0.002912
1266	25.32	1.466	0.002913
1267	25.34	1.467	0.002914
1268	25.36	1.468	0.002915
1269	25.38	1.469	0.002917
1270	25.4	1.47	0.002919
1271	25.42	1.471	0.002919
1272	25.44	1.472	0.002922
1273	25.46	1.473	0.002922
1274	25.48	1.474	0.002924
1275	25.5	1.475	0.002925
1276	25.52	1.476	0.002925
1277	25.54	1.477	0.002926
1278	25.56	1.478	0.002927
1279	25.58	1.479	0.002928
1280	25.6	1.48	0.002929
1281	25.62	1.481	0.002931
1282	25.64	1.482	0.002932
1283	25.66	1.483	0.002932
1284	25.68	1.484	0.002934
1285	25.7	1.485	0.002935
1286	25.72	1.486	0.002936
1287	25.74	1.487	0.002937
1288	25.76	1.488	0.002939
1289	25.78	1.489	0.002941
1290	25.8	1.49	0.002943
1291	25.82	1.491	0.002944
1292	25.84	1.492	0.002945
1293	25.86	1.493	0.002947
1294	25.88	1.494	0.00295
1295	25.9	1.495	0.002951
1296	25.92	1.496	0.002952
1297	25.94	1.497	0.002954
1298	25.96	1.498	0.002954
1299	25.98	1.499	0.002956
1300	26	1.5	0.002958
1301	26.02	1.501	0.00296
1302	26.04	1.502	0.002962
1303	26.06	1.503	0.002963
1304	26.08	1.504	0.002964
1305	26.1	1.505	0.002965
1306	26.12	1.506	0.002967
1307	26.14	1.507	0.002968
1308	26.16	1.508	0.00297
1309	26.18	1.509	0.002972
1310	26.2	1.51	0.002974
1311	26.22	1.511	0.002975
1312	26.24	1.512	0.002977
1313	26.26	1.513	0.00298
1314	26.28	1.514	0.002981
1315	26.3	1.515	0.002983
1316	26.32	1.516	0.002985
1317	26.34	1.517	0.002986
1318	26.36	1.518	0.002989
1319	26.38	1.519	0.002991
1320	26.4	1.52	0.002993
1321	26.42	1.521	0.002994
1322	26.44	1.522	0.002996
1323	26.46	1.523	0.002998
1324	26.48	1.524	0.003001
1325	26.5	1.525	0.003002
1326	26.52	1.526	0.003004
1327	26.54	1.527	0.003006
1328	26.56	1.528	0.003008
1329	26.58	1.529	0.003009
1330	26.6	1.53	0.003011
1331	26.62	1.531	0.003013
1332	26.64	1.532	0.003015
1333	26.66	1.533	0.003017
1334	26.68	1.534	0.00302
1335	26.7	1.535	0.003021
1336	26.72	1.536	0.003024
1337	26.74	1.537	0.003026
1338	26.76	1.538	0.003029
1339	26.78	1.539	0.003031
1340	26.8	1.54	0.003033
1341	26.82	1.541	0.003035
1342	26.84	1.542	0.003038
1343	26.86	1.543	0.00304
1344	26.88	1.544	0.003042
1345	26.9	1.545	0.003045
1346	26.92	1.546	0.003047
1347	26.94	1.547	0.003049
1348	26.96	1.548	0.003052
1349	26.98	1.549	0.003054
1350	27	1.55	0.003056
1351	27.02	1.551	0.003058
1352	27.04	1.552	0.00306
1353	27.06	1.553	0.003062
1354	27.08	1.554	0.003064
1355	27.1	1.555	0.003067
1356	27.12	1.556	0.003069
1357	27.14	1.557	0.003071
1358	27.16	1.558	0.003074
1359	27.18	1.559	0.003077
1360	27.2	1.56	0.00308
1361	27.22	1.561	0.003082
1362	27.24	1.562	0.003085
1363	27.26	1.563	0.003088
1364	27.28	1.564	0.00309
1365	27.3	1.565	0.003093
1366	27.32	1.566	0.003096
1367	27.34	1.567	0.003098
1368	27.36	1.568	0.0031
1369	27.38	1.569	0.003103
1370	27.4	1.57	0.003105
1371	27.42	1.571	0.003108
1372	27.44	1.572	0.003111
1373	27.46	1.573	0.003113
1374	27.48	1.574	0.003117
1375	27.5	1.575	0.00312
1376	27.52	1.576	0.003124
1377	27.54	1.577	0.003125
1378	27.56	1.578	0.003129
1379	27.58	1.579	0.003132
1380	27.6	1.58	0.003134
1381	27.62	1.581	0.003136
1382	27.64	1.582	0.003139
1383	27.66	1.583	0.003142
1384	27.68	1.584	0.003146
1385	27.7	1.585	0.003148
1386	27.72	1.586	0.003152
1387	27.74	1.587	0.003154
1388	27.76	1.588	0.003158
1389	27.78	1.589	0.00316
1390	27.8	1.59	0.003164
1391	27.82	1.591	0.003168
1392	27.84	1.592	0.00317
1393	27.86	1.593	0.003173
1394	27.88	1.594	0.003176
1395	27.9	1.595	0.00318
1396	27.92	1.596	0.003183
1397	27.94	1.597	0.003186
1398	27.96	1.598	0.003189
1399	27.98	1.599	0.003192
1400	28	1.6	0.003196
1401	28.02	1.601	0.0032
1402	28.04	1.602	0.003203
1403	28.06	1.603	0.003206
1404	28.08	1.604	0.003209
1405	28.1	1.605	0.003213
1406	28.12	1.606	0.003217
1407	28.14	1.607	0.00322
1408	28.16	1.608	0.003223
1409	28.18	1.609	0.003226
1410	28.2	1.61	0.00323
1411	28.22	1.611	0.003234
1412	28.24	1.612	0.003236
1413	28.26	1.613	0.00324
1414	28.28	1.614	0.003244
1415	28.3	1.615	0.003247
1416	28.32	1.616	0.003251
1417	28.34	1.617	0.003255
1418	28.36	1.618	0.003258
1419	28.38	1.619	0.003261
1420	28.4	1.62	0.003266
1421	28.42	1.621	0.003269
1422	28.44	1.622	0.003273
1423	28.46	1.623	0.003277
1424	28.48	1.624	0.003281
1425	28.5	1.625	0.003285
1426	28.52	1.626	0.003289
1427	28.54	1.627	0.003292
1428	28.56	1.628	0.003297
1429	28.58	1.629	0.0033
1430	28.6	1.63	0.003305
1431	28.62	1.631	0.00331
1432	28.64	1.632	0.003313
1433	28.66	1.633	0.003318
1434	28.68	1.634	0.003322
1435	28.7	1.635	0.003326
1436	28.72	1.636	0.00333
1437	28.74	1.637	0.003333
1438	28.76	1.638	0.003338
1439	28.78	1.639	0.003343
1440	28.8	1.64	0.003347
1441	28.82	1.641	0.003351
1442	28.84	1.642	0.003356
1443	28.86	1.643	0.00336
1444	28.88	1.644	0.003364
1445	28.9	1.645	0.003368
1446	28.92	1.646	0.003373
1447	28.94	1.647	0.003377
1448	28.96	1.648	0.003381
1449	28.98	1.649	0.003385
1450	29	1.65	0.003389
1451	29.02	1.651	0.003394
1452	29.04	1.652	0.003399
1453	29.06	1.653	0.003404
1454	29.08	1.654	0.003409
1455	29.1	1.655	0.003413
1456	29.12	1.656	0.003418
1457	29.14	1.657	0.003423
1458	29.16	1.658	0.003428
1459	29.18	1.659	0.003432
1460	29.2	1.66	0.003437
1461	29.22	1.661	0.003441
1462	29.24	1.662	0.003446
1463	29.26	1.663	0.003451
1464	29.28	1.664	0.003455
1465	29.3	1.665	0.003461
1466	29.32	1.666	0.003465
1467	29.34	1.667	0.00347
1468	29.36	1.668	0.003476
1469	29.38	1.669	0.00348
1470	29.4	1.67	0.003485
1471	29.42	1.671	0.003491
1472	29.44	1.672	0.003496
1473	29.46	1.673	0.003501
1474	29.48	1.674	0.003506
1475	29.5	1.675	0.003512
1476	29.52	1.676	0.003518
1477	29.54	1.677	0.003522
1478	29.56	1.678	0.003527
1479	29.58	1.679	0.003532
1480	29.6	1.68	0.003537
1481	29.62	1.681	0.003544
1482	29.64	1.682	0.003549
1483	29.66	1.683	0.003556
1484	29.68	1.684	0.00356
1485	29.7	1.685	0.003565
1486	29.72	1.686	0.003572
1487	29.74	1.687	0.003577
1488	29.76	1.688	0.003582
1489	29.78	1.689	0.003589
1490	29.8	1.69	0.003595
1491	29.82	1.691	0.003601
1492	29.84	1.692	0.003606
1493	29.86	1.693	0.003612
1494	29.88	1.694	0.003618
1495	29.9	1.695	0.003624
1496	29.92	1.696	0.003629
1497	29.94	1.697	0.003635
1498	29.96	1.698	0.003641
1499	29.98	1.699	0.003648
1500	30	1.7	0.003654
1501	30.02	1.701	0.00366
1502	30.04	1.702	0.003667
1503	30.06	1.703	0.003673
1504	30.08	1.704	0.00368
1505	30.1	1.705	0.003686
1506	30.12	1.706	0.003691
1507	30.14	1.707	0.003698
1508	30.16	1.708	0.003705
1509	30.18	1.709	0.003711
1510	30.2	1.71	0.003718
1511	30.22	1.711	0.003724
1512	30.24	1.712	0.003731
1513	30.26	1.713	0.003737
1514	30.28	1.714	0.003743
1515	30.3	1.715	0.00375
1516	30.32	1.716	0.003757
1517	30.34	1.717	0.003764
1518	30.36	1.718	0.003771
1519	30.38	1.719	0.003779
1520	30.4	1.72	0.003786
1521	30.42	1.721	0.003793
1522	30.44	1.722	0.0038
1523	30.46	1.723	0.003807
1524	30.48	1.724	0.003814
1525	30.5	1.725	0.003822
1526	30.52	1.726	0.003829
1527	30.54	1.727	0.003836
1528	30.56	1.728	0.003843
1529	30.58	1.729	0.003852
1530	30.6	1.73	0.00386
1531	30.62	1.731	0.003867
1532	30.64	1.732	0.003875
1533	30.66	1.733	0.003883
1534	30.68	1.734	0.003891
1535	30.7	1.735	0.003899
1536	30.72	1.736	0.003907
1537	30.74	1.737	0.003915
1538	30.76	1.738	0.003923
1539	30.78	1.739	0.003931
1540	30.8	1.74	0.003939
1541	30.82	1.741	0.003947
1542	30.84	1.742	0.003956
1543	30.86	1.743	0.003964
1544	30.88	1.744	0.003972
1545	30.9	1.745	0.003981
1546	30.92	1.746	0.003989
1547	30.94	1.747	0.003998
1548	30.96	1.748	0.004006
1549	30.98	1.749	0.004016
1550	31	1.75	0.004025
1551	31.02	1.751	0.004034
1552	31.04	1.752	0.004043
1553	31.06	1.753	0.004052
1554	31.08	1.754	0.004062
1555	31.1	1.755	0.004071
1556	31.12	1.756	0.00408
1557	31.14	1.757	0.004089
1558	31.16	1.758	0.004099
1559	31.18	1.759	0.004107
1560	31.2	1.76	0.004118
1561	31.22	1.761	0.004128
1562	31.24	1.762	0.004136
1563	31.26	1.763	0.004146
1564	31.28	1.764	0.004156
1565	31.3	1.765	0.004166
1566	31.32	1.766	0.004177
1567	31.34	1.767	0.004187
1568	31.36	1.768	0.004197
1569	31.38	1.769	0.004207
1570	31.4	1.77	0.004217
1571	31.42	1.771	0.004227
1572	31.44	1.772	0.004236
1573	31.46	1.773	0.004247
1574	31.48	1.774	0.004259
1575	31.5	1.775	0.004269
1576	31.52	1.776	0.00428
1577	31.54	1.777	0.004291
1578	31.56	1.778	0.004303
1579	31.58	1.779	0.004313
1580	31.6	1.78	0.004325
1581	31.62	1.781	0.004336
1582	31.64	1.782	0.004348
1583	31.66	1.783	0.004359
1584	31.68	1.784	0.00437
1585	31.7	1.785	0.004381
1586	31.72	1.786	0.004394
1587	31.74	1.787	0.004405
1588	31.76	1.788	0.004417
1589	31.78	1.789	0.004429
1590	31.8	1.79	0.00444
1591	31.82	1.791	0.004452
1592	31.84	1.792	0.004465
1593	31.86	1.793	0.004477
1594	31.88	1.794	0.00449
1595	31.9	1.795	0.004502
1596	31.92	1.796	0.004514
1597	31.94	1.797	0.004527
1598	31.96	1.798	0.004539
1599	31.98	1.799	0.004552
1600	32	1.8	0.00455
1601	32.02	1.799	0.004448
1602	32.04	1.798	0.004299
1603	32.06	1.797	0.004149
1604	32.08	1.796	0.004011
1605	32.1	1.795	0.003881
1606	32.12	1.794	0.003758
1607	32.14	1.793	0.003643
1608	32.16	1.792	0.003533
1609	32.18	1.791	0.003428
1610	32.2	1.79	0.003328
1611	32.22	1.789	0.003233
1612	32.24	1.788	0.003141
1613	32.26	1.787	0.003054
1614	32.28	1.786	0.00297
1615	32.3	1.785	0.002888
1616	32.32	1.784	0.002811
1617	32.34	1.783	0.002736
1618	32.36	1.782	0.002663
1619	32.38	1.781	0.002592
1620	32.4	1.78	0.002525
1621	32.42	1.779	0.002458
1622	32.44	1.778	0.002392
1623	32.46	1.777	0.00233
1624	32.48	1.776	0.002271
1625	32.5	1.775	0.002212
1626	32.52	1.774	0.002155
1627	32.54	1.773	0.002101
1628	32.56	1.772	0.002046
1629	32.58	1.771	0.001993
1630	32.6	1.77	0.001943
1631	32.62	1.769	0.001893
1632	32.64	1.768	0.001844
1633	32.66	1.767	0.001796
1634	32.68	1.766	0.001751
1635	32.7	1.765	0.001706
1636	32.72	1.764	0.001662
1637	32.74	1.763	0.001618
1638	32.76	1.762	0.001576
1639	32.78	1.761	0.001535
1640	32.8	1.76	0.001495
1641	32.82	1.759	0.001456
1642	32.84	1.758	0.001418
1643	32.86	1.757	0.00138
1644	32.88	1.756	0.001344
1645	32.9	1.755	0.001307
1646	32.92	1.754	0.001273
1647	32.94	1.753	0.001237
1648	32.96	1.752	0.001203
1649	32.98	1.751	0.00117
1650	33	1.75	0.001138
1651	33.02	1.749	0.001106
1652	33.04	1.748	0.001074
1653	33.06	1.747	0.001043
1654	33.08	1.746	0.001013
1655	33.1	1.745	0.000985
1656	33.12	1.744	0.000956
1657	33.14	1.743	0.000927
1658	33.16	1.742	0.0009
1659	33.18	1.741	0.000873
1660	33.2	1.74	0.000846
1661	33.22	1.739	0.00082
1662	33.24	1.738	0.000794
1663	33.26	1.737	0.000769
1664	33.28	1.736	0.000746
1665	33.3	1.735	0.000722
1666	33.32	1.734	0.000698
1667	33.34	1.733	0.000674
1668	33.36	1.732	0.000652
1669	33.38	1.731	0.000629
1670	33.4	1.73	0.000608
1671	33.42	1.729	0.000586
1672	33.44	1.728	0.000565
1673	33.46	1.727	0.000544
1674	33.48	1.726	0.000524
1675	33.5	1.725	0.000504
1676	33.52	1.724	0.000484
1677	33.54	1.723	0.000465
1678	33.56	1.722	0.000445
1679	33.58	1.721	0.000426
1680	33.6	1.72	0.000409
1681	33.62	1.719	0.00039
1682	33.64	1.718	0.000373
1683	33.66	1.717	0.000357
1684	33.68	1.716	0.00034
1685	33.7	1.715	0.000323
1686	33.72	1.714	0.000308
1687	33.74	1.713	0.000292
1688	33.76	1.712	0.000276
1689	33.78	1.711	0.00026
1690	33.8	1.71	0.000245
1691	33.82	1.709	0.000231
1692	33.84	1.708	0.000218
1693	33.86	1.707	0.000204
1694	33.88	1.706	0.00019
1695	33.9	1.705	0.000177
1696	33.92	1.704	0.000165
1697	33.94	1.703	0.000153
1698	33.96	1.702	0.000142
1699	33.98	1.701	0.000132
1700	34	1.7	0.000121
1701	34.02	1.699	0.000113
1702	34.04	1.698	0.000103
1703	34.06	1.697	9.27e-05
1704	34.08	1.696	8.43e-05
1705	34.1	1.695	7.68e-05
1706	34.12	1.694	6.88e-05
1707	34.14	1.693	6.12e-05
1708	34.16	1.692	5.44e-05
1709	34.18	1.691	4.77e-05
1710	34.2	1.69	4.01e-05
1711	34.22	1.689	3.34e-05
1712	34.24	1.688	2.73e-05
1713	34.26	1.687	2.05e-05
1714	34.28	1.686	1.44e-05
1715	34.3	1.685	8.58e-06
1716	34.32	1.684	2.46e-06
1717	34.34	1.683	-4.16e-06
1718	34.36	1.682	-9.98e-06
1719	34.38	1.681	-1.69e-05
1720	34.4	1.68	-2.37e-05
1721	34.42	1.679	-3.05e-05
1722	34.44	1.678	-3.84e-05
1723	34.46	1.677	-4.61e-05
1724	34.48	1.676	-5.46e-05
1725	34.5	1.675	-6.37e-05
1726	34.52	1.674	-7.27e-05
1727	34.54	1.673	-8.22e-05
1728	34.56	1.672	-9.33e-05
1729	34.58	1.671	-0.000104
1730	34.6	1.67	-0.000118
1731	34.62	1.669	-0.000131
1732	34.64	1.668	-0.000144
1733	34.66	1.667	-0.000159
1734	34.68	1.666	-0.000175
1735	34.7	1.665	-0.000192
1736	34.72	1.664	-0.000208
1737	34.74	1.663	-0.000226
1738	34.76	1.662	-0.000246
1739	34.78	1.661	-0.000267
1740	34.8	1.66	-0.000286
1741	34.82	1.659	-0.000307
1742	34.84	1.658	-0.000328
1743	34.86	1.657	-0.00035
1744	34.88	1.656	-0.000372
1745	34.9	1.655	-0.000392
1746	34.92	1.654	-0.000414
1747	34.94	1.653	-0.000435
1748	34.96	1.652	-0.000456
1749	34.98	1.651	-0.000476
1750	35	1.65	-0.000497
1751	35.02	1.649	-0.000516
1752	35.04	1.648	-0.000536
1753	35.06	1.647	-0.000554
1754	35.08	1.646	-0.000572
1755	35.1	1.645	-0.000589
1756	35.12	1.644	-0.000607
1757	35.14	1.643	-0.000625
1758	35.16	1.642	-0.00064
1759	35.18	1.641	-0.000657
1760	35.2	1.64	-0.000671
1761	35.22	1.639	-0.000686
1762	35.24	1.638	-0.000702
1763	35.26	1.637	-0.000718
1764	35.28	1.636	-0.000731
1765	35.3	1.635	-0.000745
1766	35.32	1.634	-0.000758
1767	35.34	1.633	-0.00077
1768	35.36	1.632	-0.000782
1769	35.38	1.631	-0.000794
1770	35.4	1.63	-0.000806
1771	35.42	1.629	-0.000818
1772	35.44	1.628	-0.000829
1773	35.46	1.627	-0.00084
1774	35.48	1.626	-0.000851
1775	35.5	1.625	-0.000861
1776	35.52	1.624	-0.000872
1777	35.54	1.623	-0.000881
1778	35.56	1.622	-0.000891
1779	35.58	1.621	-0.000901
1780	35.6	1.62	-0.000911
1781	35.62	1.619	-0.000919
1782	35.64	1.618	-0.00093
1783	35.66	1.617	-0.00094
1784	35.68	1.616	-0.000949
1785	35.7	1.615	-0.000958
1786	35.72	1.614	-0.000966
1787	35.74	1.613	-0.000974
1788	35.76	1.612	-0.000983
1789	35.78	1.611	-0.000991
1790	35.8	1.61	-0.000998
1791	35.82	1.609	-0.001006
1792	35.84	1.608	-0.001015
1793	35.86	1.607	-0.001023
1794	35.88	1.606	-0.00103
1795	35.9	1.605	-0.001038
1796	35.92	1.604	-0.001045
1797	35.94	1.603	-0.001052
1798	35.96	1.602	-0.001059
1799	35.98	1.601	-0.001065
1800	36	1.6	-0.001073
1801	36.02	1.599	-0.00108
1802	36.04	1.598	-0.001087
1803	36.06	1.597	-0.001095
1804	36.08	1.596	-0.001102
1805	36.1	1.595	-0.001107
1806	36.12	1.594	-0.001114
1807	36.14	1.593	-0.001119
1808	36.16	1.592	-0.001125
1809	36.18	1.591	-0.001132
1810	36.2	1.59	-0.001137
1811	36.22	1.589	-0.001145
1812	36.24	1.588	-0.001151
1813	36.26	1.587	-0.001156
1814	36.28	1.586	-0.001163
1815	36.3	1.585	-0.001168
1816	36.32	1.584	-0.001174
1817	36.34	1.583	-0.001179
1818	36.36	1.582	-0.001184
1819	36.38	1.581	-0.00119
1820	36.4	1.58	-0.001194
1821	36.42	1.579	-0.001201
1822	36.44	1.578	-0.001206
1823	36.46	1.577	-0.001211
1824	36.48	1.576	-0.001216
1825	36.5	1.575	-0.001222
1826	36.52	1.574	-0.001227
1827	36.54	1.573	-0.001233
1828	36.56	1.572	-0.001237
1829	36.58	1.571	-0.001243
1830	36.6	1.57	-0.001247
1831	36.62	1.569	-0.00125
1832	36.64	1.568	-0.001256
1833	36.66	1.567	-0.001259
1834	36.68	1.566	-0.001263
1835	36.7	1.565	-0.001268
1836	36.72	1.564	-0.001273
1837	36.74	1.563	-0.001279
1838	36.76	1.562	-0.001283
1839	36.78	1.561	-0.001287
1840	36.8	1.56	-0.001292
1841	36.82	1.559	-0.001296
1842	36.84	1.558	-0.0013
1843	36.86	1.557	-0.001304
1844	36.88	1.556	-0.001307
1845	36.9	1.555	-0.001311
1846	36.92	1.554	-0.001315
1847	36.94	1.553	-0.001319
1848	36.96	1.552	-0.001324
1849	36.98	1.551	-0.001328
1850	37	1.55	-0.001332
1851	37.02	1.549	-0.001336
1852	37.04	1.548	-0.001339
1853	37.06	1.547	-0.001343
1854	37.08	1.546	-0.001347
1855	37.1	1.545	-0.001351
1856	37.12	1.544	-0.001355
1857	37.14	1.543	-0.001358
1858	37.16	1.542	-0.001361
1859	37.18	1.541	-0.001365
1860	37.2	1.54	-0.001368
1861	37.22	1.539	-0.001373
1862	37.24	1.538	-0.001376
1863	37.26	1.537	-0.001379
1864	37.28	1.536	-0.001383
1865	37.3	1.535	-0.001388
1866	37.32	1.534	-0.001391
1867	37.34	1.533	-0.001395
1868	37.36	1.532	-0.001398
1869	37.38	1.531	-0.001401
1870	37.4	1.53	-0.001403
1871	37.42	1.529	-0.001407
1872	37.44	1.528	-0.00141
1873	37.46	1.527	-0.001412
1874	37.48	1.526	-0.001415
1875	37.5	1.525	-0.001418
1876	37.52	1.524	-0.001422
1877	37.54	1.523	-0.001424
1878	37.56	1.522	-0.001427
1879	37.58	1.521	-0.00143
1880	37.6	1.52	-0.001433
1881	37.62	1.519	-0.001436
1882	37.64	1.518	-0.001439
1883	37.66	1.517	-0.001442
1884	37.68	1.516	-0.001445
1885	37.7	1.515	-0.001448
1886	37.72	1.514	-0.001451
1887	37.74	1.513	-0.001453
1888	37.76	1.512	-0.001457
1889	37.78	1.511	-0.001459
1890	37.8	1.51	-0.001461
1891	37.82	1.509	-0.001463
1892	37.84	1.508	-0.001467
1893	37.86	1.507	-0.001469
1894	37.88	1.506	-0.001472
1895	37.9	1.505	-0.001474
1896	37.92	1.504	-0.001476
1897	37.94	1.503	-0.001479
1898	37.96	1.502	-0.001482
1899	37.98	1.501	-0.001484
1900	38	1.5	-0.001487
1901	38.02	1.499	-0.00149
1902	38.04	1.498	-0.001492
1903	38.06	1.497	-0.001496
1904	38.08	1.496	-0.001498
1905	38.1	1.495	-0.001501
1906	38.12	1.494	-0.001503
1907	38.14	1.493	-0.001505
1908	38.16	1.492	-0.001507
1909	38.18	1.491	-0.001509
1910	38.2	1.49	-0.001512
1911	38.22	1.489	-0.001514
1912	38.24	1.488	-0.001515
1913	38.26	1.487	-0.001518
1914	38.28	1.486	-0.001519
1915	38.3	1.485	-0.001522
1916	38.32	1.484	-0.001525
1917	38.34	1.483	-0.001527
1918	38.36	1.482	-0.001529
1919	38.38	1.481	-0.001531
1920	38.4	1.48	-0.001534
1921	38.42	1.479	-0.001536
1922	38.44	1.478	-0.001538
1923	38.46	1.477	-0.001541
1924	38.48	1.476	-0.001544
1925	38.5	1.475	-0.001545
1926	38.52	1.474	-0.001548
1927	38.54	1.473	-0.001549
1928	38.56	1.472	-0.001551
1929	38.58	1.471	-0.001553
1930	38.6	1.47	-0.001555
1931	38.62	1.469	-0.001557
1932	38.64	1.468	-0.00156
1933	38.66	1.467	-0.001561
1934	38.68	1.466	-0.001563
1935	38.7	1.465	-0.001564
1936	38.72	1.464	-0.001567
1937	38.74	1.463	-0.001569
1938	38.76	1.462	-0.00157
1939	38.78	1.461	-0.001572
1940	38.8	1.46	-0.001573
1941	38.82	1.459	-0.001575
1942	38.84	1.458	-0.001577
1943	38.86	1.457	-0.00158
1944	38.88	1.456	-0.001581
1945	38.9	1.455	-0.001582
1946	38.92	1.454	-0.001585
1947	38.94	1.453	-0.001587
1948	38.96	1.452	-0.001589
1949	38.98	1.451	-0.001591
1950	39	1.45	-0.001593
1951	39.02	1.449	-0.001595
1952	39.04	1.448	-0.001597
1953	39.06	1.447	-0.001598
1954	39.08	1.446	-0.0016
1955	39.1	1.445	-0.001601
1956	39.12	1.444	-0.001603
1957	39.14	1.443	-0.001605
1958	39.16	1.442	-0.001607
1959	39.18	1.441	-0.001608
1960	39.2	1.44	-0.00161
1961	39.22	1.439	-0.001611
1962	39.24	1.438	-0.001613
1963	39.26	1.437	-0.001615
1964	39.28	1.436	-0.001616
1965	39.3	1.435	-0.001618
1966	39.32	1.434	-0.00162
1967	39.34	1.433	-0.001622
1968	39.36	1.432	-0.001624
1969	39.38	1.431	-0.001626
1970	39.4	1.43	-0.001627
1971	39.42	1.429	-0.001629
1972	39.44	1.428	-0.00163
1973	39.46	1.427	-0.001631
1974	39.48	1.426	-0.001633
1975	39.5	1.425	-0.001634
1976	39.52	1.424	-0.001635
1977	39.54	1.423	-0.001637
1978	39.56	1.422	-0.001638
1979	39.58	1.421	-0.001641
1980	39.6	1.42	-0.001643
1981	39.62	1.419	-0.001645
1982	39.64	1.418	-0.001646
1983	39.66	1.417	-0.001647
1984	39.68	1.416	-0.001648
1985	39.7	1.415	-0.001649
1986	39.72	1.414	-0.001651
1987	39.74	1.413	-0.001652
1988	39.76	1.412	-0.001654
1989	39.78	1.411	-0.001656
1990	39.8	1.41	-0.001657
1991	39.82	1.409	-0.001658
1992	39.84	1.408	-0.00166
1993	39.86	1.407	-0.001662
1994	39.88	1.406	-0.001664
1995	39.9	1.405	-0.001664
1996	39.92	1.404	-0.001665
1997	39.94	1.403	-0.001667
1998	39.96	1.402	-0.001668
1999	39.98	1.401	-0.001669
2000	40	1.4	-0.001671
2001	40.02	1.399	-0.001672
2002	40.04	1.398	-0.001674
2003	40.06	1.397	-0.001675
2004	40.08	1.396	-0.001676
2005	40.1	1.395	-0.001678
2006	40.12	1.394	-0.00168
2007	40.14	1.393	-0.001681
2008	40.16	1.392	-0.001682
2009	40.18	1.391	-0.001684
2010	40.2	1.39	-0.001685
2011	40.22	1.389	-0.001686
2012	40.24	1.388	-0.001687
2013	40.26	1.387	-0.001689
2014	40.28	1.386	-0.00169
2015	40.3	1.385	-0.001691
2016	40.32	1.384	-0.001693
2017	40.34	1.383	-0.001694
2018	40.36	1.382	-0.001696
2019	40.38	1.381	-0.001698
2020	40.4	1.38	-0.001699
2021	40.42	1.379	-0.0017
2022	40.44	1.378	-0.0017
2023	40.46	1.377	-0.001702
2024	40.48	1.376	-0.001703
2025	40.5	1.375	-0.001704
2026	40.52	1.374	-0.001706
2027	40.54	1.373	-0.001708
2028	40.56	1.372	-0.001709
2029	40.58	1.371	-0.00171
2030	40.6	1.37	-0.001711
2031	40.62	1.369	-0.001712
2032	40.64	1.368	-0.001713
2033	40.66	1.367	-0.001715
2034	40.68	1.366	-0.001717
2035	40.7	1.365	-0.001718
2036	40.72	1.364	-0.001719
2037	40.74	1.363	-0.00172
2038	40.76	1.362	-0.001722
2039	40.78	1.361	-0.001722
2040	40.8	1.36	-0.001723
2041	40.82	1.359	-0.001725
2042	40.84	1.358	-0.001725
2043	40.86	1.357	-0.001727
2044	40.88	1.356	-0.001728
2045	40.9	1.355	-0.001729
2046	40.92	1.354	-0.001731
2047	40.94	1.353	-0.001732
2048	40.96	1.352	-0.001734
2049	40.98	1.351	-0.001735
2050	41	1.35	-0.001736
2051	41.02	1.349	-0.001738
2052	41.04	1.348	-0.001739
2053	41.06	1.347	-0.001739
2054	41.08	1.346	-0.00174
2055	41.1	1.345	-0.001741
2056	41.12	1.344	-0.001742
2057	41.14	1.343	-0.001744
2058	41.16	1.342	-0.001746
2059	41.18	1.341	-0.001747
2060	41.2	1.34	-0.001748
2061	41.22	1.339	-0.00175
2062	41.24	1.338	-0.001752
2063	41.26	1.337	-0.001753
2064	41.28	1.336	-0.001754
2065	41.3	1.335	-0.001756
2066	41.32	1.334	-0.001757
2067	41.34	1.333	-0.001758
2068	41.36	1.332	-0.001759
2069	41.38	1.331	-0.001761
2070	41.4	1.33	-0.001763
2071	41.42	1.329	-0.001763
2072	41.44	1.328	-0.001765
2073	41.46	1.327	-0.001767
2074	41.48	1.326	-0.001768
2075	41.5	1.325	-0.001769
2076	41.52	1.324	-0.00177
2077	41.54	1.323	-0.001771
2078	41.56	1.322	-0.001772
2079	41.58	1.321	-0.001772
2080	41.6	1.32	-0.001774
2081	41.62	1.319	-0.001775
2082	41.64	1.318	-0.001777
2083	41.66	1.317	-0.001779
2084	41.68	1.316	-0.00178
2085	41.7	1.315	-0.001781
2086	41.72	1.314	-0.001783
2087	41.74	1.313	-0.001784
2088	41.76	1.312	-0.001786
2089	41.78	1.311	-0.001787
2090	41.8	1.31	-0.001788
2091	41.82	1.309	-0.001789
2092	41.84	1.308	-0.001789
2093	41.86	1.307	-0.001792
2094	41.88	1.306	-0.001793
2095	41.9	1.305	-0.001794
2096	41.92	1.304	-0.001795
2097	41.94	1.303	-0.001796
2098	41.96	1.302	-0.001797
2099	41.98	1.301	-0.001799
2100	42	1.3	-0.0018
2101	42.02	1.299	-0.001802
2102	42.04	1.298	-0.001803
2103	42.06	1.297	-0.001803
2104	42.08	1.296	-0.001806
2105	42.1	1.295	-0.001808
2106	42.12	1.294	-0.001809
2107	42.14	1.293	-0.00181
2108	42.16	1.292	-0.001812
2109	42.18	1.291	-0.001814
2110	42.2	1.29	-0.001815
2111	42.22	1.289	-0.001816
2112	42.24	1.288	-0.001817
2113	42.26	1.287	-0.001818
2114	42.28	1.286	-0.001819
2115	42.3	1.285	-0.001821
2116	42.32	1.284	-0.001822
2117	42.34	1.283	-0.001824
2118	42.36	1.282	-0.001825
2119	42.38	1.281	-0.001826
2120	42.4	1.28	-0.001828
2121	42.42	1.279	-0.00183
2122	42.44	1.278	-0.001832
2123	42.46	1.277	-0.001833
2124	42.48	1.276	-0.001836
2125	42.5	1.275	-0.001837
2126	42.52	1.274	-0.001839
2127	42.54	1.273	-0.001841
2128	42.56	1.272	-0.001842
2129	42.58	1.271	-0.001843
2130	42.6	1.27	-0.001845
2131	42.62	1.269	-0.001847
2132	42.64	1.268	-0.001847
2133	42.66	1.267	-0.001849
2134	42.68	1.266	-0.00185
2135	42.7	1.265	-0.001851
2136	42.72	1.264	-0.001853
2137	42.74	1.263	-0.001855
2138	42.76	1.262	-0.001857
2139	42.78	1.261	-0.001858
2140	42.8	1.26	-0.001859
2141	42.82	1.259	-0.001861
2142	42.84	1.258	-0.001862
2143	42.86	1.257	-0.001865
2144	42.88	1.256	-0.001866
2145	42.9	1.255	-0.001868
2146	42.92	1.254	-0.001871
2147	42.94	1.253	-0.001872
2148	42.96	1.252	-0.001874
2149	42.98	1.251	-0.001875
2150	43	1.25	-0.001877
2151	43.02	1.249	-0.001879
2152	43.04	1.248	-0.00188
2153	43.06	1.247	-0.001882
2154	43.08	1.246	-0.001883
2155	43.1	1.245	-0.001885
2156	43.12	1.244	-0.001886
2157	43.14	1.243	-0.001887
2158	43.16	1.242	-0.00189
2159	43.18	1.241	-0.001892
2160	43.2	1.24	-0.001894
2161	43.22	1.239	-0.001896
2162	43.24	1.238	-0.001898
2163	43.26	1.237	-0.001899
2164	43.28	1.236	-0.001902
2165	43.3	1.235	-0.001903
2166	43.32	1.234	-0.001905
2167	43.34	1.233	-0.001908
2168	43.36	1.232	-0.001908
2169	43.38	1.231	-0.001911
2170	43.4	1.23	-0.001913
2171	43.42	1.229	-0.001915
2172	43.44	1.228	-0.001918
2173	43.46	1.227	-0.00192
2174	43.48	1.226	-0.001921
2175	43.5	1.225	-0.001923
2176	43.52	1.224	-0.001925
2177	43.54	1.223	-0.001926
2178	43.56	1.222	-0.001927
2179	43.58	1.221	-0.00193
2180	43.6	1.22	-0.001931
2181	43.62	1.219	-0.001933
2182	43.64	1.218	-0.001936
2183	43.66	1.217	-0.001937
2184	43.68	1.216	-0.001939
2185	43.7	1.215	-0.00194
2186	43.72	1.214	-0.001944
2187	43.74	1.213	-0.001945
2188	43.76	1.212	-0.001947
2189	43.78	1.211	-0.001949
2190	43.8	1.21	-0.001951
2191	43.82	1.209	-0.001954
2192	43.84	1.208	-0.001955
2193	43.86	1.207	-0.001957
2194	43.88	1.206	-0.001958
2195	43.9	1.205	-0.00196
2196	43.92	1.204	-0.001962
2197	43.94	1.203	-0.001965
2198	43.96	1.202	-0.001968
2199	43.98	1.201	-0.00197
2200	44	1.2	-0.001972
2201	44.02	1.199	-0.001974
2202	44.04	1.198	-0.001976
2203	44.06	1.197	-0.001978
2204	44.08	1.196	-0.00198
2205	44.1	1.195	-0.001982
2206	44.12	1.194	-0.001984
2207	44.14	1.193	-0.001986
2208	44.16	1.192	-0.001988
2209	44.18	1.191	-0.001991
2210	44.2	1.19	-0.001992
2211	44.22	1.189	-0.001995
2212	44.24	1.188	-0.001997
2213	44.26	1.187	-0.001998
2214	44.28	1.186	-0.002002
2215	44.3	1.185	-0.002004
2216	44.32	1.184	-0.002006
2217	44.34	1.183	-0.002008
2218	44.36	1.182	-0.00201
2219	44.38	1.181	-0.002012
2220	44.4	1.18	-0.002014
2221	44.42	1.179	-0.002016
2222	44.44	1.178	-0.002019
2223	44.46	1.177	-0.002022
2224	44.48	1.176	-0.002024
2225	44.5	1.175	-0.002025
2226	44.52	1.174	-0.002028
2227	44.54	1.173	-0.00203
2228	44.56	1.172	-0.002032
2229	44.58	1.171	-0.002035
2230	44.6	1.17	-0.002038
2231	44.62	1.169	-0.00204
2232	44.64	1.168	-0.002041
2233	44.66	1.167	-0.002044
2234	44.68	1.166	-0.002046
2235	44.7	1.165	-0.002049
2236	44.72	1.164	-0.002052
2237	44.74	1.163	-0.002055
2238	44.76	1.162	-0.002056
2239	44.78	1.161	-0.002059
2240	44.8	1.16	-0.002061
2241	44.82	1.159	-0.002062
2242	44.84	1.158	-0.002065
2243	44.86	1.157	-0.002069
2244	44.88	1.156	-0.002072
2245	44.9	1.155	-0.002074
2246	44.92	1.154	-0.002076
2247	44.94	1.153	-0.002077
2248	44.96	1.152	-0.00208
2249	44.98	1.151	-0.002084
2250	45	1.15	-0.002085
2251	45.02	1.149	-0.002088
2252	45.04	1.148	-0.00209
2253	45.06	1.147	-0.002093
2254	45.08	1.146	-0.002094
2255	45.1	1.145	-0.002098
2256	45.12	1.144	-0.0021
2257	45.14	1.143	-0.002103
2258	45.16	1.142	-0.002106
2259	45.18	1.141	-0.002108
2260	45.2	1.14	-0.00211
2261	45.22	1.139	-0.002113
2262	45.24	1.138	-0.002115
2263	45.26	1.137	-0.002117
2264	45.28	1.136	-0.00212
2265	45.3	1.135	-0.002124
2266	45.32	1.134	-0.002125
2267	45.34	1.133	-0.002128
2268	45.36	1.132	-0.002131
2269	45.38	1.131	-0.002133
2270	45.4	1.13	-0.002136
2271	45.42	1.129	-0.002139
2272	45.44	1.128	-0.002141
2273	45.46	1.127	-0.002143
2274	45.48	1.126	-0.002146
2275	45.5	1.125	-0.00215
2276	45.52	1.124	-0.002152
2277	45.54	1.123	-0.002155
2278	45.56	1.122	-0.002157
2279	45.58	1.121	-0.002159
2280	45.6	1.12	-0.002162
2281	45.62	1.119	-0.002163
2282	45.64	1.118	-0.002166
2283	45.66	1.117	-0.002169
2284	45.68	1.116	-0.002171
2285	45.7	1.115	-0.002174
2286	45.72	1.114	-0.002176
2287	45.74	1.113	-0.002179
2288	45.76	1.112	-0.002181
2289	45.78	1.111	-0.002184
2290	45.8	1.11	-0.002186
2291	45.82	1.109	-0.002189
2292	45.84	1.108	-0.002191
2293	45.86	1.107	-0.002193
2294	45.88	1.106	-0.002197
2295	45.9	1.105	-0.0022
2296	45.92	1.104	-0.002202
2297	45.94	1.103	-0.002204
2298	45.96	1.102	-0.002206
2299	45.98	1.101	-0.00221
2300	46	1.1	-0.002213
2301	46.02	1.099	-0.002216
2302	46.04	1.098	-0.002218
2303	46.06	1.097	-0.002221
2304	46.08	1.096	-0.002224
2305	46.1	1.095	-0.002227
2306	46.12	1.094	-0.002229
2307	46.14	1.093	-0.002232
2308	46.16	1.092	-0.002234
2309	46.18	1.091	-0.002236
2310	46.2	1.09	-0.002238
2311	46.22	1.089	-0.002241
2312	46.24	1.088	-0.002244
2313	46.26	1.087	-0.002246
2314	46.28	1.086	-0.002249
2315	46.3	1.085	-0.002252
2316	46.32	1.084	-0.002254
2317	46.34	1.083	-0.002257
2318	46.36	1.082	-0.00226
2319	46.38	1.081	-0.002263
2320	46.4	1.08	-0.002265
2321	46.42	1.079	-0.002267
2322	46.44	1.078	-0.00227
2323	46.46	1.077	-0.002273
2324	46.48	1.076	-0.002276
2325	46.5	1.075	-0.002279
2326	46.52	1.074	-0.002282
2327	46.54	1.073	-0.002285
2328	46.56	1.072	-0.002287
2329	46.58	1.071	-0.002289
2330	46.6	1.07	-0.002293
2331	46.62	1.069	-0.002295
2332	46.64	1.068	-0.002297
2333	46.66	1.067	-0.0023
2334	46.68	1.066	-0.002303
2335	46.7	1.065	-0.002306
2336	46.72	1.064	-0.002308
2337	46.74	1.063	-0.00231
2338	46.76	1.062	-0.002313
2339	46.78	1.061	-0.002316
2340	46.8	1.06	-0.002318
2341	46.82	1.059	-0.00232
2342	46.84	1.058	-0.002323
2343	46.86	1.057	-0.002326
2344	46.88	1.056	-0.002328
2345	46.9	1.055	-0.00233
2346	46.92	1.054	-0.002332
2347	46.94	1.053	-0.002335
2348	46.96	1.052	-0.002338
2349	46.98	1.051	-0.002341
2350	47	1.05	-0.002343
2351	47.02	1.049	-0.002345
2352	47.04	1.048	-0.002347
2353	47.06	1.047	-0.00235
2354	47.08	1.046	-0.002353
2355	47.1	1.045	-0.002355
2356	47.12	1.044	-0.002358
2357	47.14	1.043	-0.00236
2358	47.16	1.042	-0.002363
2359	47.18	1.041	-0.002365
2360	47.2	1.04	-0.002368
2361	47.22	1.039	-0.00237
2362	47.24	1.038	-0.002373
2363	47.26	1.037	-0.002375
2364	47.28	1.036	-0.002378
2365	47.3	1.035	-0.002381
2366	47.32	1.034	-0.002382
2367	47.34	1.033	-0.002385
2368	47.36	1.032	-0.002389
2369	47.38	1.031	-0.002391
2370	47.4	1.03	-0.002394
2371	47.42	1.029	-0.002397
2372	47.44	1.028	-0.002399
2373	47.46	1.027	-0.002401
2374	47.48	1.026	-0.002403
2375	47.5	1.025	-0.002405
2376	47.52	1.024	-0.002407
2377	47.54	1.023	-0.002411
2378	47.56	1.022	-0.002414
2379	47.58	1.021	-0.002417
2380	47.6	1.02	-0.002419
2381	47.62	1.019	-0.002422
2382	47.64	1.018	-0.002424
2383	47.66	1.017	-0.002427
2384	47.68	1.016	-0.002429
2385	47.7	1.015	-0.002431
2386	47.72	1.014	-0.002434
2387	47.74	1.013	-0.002437
2388	47.76	1.012	-0.002439
2389	47.78	1.011	-0.002441
2390	47.8	1.01	-0.002444
2391	47.82	1.009	-0.002446
2392	47.84	1.008	-0.002448
2393	47.86	1.007	-0.00245
2394	47.88	1.006	-0.002453
2395	47.9	1.005	-0.002456
2396	47.92	1.004	-0.002458
2397	47.94	1.003	-0.002461
2398	47.96	1.002	-0.002462
2399	47.98	1.001	-0.002466
2400	48	1	-0.002469
2401	48.02	0.999	-0.002471
2402	48.04	0.998	-0.002472
2403	48.06	0.997	-0.002475
2404	48.08	0.996	-0.002478
2405	48.1	0.995	-0.00248
2406	48.12	0.994	-0.002483
2407	48.14	0.993	-0.002485
2408	48.16	0.992	-0.002488
2409	48.18	0.991	-0.002491
2410	48.2	0.99	-0.002493
2411	48.22	0.989	-0.002497
2412	48.24	0.988	-0.002499
2413	48.26	0.987	-0.002502
2414	48.28	0.986	-0.002504
2415	48.3	0.985	-0.002507
2416	48.32	0.984	-0.002509
2417	48.34	0.983	-0.002512
2418	48.36	0.982	-0.002515
2419	48.38	0.981	-0.002518
2420	48.4	0.98	-0.002519
2421	48.42	0.979	-0.002523
2422	48.44	0.978	-0.002524
2423	48.46	0.977	-0.002527
2424	48.48	0.976	-0.002528
2425	48.5	0.975	-0.002531
2426	48.52	0.974	-0.002534
2427	48.54	0.973	-0.002537
2428	48.56	0.972	-0.002539
2429	48.58	0.971	-0.002542
2430	48.6	0.97	-0.002544
2431	48.62	0.969	-0.002546
2432	48.64	0.968	-0.002549
2433	48.66	0.967	-0.002552
2434	48.68	0.966	-0.002554
2435	48.7	0.965	-0.002557
2436	48.72	0.964	-0.00256
2437	48.74	0.963	-0.002563
2438	48.76	0.962	-0.002564
2439	48.78	0.961	-0.002568
2440	48.8	0.96	-0.002571
2441	48.82	0.959	-0.002573
2442	48.84	0.958	-0.002575
2443	48.86	0.957	-0.002578
2444	48.88	0.956	-0.002579
2445	48.9	0.955	-0.002581
2446	48.92	0.954	-0.002584
2447	48.94	0.953	-0.002586
2448	48.96	0.952	-0.002589
2449	48.98	0.951	-0.002592
2450	49	0.95	-0.002594
2451	49.02	0.949	-0.002598
2452	49.04	0.948	-0.0026
2453	49.06	0.947	-0.002603
2454	49.08	0.946	-0.002605
2455	49.1	0.945	-0.002607
2456	49.12	0.944	-0.00261
2457	49.14	0.943	-0.002613
2458	49.16	0.942	-0.002615
2459	49.18	0.941	-0.002618
2460	49.2	0.94	-0.00262
2461	49.22	0.939	-0.002624
2462	49.24	0.938	-0.002625
2463	49.26	0.937	-0.002627
2464	49.28	0.936	-0.00263
2465	49.3	0.935	-0.002632
2466	49.32	0.934	-0.002634
2467	49.34	0.933	-0.002638
2468	49.36	0.932	-0.00264
2469	49.38	0.931	-0.002643
2470	49.4	0.93	-0.002645
2471	49.42	0.929	-0.002648
2472	49.44	0.928	-0.00265
2473	49.46	0.927	-0.002652
2474	49.48	0.926	-0.002655
2475	49.5	0.925	-0.002657
2476	49.52	0.924	-0.00266
2477	49.54	0.923	-0.002663
2478	49.56	0.922	-0.002665
2479	49.58	0.921	-0.00267
2480	49.6	0.92	-0.002672
2481	49.62	0.919	-0.002675
2482	49.64	0.918	-0.002677
2483	49.66	0.917	-0.002679
2484	49.68	0.916	-0.002681
2485	49.7	0.915	-0.002684
2486	49.72	0.914	-0.002687
2487	49.74	0.913	-0.00269
2488	49.76	0.912	-0.002692
2489	49.78	0.911	-0.002696
2490	49.8	0.91	-0.002698
2491	49.82	0.909	-0.0027
2492	49.84	0.908	-0.002703
2493	49.86	0.907	-0.002705
2494	49.88	0.906	-0.002708
2495	49.9	0.905	-0.00271
2496	49.92	0.904	-0.002713
2497	49.94	0.903	-0.002715
2498	49.96	0.902	-0.002717
2499	49.98	0.901	-0.002719
2500	50	0.9	-0.002722
2501	50.02	0.899	-0.002725
2502	50.04	0.898	-0.002726
2503	50.06	0.897	-0.002729
2504	50.08	0.896	-0.002732
2505	50.1	0.895	-0.002734
2506	50.12	0.894	-0.002736
2507	50.14	0.893	-0.002739
2508	50.16	0.892	-0.002741
2509	50.18	0.891	-0.002744
2510	50.2	0.89	-0.002747
2511	50.22	0.889	-0.002748
2512	50.24	0.888	-0.002751
2513	50.26	0.887	-0.002754
2514	50.28	0.886	-0.002757
2515	50.3	0.885	-0.002759
2516	50.32	0.884	-0.002761
2517	50.34	0.883	-0.002763
2518	50.36	0.882	-0.002766
2519	50.38	0.881	-0.002768
2520	50.4	0.88	-0.002771
2521	50.42	0.879	-0.002774
2522	50.44	0.878	-0.002776
2523	50.46	0.877	-0.002779
2524	50.48	0.876	-0.002782
2525	50.5	0.875	-0.002783
2526	50.52	0.874	-0.002785
2527	50.54	0.873	-0.002788
2528	50.56	0.872	-0.00279
2529	50.58	0.871	-0.002793
2530	50.6	0.87	-0.002796
2531	50.62	0.869	-0.002799
2532	50.64	0.868	-0.002801
2533	50.66	0.867	-0.002803
2534	50.68	0.866	-0.002806
2535	50.7	0.865	-0.002808
2536	50.72	0.864	-0.002811
2537	50.74	0.863	-0.002813
2538	50.76	0.862	-0.002814
2539	50.78	0.861	-0.002816
2540	50.8	0.86	-0.002819
2541	50.82	0.859	-0.002822
2542	50.84	0.858	-0.002825
2543	50.86	0.857	-0.002826
2544	50.88	0.856	-0.002829
2545	50.9	0.855	-0.002831
2546	50.92	0.854	-0.002833
2547	50.94	0.853	-0.002836
2548	50.96	0.852	-0.002838
2549	50.98	0.851	-0.00284
2550	51	0.85	-0.002843
2551	51.02	0.849	-0.002845
2552	51.04	0.848	-0.002846
2553	51.06	0.847	-0.002849
2554	51.08	0.846	-0.002851
2555	51.1	0.845	-0.002853
2556	51.12	0.844	-0.002856
2557	51.14	0.843	-0.002859
2558	51.16	0.842	-0.00286
2559	51.18	0.841	-0.002863
2560	51.2	0.84	-0.002865
2561	51.22	0.839	-0.002868
2562	51.24	0.838	-0.00287
2563	51.26	0.837	-0.002872
2564	51.28	0.836	-0.002874
2565	51.3	0.835	-0.002876
2566	51.32	0.834	-0.002879
2567	51.34	0.833	-0.002881
2568	51.36	0.832	-0.002883
2569	51.38	0.831	-0.002885
2570	51.4	0.83	-0.002887
2571	51.42	0.829	-0.002889
2572	51.44	0.828	-0.002891
2573	51.46	0.827	-0.002893
2574	51.48	0.826	-0.002895
2575	51.5	0.825	-0.002897
2576	51.52	0.824	-0.002899
2577	51.54	0.823	-0.002901
2578	51.56	0.822	-0.002904
2579	51.58	0.821	-0.002906
2580	51.6	0.82	-0.002907
2581	51.62	0.819	-0.00291
2582	51.64	0.818	-0.002914
2583	51.66	0.817	-0.002915
2584	51.68	0.816	-0.002918
2585	51.7	0.815	-0.00292
2586	51.72	0.814	-0.002922
2587	51.74	0.813	-0.002923
2588	51.76	0.812	-0.002925
2589	51.78	0.811	-0.002927
2590	51.8	0.81	-0.00293
2591	51.82	0.809	-0.002932
2592	51.84	0.808	-0.002935
2593	51.86	0.807	-0.002936
2594	51.88	0.806	-0.002937
2595	51.9	0.805	-0.00294
2596	51.92	0.804	-0.002942
2597	51.94	0.803	-0.002944
2598	51.96	0.802	-0.002946
2599	51.98	0.801	-0.002948
2600	52	0.8	-0.00295
2601	52.02	0.799	-0.002952
2602	52.04	0.798	-0.002954
2603	52.06	0.797	-0.002956
2604	52.08	0.796	-0.002958
2605	52.1	0.795	-0.002959
2606	52.12	0.794	-0.00296
2607	52.14	0.793	-0.002963
2608	52.16	0.792	-0.002964
2609	52.18	0.791	-0.002967
2610	52.2	0.79	-0.002969
2611	52.22	0.789	-0.002971
2612	52.24	0.788	-0.002973
2613	52.26	0.787	-0.002975
2614	52.28	0.786	-0.002976
2615	52.3	0.785	-0.002978
2616	52.32	0.784	-0.002981
2617	52.34	0.783	-0.002982
2618	52.36	0.782	-0.002983
2619	52.38	0.781	-0.002985
2620	52.4	0.78	-0.002987
2621	52.42	0.779	-0.00299
2622	52.44	0.778	-0.002992
2623	52.46	0.777	-0.002992
2624	52.48	0.776	-0.002994
2625	52.5	0.775	-0.002995
2626	52.52	0.774	-0.002998
2627	52.54	0.773	-0.003
2628	52.56	0.772	-0.003001
2629	52.58	0.771	-0.003002
2630	52.6	0.77	-0.003003
2631	52.62	0.769	-0.003005
2632	52.64	0.768	-0.003007
2633	52.66	0.767	-0.003009
2634	52.68	0.766	-0.003011
2635	52.7	0.765	-0.003012
2636	52.72	0.764	-0.003014
2637	52.74	0.763	-0.003016
2638	52.76	0.762	-0.003018
2639	52.78	0.761	-0.00302
2640	52.8	0.76	-0.003021
2641	52.82	0.759	-0.003023
2642	52.84	0.758	-0.003025
2643	52.86	0.757	-0.003026
2644	52.88	0.756	-0.003028
2645	52.9	0.755	-0.00303
2646	52.92	0.754	-0.003032
2647	52.94	0.753	-0.003034
2648	52.96	0.752	-0.003035
2649	52.98	0.751	-0.003037
2650	53	0.75	-0.003038
2651	53.02	0.749	-0.00304
2652	53.04	0.748	-0.003042
2653	53.06	0.747	-0.003043
2654	53.08	0.746	-0.003046
2655	53.1	0.745	-0.003048
2656	53.12	0.744	-0.003048
2657	53.14	0.743	-0.00305
2658	53.16	0.742	-0.003052
2659	53.18	0.741	-0.003053
2660	53.2	0.74	-0.003055
2661	53.22	0.739	-0.003055
2662	53.24	0.738	-0.003057
2663	53.26	0.737	-0.003058
2664	53.28	0.736	-0.00306
2665	53.3	0.735	-0.003061
2666	53.32	0.734	-0.003062
2667	53.34	0.733	-0.003064
2668	53.36	0.732	-0.003066
2669	53.38	0.731	-0.003067
2670	53.4	0.73	-0.003068
2671	53.42	0.729	-0.003071
2672	53.44	0.728	-0.003072
2673	53.46	0.727	-0.003073
2674	53.48	0.726	-0.003075
2675	53.5	0.725	-0.003078
2676	53.52	0.724	-0.003079
2677	53.54	0.723	-0.00308
2678	53.56	0.722	-0.003082
2679	53.58	0.721	-0.003083
2680	53.6	0.72	-0.003084
2681	53.62	0.719	-0.003086
2682	53.64	0.718	-0.003086
2683	53.66	0.717	-0.003089
2684	53.68	0.716	-0.003091
2685	53.7	0.715	-0.003093
2686	53.72	0.714	-0.003094
2687	53.74	0.713	-0.003096
2688	53.76	0.712	-0.003096
2689	53.78	0.711	-0.003098
2690	53.8	0.71	-0.0031
2691	53.82	0.709	-0.003101
2692	53.84	0.708	-0.003101
2693	53.86	0.707	-0.003103
2694	53.88	0.706	-0.003105
2695	53.9	0.705	-0.003106
2696	53.92	0.704	-0.003107
2697	53.94	0.703	-0.003109
2698	53.96	0.702	-0.003111
2699	53.98	0.701	-0.003112
2700	54	0.7	-0.003113
2701	54.02	0.699	-0.003114
2702	54.04	0.698	-0.003115
2703	54.06	0.697	-0.003116
2704	54.08	0.696	-0.003118
2705	54.1	0.695	-0.003119
2706	54.12	0.694	-0.003119
2707	54.14	0.693	-0.003121
2708	54.16	0.692	-0.003123
2709	54.18	0.691	-0.003124
2710	54.2	0.69	-0.003125
2711	54.22	0.689	-0.003126
2712	54.24	0.688	-0.003128
2713	54.26	0.687	-0.003129
2714	54.28	0.686	-0.003131
2715	54.3	0.685	-0.003132
2716	54.32	0.684	-0.003133
2717	54.34	0.683	-0.003135
2718	54.36	0.682	-0.003136
2719	54.38	0.681	-0.003137
2720	54.4	0.68	-0.003138
2721	54.42	0.679	-0.003139
2722	54.44	0.678	-0.003141
2723	54.46	0.677	-0.003143
2724	54.48	0.676	-0.003143
2725	54.5	0.675	-0.003145
2726	54.52	0.674	-0.003147
2727	54.54	0.673	-0.003148
2728	54.56	0.672	-0.003148
2729	54.58	0.671	-0.00315
2730	54.6	0.67	-0.00315
2731	54.62	0.669	-0.003153
2732	54.64	0.668	-0.003154
2733	54.66	0.667	-0.003154
2734	54.68	0.666	-0.003156
2735	54.7	0.665	-0.003157
2736	54.72	0.664	-0.003158
2737	54.74	0.663	-0.003159
2738	54.76	0.662	-0.00316
2739	54.78	0.661	-0.003161
2740	54.8	0.66	-0.003162
2741	54.82	0.659	-0.003163
2742	54.84	0.658	-0.003165
2743	54.86	0.657	-0.003166
2744	54.88	0.656	-0.003167
2745	54.9	0.655	-0.003167
2746	54.92	0.654	-0.003169
2747	54.94	0.653	-0.003171
2748	54.96	0.652	-0.003173
2749	54.98	0.651	-0.003173
2750	55	0.65	-0.003174
2751	55.02	0.649	-0.003175
2752	55.04	0.648	-0.003177
2753	55.06	0.647	-0.003178
2754	55.08	0.646	-0.003179
2755	55.1	0.645	-0.00318
2756	55.12	0.644	-0.003182
2757	55.14	0.643	-0.003183
2758	55.16	0.642	-0.003184
2759	55.18	0.641	-0.003185
2760	55.2	0.64	-0.003186
2761	55.22	0.639	-0.003187
2762	55.24	0.638	-0.003188
2763	55.26	0.637	-0.003189
2764	55.28	0.636	-0.003189
2765	55.3	0.635	-0.00319
2766	55.32	0.634	-0.003191
2767	55.34	0.633	-0.003192
2768	55.36	0.632	-0.003194
2769	55.38	0.631	-0.003196
2770	55.4	0.63	-0.003196
2771	55.42	0.629	-0.003197
2772	55.44	0.628	-0.003198
2773	55.46	0.627	-0.003199
2774	55.48	0.626	-0.0032
2775	55.5	0.625	-0.003201
2776	55.52	0.624	-0.003202
2777	55.54	0.623	-0.003203
2778	55.56	0.622	-0.003204
2779	55.58	0.621	-0.003205
2780	55.6	0.62	-0.003206
2781	55.62	0.619	-0.003207
2782	55.64	0.618	-0.003207
2783	55.66	0.617	-0.003207
2784	55.68	0.616	-0.003209
2785	55.7	0.615	-0.00321
2786	55.72	0.614	-0.003211
2787	55.74	0.613	-0.003214
2788	55.76	0.612	-0.003214
2789	55.78	0.611	-0.003215
2790	55.8	0.61	-0.003216
2791	55.82	0.609	-0.003217
2792	55.84	0.608	-0.003217
2793	55.86	0.607	-0.003218
2794	55.88	0.606	-0.003219
2795	55.9	0.605	-0.003219
2796	55.92	0.604	-0.00322
2797	55.94	0.603	-0.003222
2798	55.96	0.602	-0.003222
2799	55.98	0.601	-0.003223
2800	56	0.6	-0.003224
2801	56.02	0.599	-0.003225
2802	56.04	0.598	-0.003226
2803	56.06	0.597	-0.003227
2804	56.08	0.596	-0.003227
2805	56.1	0.595	-0.003227
2806	56.12	0.594	-0.003227
2807	56.14	0.593	-0.003228
2808	56.16	0.592	-0.003229
2809	56.18	0.591	-0.00323
2810	56.2	0.59	-0.003231
2811	56.22	0.589	-0.003231
2812	56.24	0.588	-0.003233
2813	56.26	0.587	-0.003233
2814	56.28	0.586	-0.003234
2815	56.3	0.585	-0.003235
2816	56.32	0.584	-0.003236
2817	56.34	0.583	-0.003236
2818	56.36	0.582	-0.003238
2819	56.38	0.581	-0.003239
2820	56.4	0.58	-0.003239
2821	56.42	0.579	-0.00324
2822	56.44	0.578	-0.003241
2823	56.46	0.577	-0.003242
2824	56.48	0.576	-0.003242
2825	56.5	0.575	-0.003244
2826	56.52	0.574	-0.003244
2827	56.54	0.573	-0.003245
2828	56.56	0.572	-0.003246
2829	56.58	0.571	-0.003246
2830	56.6	0.57	-0.003247
2831	56.62	0.569	-0.003247
2832	56.64	0.568	-0.003247
2833	56.66	0.567	-0.003248
2834	56.68	0.566	-0.003249
2835	56.7	0.565	-0.003249
2836	56.72	0.564	-0.00325
2837	56.74	0.563	-0.003252
2838	56.76	0.562	-0.003252
2839	56.78	0.561	-0.003253
2840	56.8	0.56	-0.003254
2841	56.82	0.559	-0.003255
2842	56.84	0.558	-0.003254
2843	56.86	0.557	-0.003255
2844	56.88	0.556	-0.003255
2845	56.9	0.555	-0.003256
2846	56.92	0.554	-0.003257
2847	56.94	0.553	-0.003257
2848	56.96	0.552	-0.003258
2849	56.98	0.551	-0.003259
2850	57	0.55	-0.00326
2851	57.02	0.549	-0.003261
2852	57.04	0.548	-0.003261
2853	57.06	0.547	-0.003262
2854	57.08	0.546	-0.003264
2855	57.1	0.545	-0.003264
2856	57.12	0.544	-0.003265
2857	57.14	0.543	-0.003266
2858	57.16	0.542	-0.003266
2859	57.18	0.541	-0.003266
2860	57.2	0.54	-0.003267
2861	57.22	0.539	-0.003268
2862	57.24	0.538	-0.003269
2863	57.26	0.537	-0.003268
2864	57.28	0.536	-0.003269
2865	57.3	0.535	-0.003271
2866	57.32	0.534	-0.00327
2867	57.34	0.533	-0.003272
2868	57.36	0.532	-0.003272
2869	57.38	0.531	-0.003273
2870	57.4	0.53	-0.003274
2871	57.42	0.529	-0.003274
2872	57.44	0.528	-0.003275
2873	57.46	0.527	-0.003276
2874	57.48	0.526	-0.003276
2875	57.5	0.525	-0.003277
2876	57.52	0.524	-0.003277
2877	57.54	0.523	-0.003277
2878	57.56	0.522	-0.003279
2879	57.58	0.521	-0.003279
2880	57.6	0.52	-0.00328
2881	57.62	0.519	-0.003281
2882	57.64	0.518	-0.003282
2883	57.66	0.517	-0.003283
2884	57.68	0.516	-0.003283
2885	57.7	0.515	-0.003284
2886	57.72	0.514	-0.003285
2887	57.74	0.513	-0.003285
2888	57.76	0.512	-0.003287
2889	57.78	0.511	-0.003288
2890	57.8	0.51	-0.003289
2891	57.82	0.509	-0.003289
2892	57.84	0.508	-0.00329
2893	57.86	0.507	-0.00329
2894	57.88	0.506	-0.003291
2895	57.9	0.505	-0.003292
2896	57.92	0.504	-0.003292
2897	57.94	0.503	-0.003293
2898	57.96	0.502	-0.003293
2899	57.98	0.501	-0.003293
2900	58	0.5	-0.003294
2901	58.02	0.499	-0.003295
2902	58.04	0.498	-0.003297
2903	58.06	0.497	-0.003297
2904	58.08	0.496	-0.003298
2905	58.1	0.495	-0.003299
2906	58.12	0.494	-0.003299
2907	58.14	0.493	-0.0033
2908	58.16	0.492	-0.0033
2909	58.18	0.491	-0.003301
2910	58.2	0.49	-0.003303
2911	58.22	0.489	-0.003302
2912	58.24	0.488	-0.003303
2913	58.26	0.487	-0.003303
2914	58.28	0.486	-0.003305
2915	58.3	0.485	-0.003306
2916	58.32	0.484	-0.003306
2917	58.34	0.483	-0.003307
2918	58.36	0.482	-0.003308
2919	58.38	0.481	-0.003309
2920	58.4	0.48	-0.003308
2921	58.42	0.479	-0.003309
2922	58.44	0.478	-0.00331
2923	58.46	0.477	-0.00331
2924	58.48	0.476	-0.003311
2925	58.5	0.475	-0.003312
2926	58.52	0.474	-0.003312
2927	58.54	0.473	-0.003313
2928	58.56	0.472	-0.003314
2929	58.58	0.471	-0.003315
2930	58.6	0.47	-0.003315
2931	58.62	0.469	-0.003316
2932	58.64	0.468	-0.003317
2933	58.66	0.467	-0.003318
2934	58.68	0.466	-0.003318
2935	58.7	0.465	-0.00332
2936	58.72	0.464	-0.003321
2937	58.74	0.463	-0.003322
2938	58.76	0.462	-0.003323
2939	58.78	0.461	-0.003324
2940	58.8	0.46	-0.003325
2941	58.82	0.459	-0.003326
2942	58.84	0.458	-0.003326
2943	58.86	0.457	-0.003328
2944	58.88	0.456	-0.003328
2945	58.9	0.455	-0.003329
2946	58.92	0.454	-0.00333
2947	58.94	0.453	-0.003331
2948	58.96	0.452	-0.00333
2949	58.98	0.451	-0.003331
2950	59	0.45	-0.003332
2951	59.02	0.449	-0.003333
2952	59.04	0.448	-0.003334
2953	59.06	0.447	-0.003334
2954	59.08	0.446	-0.003335
2955	59.1	0.445	-0.003336
2956	59.12	0.444	-0.003338
2957	59.14	0.443	-0.003338
2958	59.16	0.442	-0.003339
2959	59.18	0.441	-0.003339
2960	59.2	0.44	-0.00334
2961	59.22	0.439	-0.00334
2962	59.24	0.438	-0.003343
2963	59.26	0.437	-0.003343
2964	59.28	0.436	-0.003344
2965	59.3	0.435	-0.003345
2966	59.32	0.434	-0.003346
2967	59.34	0.433	-0.003347
2968	59.36	0.432	-0.003347
2969	59.38	0.431	-0.003349
2970	59.4	0.43	-0.00335
2971	59.42	0.429	-0.003351
2972	59.44	0.428	-0.003352
2973	59.46	0.427	-0.003354
2974	59.48	0.426	-0.003354
2975	59.5	0.425	-0.003355
2976	59.52	0.424	-0.003356
2977	59.54	0.423	-0.003358
2978	59.56	0.422	-0.003359
2979	59.58	0.421	-0.00336
2980	59.6	0.42	-0.003362
2981	59.62	0.419	-0.003363
2982	59.64	0.418	-0.003364
2983	59.66	0.417	-0.003365
2984	59.68	0.416	-0.003366
2985	59.7	0.415	-0.003367
2986	59.72	0.414	-0.003367
2987	59.74	0.413	-0.003367
2988	59.76	0.412	-0.003369
2989	59.78	0.411	-0.00337
2990	59.8	0.41	-0.003371
2991	59.82	0.409	-0.003374
2992	59.84	0.408	-0.003375
2993	59.86	0.407	-0.003376
2994	59.88	0.406	-0.003377
2995	59.9	0.405	-0.003378
2996	59.92	0.404	-0.003379
2997	59.94	0.403	-0.003381
2998	59.96	0.402	-0.003381
2999	59.98	0.401	-0.003383
3000	60	0.4	-0.003383
3001	60.02	0.399	-0.003385
3002	60.04	0.398	-0.003385
3003	60.06	0.397	-0.003387
3004	60.08	0.396	-0.003388
3005	60.1	0.395	-0.003389
3006	60.12	0.394	-0.003391
3007	60.14	0.393	-0.003392
3008	60.16	0.392	-0.003393
3009	60.18	0.391	-0.003394
3010	60.2	0.39	-0.003395
3011	60.22	0.389	-0.003396
3012	60.24	0.388	-0.003398
3013	60.26	0.387	-0.003398
3014	60.28	0.386	-0.0034
3015	60.3	0.385	-0.003401
3016	60.32	0.384	-0.003402
3017	60.34	0.383	-0.003403
3018	60.36	0.382	-0.003406
3019	60.38	0.381	-0.003407
3020	60.4	0.38	-0.003408
3021	60.42	0.379	-0.00341
3022	60.44	0.378	-0.00341
3023	60.46	0.377	-0.003413
3024	60.48	0.376	-0.003413
3025	60.5	0.375	-0.003415
3026	60.52	0.374	-0.003416
3027	60.54	0.373	-0.003417
3028	60.56	0.372	-0.003419
3029	60.58	0.371	-0.00342
3030	60.6	0.37	-0.003422
3031	60.62	0.369	-0.003424
3032	60.64	0.368	-0.003425
3033	60.66	0.367	-0.003426
3034	60.68	0.366	-0.003427
3035	60.7	0.365	-0.00343
3036	60.72	0.364	-0.003432
3037	60.74	0.363	-0.003434
3038	60.76	0.362	-0.003434
3039	60.78	0.361	-0.003436
3040	60.8	0.36	-0.003438
3041	60.82	0.359	-0.003439
3042	60.84	0.358	-0.003441
3043	60.86	0.357	-0.003443
3044	60.88	0.356	-0.003444
3045	60.9	0.355	-0.003444
3046	60.92	0.354	-0.003446
3047	60.94	0.353	-0.003448
3048	60.96	0.352	-0.00345
3049	60.98	0.351	-0.003451
3050	61	0.35	-0.003453
3051	61.02	0.349	-0.003455
3052	61.04	0.348	-0.003456
3053	61.06	0.347	-0.003458
3054	61.08	0.346	-0.003459
3055	61.1	0.345	-0.003461
3056	61.12	0.344	-0.003462
3057	61.14	0.343	-0.003465
3058	61.16	0.342	-0.003466
3059	61.18	0.341	-0.003468
3060	61.2	0.34	-0.00347
3061	61.22	0.339	-0.003471
3062	61.24	0.338	-0.003475
3063	61.26	0.337	-0.003476
3064	61.28	0.336	-0.003478
3065	61.3	0.335	-0.003478
3066	61.32	0.334	-0.00348
3067	61.34	0.333	-0.003483
3068	61.36	0.332	-0.003485
3069	61.38	0.331	-0.003486
3070	61.4	0.33	-0.003489
3071	61.42	0.329	-0.003492
3072	61.44	0.328	-0.003493
3073	61.46	0.327	-0.003495
3074	61.48	0.326	-0.003497
3075	61.5	0.325	-0.0035
3076	61.52	0.324	-0.003502
3077	61.54	0.323	-0.003504
3078	61.56	0.322	-0.003506
3079	61.58	0.321	-0.003508
3080	61.6	0.32	-0.00351
3081	61.62	0.319	-0.003514
3082	61.64	0.318	-0.003516
3083	61.66	0.317	-0.003518
3084	61.68	0.316	-0.00352
3085	61.7	0.315	-0.003523
3086	61.72	0.314	-0.003526
3087	61.74	0.313	-0.003528
3088	61.76	0.312	-0.00353
3089	61.78	0.311	-0.003532
3090	61.8	0.31	-0.003535
3091	61.82	0.309	-0.003538
3092	61.84	0.308	-0.00354
3093	61.86	0.307	-0.003543
3094	61.88	0.306	-0.003546
3095	61.9	0.305	-0.003548
3096	61.92	0.304	-0.003551
3097	61.94	0.303	-0.003553
3098	61.96	0.302	-0.003555
3099	61.98	0.301	-0.003558
3100	62	0.3	-0.003561
3101	62.02	0.299	-0.003563
3102	62.04	0.298	-0.003565
3103	62.06	0.297	-0.003569
3104	62.08	0.296	-0.003571
3105	62.1	0.295	-0.003574
3106	62.12	0.294	-0.003577
3107	62.14	0.293	-0.00358
3108	62.16	0.292	-0.003583
3109	62.18	0.291	-0.003586
3110	62.2	0.29	-0.003588
3111	62.22	0.289	-0.003591
3112	62.24	0.288	-0.003594
3113	62.26	0.287	-0.003597
3114	62.28	0.286	-0.0036
3115	62.3	0.285	-0.003604
3116	62.32	0.284	-0.003606
3117	62.34	0.283	-0.003609
3118	62.36	0.282	-0.003611
3119	62.38	0.281	-0.003615
3120	62.4	0.28	-0.00362
3121	62.42	0.279	-0.003623
3122	62.44	0.278	-0.003626
3123	62.46	0.277	-0.003629
3124	62.48	0.276	-0.003632
3125	62.5	0.275	-0.003635
3126	62.52	0.274	-0.003638
3127	62.54	0.273	-0.003641
3128	62.56	0.272	-0.003644
3129	62.58	0.271	-0.003648
3130	62.6	0.27	-0.003652
3131	62.62	0.269	-0.003654
3132	62.64	0.268	-0.003658
3133	62.66	0.267	-0.003662
3134	62.68	0.266	-0.003665
3135	62.7	0.265	-0.003669
3136	62.72	0.264	-0.003672
3137	62.74	0.263	-0.003676
3138	62.76	0.262	-0.00368
3139	62.78	0.261	-0.003684
3140	62.8	0.26	-0.003689
3141	62.82	0.259	-0.003693
3142	62.84	0.258	-0.003696
3143	62.86	0.257	-0.003699
3144	62.88	0.256	-0.003704
3145	62.9	0.255	-0.003708
3146	62.92	0.254	-0.003713
3147	62.94	0.253	-0.003717
3148	62.96	0.252	-0.00372
3149	62.98	0.251	-0.003724
3150	63	0.25	-0.003728
3151	63.02	0.249	-0.003733
3152	63.04	0.248	-0.003737
3153	63.06	0.247	-0.003741
3154	63.08	0.246	-0.003745
3155	63.1	0.245	-0.003749
3156	63.12	0.244	-0.003753
3157	63.14	0.243	-0.003758
3158	63.16	0.242	-0.003763
3159	63.18	0.241	-0.003768
3160	63.2	0.24	-0.003772
3161	63.22	0.239	-0.003777
3162	63.24	0.238	-0.003782
3163	63.26	0.237	-0.003785
3164	63.28	0.236	-0.00379
3165	63.3	0.235	-0.003796
3166	63.32	0.234	-0.003801
3167	63.34	0.233	-0.003805
3168	63.36	0.232	-0.003811
3169	63.38	0.231	-0.003814
3170	63.4	0.23	-0.00382
3171	63.42	0.229	-0.003826
3172	63.44	0.228	-0.00383
3173	63.46	0.227	-0.003835
3174	63.48	0.226	-0.00384
3175	63.5	0.225	-0.003845
3176	63.52	0.224	-0.003851
3177	63.54	0.223	-0.003856
3178	63.56	0.222	-0.003862
3179	63.58	0.221	-0.003867
3180	63.6	0.22	-0.003873
3181	63.62	0.219	-0.003879
3182	63.64	0.218	-0.003885
3183	63.66	0.217	-0.003891
3184	63.68	0.216	-0.003896
3185	63.7	0.215	-0.003902
3186	63.72	0.214	-0.003909
3187	63.74	0.213	-0.003915
3188	63.76	0.212	-0.003921
3189	63.78	0.211	-0.003927
3190	63.8	0.21	-0.003933
3191	63.82	0.209	-0.00394
3192	63.84	0.208	-0.003946
3193	63.86	0.207	-0.003953
3194	63.88	0.206	-0.003959
3195	63.9	0.205	-0.003965
3196	63.92	0.204	-0.003973
3197	63.94	0.203	-0.00398
3198	63.96	0.202	-0.003987
3199	63.98	0.201	-0.003992
CURVE	TABLE	3200
Pt	T	Vf	Im
#	s	V vs. Ref.	A
0	0	0.2	-0.006705
1	0.01	0.201	-0.006464
2	0.02	0.202	-0.006244
3	0.03	0.203	-0.006044
4	0.04	0.204	-0.005861
5	0.05	0.205	-0.005686
6	0.06	0.206	-0.005527
7	0.07	0.207	-0.005374
8	0.08	0.208	-0.005232
9	0.09	0.209	-0.005094
10	0.1	0.21	-0.004965
11	0.11	0.211	-0.00484
12	0.12	0.212	-0.004722
13	0.13	0.213	-0.004608
14	0.14	0.214	-0.004498
15	0.15	0.215	-0.004392
16	0.16	0.216	-0.00429
17	0.17	0.217	-0.004191
18	0.18	0.218	-0.004097
19	0.19	0.219	-0.004002
20	0.2	0.22	-0.003912
21	0.21	0.221	-0.003824
22	0.22	0.222	-0.003739
23	0.23	0.223	-0.003655
24	0.24	0.224	-0.003576
25	0.25	0.225	-0.003497
26	0.26	0.226	-0.003422
27	0.27	0.227	-0.003347
28	0.28	0.228	-0.003276
29	0.29	0.229	-0.003205
30	0.3	0.23	-0.003137
31	0.31	0.231	-0.003069
32	0.32	0.232	-0.003005
33	0.33	0.233	-0.00294
34	0.34	0.234	-0.002879
35	0.35	0.235	-0.002817
36	0.36	0.236	-0.002758
37	0.37	0.237	-0.002699
38	0.38	0.238	-0.002642
39	0.39	0.239	-0.002586
40	0.4	0.24	-0.002532
41	0.41	0.241	-0.002478
42	0.42	0.242	-0.002425
43	0.43	0.243	-0.002373
44	0.44	0.244	-0.002323
45	0.45	0.245	-0.002273
46	0.46	0.246	-0.002224
47	0.47	0.247	-0.002175
48	0.48	0.248	-0.002129
49	0.49	0.249	-0.002082
50	0.5	0.25	-0.002037
51	0.51	0.251	-0.001992
52	0.52	0.252	-0.00195
53	0.53	0.253	-0.001906
54	0.54	0.254	-0.001864
55	0.55	0.255	-0.001822
56	0.56	0.256	-0.001781
57	0.57	0.257	-0.00174
58	0.58	0.258	-0.001701
59	0.59	0.259	-0.001662
60	0.6	0.26	-0.001625
61	0.61	0.261	-0.001588
62	0.62	0.262	-0.001551
63	0.63	0.263	-0.001515
64	0.64	0.264	-0.00148
65	0.65	0.265	-0.001445
66	0.66	0.266	-0.001411
67	0.67	0.267	-0.001377
68	0.68	0.268	-0.001345
69	0.69	0.269	-0.001311
70	0.7	0.27	-0.00128
71	0.71	0.271	-0.001248
72	0.72	0.272	-0.001217
73	0.73	0.273	-0.001187
74	0.74	0.274	-0.001157
75	0.75	0.275	-0.001128
76	0.76	0.276	-0.001098
77	0.77	0.277	-0.001071
78	0.78	0.278	-0.001042
79	0.79	0.279	-0.001015
80	0.8	0.28	-0.000988
81	0.81	0.281	-0.000962
82	0.82	0.282	-0.000935
83	0.83	0.283	-0.000908
84	0.84	0.284	-0.000882
85	0.85	0.285	-0.000859
86	0.86	0.286	-0.000833
87	0.87	0.287	-0.000811
88	0.88	0.288	-0.000787
89	0.89	0.289	-0.000763
90	0.9	0.29	-0.00074
91	0.91	0.291	-0.000718
92	0.92	0.292	-0.000695
93	0.93	0.293	-0.000674
94	0.94	0.294	-0.000653
95	0.95	0.295	-0.000632
96	0.96	0.296	-0.000611
97	0.97	0.297	-0.000591
98	0.98	0.298	-0.000571
99	0.99	0.299	-0.000553
100	1	0.3	-0.000534
101	1.01	0.301	-0.000517
102	1.02	0.302	-0.000498
103	1.03	0.303	-0.00048
104	1.04	0.304	-0.000463
105	1.05	0.305	-0.000447
106	1.06	0.306	-0.000429
107	1.07	0.307	-0.000414
108	1.08	0.308	-0.000396
109	1.09	0.309	-0.000382
110	1.1	0.31	-0.000365
111	1.11	0.311	-0.000352
112	1.12	0.312	-0.000337
113	1.13	0.313	-0.000323
114	1.14	0.314	-0.000309
115	1.15	0.315	-0.000297
116	1.16	0.316	-0.000284
117	1.17	0.317	-0.000272
118	1.18	0.318	-0.000258
119	1.19	0.319	-0.000247
120	1.2	0.32	-0.000235
121	1.21	0.321	-0.000225
122	1.22	0.322	-0.000213
123	1.23	0.323	-0.000204
124	1.24	0.324	-0.000192
125	1.25	0.325	-0.000184
126	1.26	0.326	-0.000173
127	1.27	0.327	-0.000164
128	1.28	0.328	-0.000155
129	1.29	0.329	-0.000146
130	1.3	0.33	-0.000137
131	1.31	0.331	-0.00013
132	1.32	0.332	-0.000122
133	1.33	0.333	-0.000117
134	1.34	0.334	-0.000108
135	1.35	0.335	-0.000103
136	1.36	0.336	-9.46e-05
137	1.37	0.337	-8.92e-05
138	1.38	0.338	-8.23e-05
139	1.39	0.339	-7.71e-05
140	1.4	0.34	-7.1e-05
141	1.41	0.341	-6.68e-05
142	1.42	0.342	-6.06e-05
143	1.43	0.343	-5.66e-05
144	1.44	0.344	-5.02e-05
145	1.45	0.345	-4.68e-05
146	1.46	0.346	-4.12e-05
147	1.47	0.347	-3.76e-05
148	1.48	0.348	-3.26e-05
149	1.49	0.349	-2.95e-05
150	1.5	0.35	-2.51e-05
151	1.51	0.351	-2.33e-05
152	1.52	0.352	-1.8e-05
153	1.53	0.353	-1.57e-05
154	1.54	0.354	-1.11e-05
155	1.55	0.355	-1.06e-05
156	1.56	0.356	-6.07e-06
157	1.57	0.357	-4.67e-06
158	1.58	0.358	-1.96e-06
159	1.59	0.359	5.52e-07
160	1.6	0.36	4.46e-06
161	1.61	0.361	5.07e-06
162	1.62	0.362	9.48e-06
163	1.63	0.363	9.58e-06
164	1.64	0.364	1.39e-05
165	1.65	0.365	1.42e-05
166	1.66	0.366	1.78e-05
167	1.67	0.367	1.89e-05
168	1.68	0.368	2.15e-05
169	1.69	0.369	2.26e-05
170	1.7	0.37	2.56e-05
171	1.71	0.371	2.55e-05
172	1.72	0.372	2.9e-05
173	1.73	0.373	2.91e-05
174	1.74	0.374	3.35e-05
175	1.75	0.375	3.31e-05
176	1.76	0.376	3.61e-05
177	1.77	0.377	3.67e-05
178	1.78	0.378	4.09e-05
179	1.79	0.379	4.06e-05
180	1.8	0.38	4.39e-05
181	1.81	0.381	4.42e-05
182	1.82	0.382	4.89e-05
183	1.83	0.383	4.99e-05
184	1.84	0.384	5.3e-05
185	1.85	0.385	5.5e-05
186	1.86	0.386	5.73e-05
187	1.87	0.387	5.94e-05
188	1.88	0.388	6.32e-05
189	1.89	0.389	6.51e-05
190	1.9	0.39	6.97e-05
191	1.91	0.391	7.23e-05
192	1.92	0.392	7.85e-05
193	1.93	0.393	7.98e-05
194	1.94	0.394	8.56e-05
195	1.95	0.395	8.84e-05
196	1.96	0.396	9.41e-05
197	1.97	0.397	9.67e-05
198	1.98	0.398	0.000105
199	1.99	0.399	0.00011
200	2	0.4	0.000117
201	2.01	0.401	0.000123
202	2.02	0.402	0.00013
203	2.03	0.403	0.000137
204	2.04	0.404	0.000146
205	2.05	0.405	0.000152
206	2.06	0.406	0.000162
207	2.07	0.407	0.000172
208	2.08	0.408	0.000181
209	2.09	0.409	0.000191
210	2.1	0.41	0.000202
211	2.11	0.411	0.000211
212	2.12	0.412	0.000221
213	2.13	0.413	0.000233
214	2.14	0.414	0.000246
215	2.15	0.415	0.000258
216	2.16	0.416	0.000271
217	2.17	0.417	0.000282
218	2.18	0.418	0.000296
219	2.19	0.419	0.000308
220	2.2	0.42	0.000321
221	2.21	0.421	0.000333
222	2.22	0.422	0.000346
223	2.23	0.423	0.00036
224	2.24	0.424	0.000373
225	2.25	0.425	0.000386
226	2.26	0.426	0.0004
227	2.27	0.427	0.000413
228	2.28	0.428	0.000427
229	2.29	0.429	0.00044
230	2.3	0.43	0.000454
231	2.31	0.431	0.000468
232	2.32	0.432	0.000482
233	2.33	0.433	0.000495
234	2.34	0.434	0.000509
235	2.35	0.435	0.000522
236	2.36	0.436	0.000536
237	2.37	0.437	0.000549
238	2.38	0.438	0.000564
239	2.39	0.439	0.000577
240	2.4	0.44	0.000591
241	2.41	0.441	0.000604
242	2.42	0.442	0.000619
243	2.43	0.443	0.000632
244	2.44	0.444	0.000648
245	2.45	0.445	0.00066
246	2.46	0.446	0.000675
247	2.47	0.447	0.000689
248	2.48	0.448	0.000703
249	2.49	0.449	0.000718
250	2.5	0.45	0.000733
251	2.51	0.451	0.000747
252	2.52	0.452	0.000763
253	2.53	0.453	0.000777
254	2.54	0.454	0.000793
255	2.55	0.455	0.000807
256	2.56	0.456	0.000822
257	2.57	0.457	0.000837
258	2.58	0.458	0.000853
259	2.59	0.459	0.000869
260	2.6	0.46	0.000884
261	2.61	0.461	0.0009
262	2.62	0.462	0.000916
263	2.63	0.463	0.000933
264	2.64	0.464	0.000949
265	2.65	0.465	0.000964
266	2.66	0.466	0.00098
267	2.67	0.467	0.000997
268	2.68	0.468	0.001013
269	2.69	0.469	0.001028
270	2.7	0.47	0.001046
271	2.71	0.471	0.001063
272	2.72	0.472	0.001081
273	2.73	0.473	0.001098
274	2.74	0.474	0.001115
275	2.75	0.475	0.001133
276	2.76	0.476	0.00115
277	2.77	0.477	0.001166
278	2.78	0.478	0.001184
279	2.79	0.479	0.001201
280	2.8	0.48	0.001219
281	2.81	0.481	0.001235
282	2.82	0.482	0.001253
283	2.83	0.483	0.001269
284	2.84	0.484	0.001288
285	2.85	0.485	0.001305
286	2.86	0.486	0.001323
287	2.87	0.487	0.001341
288	2.88	0.488	0.001358
289	2.89	0.489	0.001376
290	2.9	0.49	0.001393
291	2.91	0.491	0.00141
292	2.92	0.492	0.001427
293	2.93	0.493	0.001445
294	2.94	0.494	0.001462
295	2.95	0.495	0.00148
296	2.96	0.496	0.001496
297	2.97	0.497	0.001513
298	2.98	0.498	0.00153
299	2.99	0.499	0.001546
300	3	0.5	0.001563
301	3.01	0.501	0.001579
302	3.02	0.502	0.001597
303	3.03	0.503	0.001613
304	3.04	0.504	0.001629
305	3.05	0.505	0.001644
306	3.06	0.506	0.00166
307	3.07	0.507	0.001676
308	3.08	0.508	0.001691
309	3.09	0.509	0.001706
310	3.1	0.51	0.001722
311	3.11	0.511	0.001738
312	3.12	0.512	0.001754
313	3.13	0.513	0.001769
314	3.14	0.514	0.001785
315	3.15	0.515	0.001799
316	3.16	0.516	0.001813
317	3.17	0.517	0.001827
318	3.18	0.518	0.001841
319	3.19	0.519	0.001856
320	3.2	0.52	0.00187
321	3.21	0.521	0.001884
322	3.22	0.522	0.001898
323	3.23	0.523	0.00191
324	3.24	0.524	0.001925
325	3.25	0.525	0.001939
326	3.26	0.526	0.001953
327	3.27	0.527	0.001966
328	3.28	0.528	0.00198
329	3.29	0.529	0.001992
330	3.3	0.53	0.002005
331	3.31	0.531	0.002018
332	3.32	0.532	0.00203
333	3.33	0.533	0.002043
334	3.34	0.534	0.002056
335	3.35	0.535	0.002068
336	3.36	0.536	0.002081
337	3.37	0.537	0.002093
338	3.38	0.538	0.002105
339	3.39	0.539	0.002116
340	3.4	0.54	0.002129
341	3.41	0.541	0.00214
342	3.42	0.542	0.002152
343	3.43	0.543	0.002164
344	3.44	0.544	0.002176
345	3.45	0.545	0.002186
346	3.46	0.546	0.002197
347	3.47	0.547	0.002208
348	3.48	0.548	0.002219
349	3.49	0.549	0.002229
350	3.5	0.55	0.00224
351	3.51	0.551	0.002252
352	3.52	0.552	0.002262
353	3.53	0.553	0.002273
354	3.54	0.554	0.002283
355	3.55	0.555	0.002295
356	3.56	0.556	0.002304
357	3.57	0.557	0.002314
358	3.58	0.558	0.002325
359	3.59	0.559	0.002335
360	3.6	0.56	0.002344
361	3.61	0.561	0.002354
362	3.62	0.562	0.002364
363	3.63	0.563	0.002374
364	3.64	0.564	0.002384
365	3.65	0.565	0.002393
366	3.66	0.566	0.002403
367	3.67	0.567	0.002414
368	3.68	0.568	0.002422
369	3.69	0.569	0.002431
370	3.7	0.57	0.00244
371	3.71	0.571	0.002449
372	3.72	0.572	0.002457
373	3.73	0.573	0.002466
374	3.74	0.574	0.002476
375	3.75	0.575	0.002485
376	3.76	0.576	0.002493
377	3.77	0.577	0.002501
378	3.78	0.578	0.00251
379	3.79	0.579	0.002519
380	3.8	0.58	0.002527
381	3.81	0.581	0.002535
382	3.82	0.582	0.002544
383	3.83	0.583	0.002553
384	3.84	0.584	0.002561
385	3.85	0.585	0.002569
386	3.86	0.586	0.002578
387	3.87	0.587	0.002586
388	3.88	0.588	0.002594
389	3.89	0.589	0.002602
390	3.9	0.59	0.002609
391	3.91	0.591	0.002617
392	3.92	0.592	0.002625
393	3.93	0.593	0.002634
394	3.94	0.594	0.002641
395	3.95	0.595	0.00265
396	3.96	0.596	0.002657
397	3.97	0.597	0.002665
398	3.98	0.598	0.002672
399	3.99	0.599	0.00268
400	4	0.6	0.002687
401	4.01	0.601	0.002695
402	4.02	0.602	0.002703
403	4.03	0.603	0.00271
404	4.04	0.604	0.002717
405	4.05	0.605	0.002725
406	4.06	0.606	0.002732
407	4.07	0.607	0.00274
408	4.08	0.608	0.002747
409	4.09	0.609	0.002754
410	4.1	0.61	0.002761
411	4.11	0.611	0.002768
412	4.12	0.612	0.002776
413	4.13	0.613	0.002782
414	4.14	0.614	0.00279
415	4.15	0.615	0.002797
416	4.16	0.616	0.002805
417	4.17	0.617	0.002811
418	4.18	0.618	0.002818
419	4.19	0.619	0.002824
420	4.2	0.62	0.002832
421	4.21	0.621	0.002838
422	4.22	0.622	0.002844
423	4.23	0.623	0.002851
424	4.24	0.624	0.002858
425	4.25	0.625	0.002866
426	4.26	0.626	0.002871
427	4.27	0.627	0.002879
428	4.28	0.628	0.002886
429	4.29	0.629	0.002892
430	4.3	0.63	0.002898
431	4.31	0.631	0.002906
432	4.32	0.632	0.002912
433	4.33	0.633	0.00292
434	4.34	0.634	0.002925
435	4.35	0.635	0.002932
436	4.36	0.636	0.002938
437	4.37	0.637	0.002945
438	4.38	0.638	0.002951
439	4.39	0.639	0.002958
440	4.4	0.64	0.002963
441	4.41	0.641	0.002969
442	4.42	0.642	0.002976
443	4.43	0.643	0.002982
444	4.44	0.644	0.002987
445	4.45	0.645	0.002993
446	4.46	0.646	0.003
447	4.47	0.647	0.003007
448	4.48	0.648	0.003014
449	4.49	0.649	0.00302
450	4.5	0.65	0.003026
451	4.51	0.651	0.003032
452	4.52	0.652	0.003038
453	4.53	0.653	0.003045
454	4.54	0.654	0.003051
455	4.55	0.655	0.003057
456	4.56	0.656	0.003063
457	4.57	0.657	0.003068
458	4.58	0.658	0.003074
459	4.59	0.659	0.00308
460	4.6	0.66	0.003087
461	4.61	0.661	0.003092
462	4.62	0.662	0.003099
463	4.63	0.663	0.003105
464	4.64	0.664	0.00311
465	4.65	0.665	0.003117
466	4.66	0.666	0.003123
467	4.67	0.667	0.003128
468	4.68	0.668	0.003134
469	4.69	0.669	0.003139
470	4.7	0.67	0.003146
471	4.71	0.671	0.003151
472	4.72	0.672	0.003157
473	4.73	0.673	0.003164
474	4.74	0.674	0.003169
475	4.75	0.675	0.003175
476	4.76	0.676	0.003182
477	4.77	0.677	0.003186
478	4.78	0.678	0.003193
479	4.79	0.679	0.0032
480	4.8	0.68	0.003206
481	4.81	0.681	0.003212
482	4.82	0.682	0.003217
483	4.83	0.683	0.003223
484	4.84	0.684	0.003229
485	4.85	0.685	0.003234
486	4.86	0.686	0.003239
487	4.87	0.687	0.003246
488	4.88	0.688	0.003251
489	4.89	0.689	0.003258
490	4.9	0.69	0.003262
491	4.91	0.691	0.003269
492	4.92	0.692	0.003274
493	4.93	0.693	0.003281
494	4.94	0.694	0.003286
495	4.95	0.695	0.003291
496	4.96	0.696	0.003297
497	4.97	0.697	0.003303
498	4.98	0.698	0.003309
499	4.99	0.699	0.003314
500	5	0.7	0.003319
501	5.01	0.701	0.003325
502	5.02	0.702	0.003331
503	5.03	0.703	0.003336
504	5.04	0.704	0.003342
505	5.05	0.705	0.003347
506	5.06	0.706	0.003352
507	5.07	0.707	0.003358
508	5.08	0.708	0.003364
509	5.09	0.709	0.003368
510	5.1	0.71	0.003373
511	5.11	0.711	0.003378
512	5.12	0.712	0.003384
513	5.13	0.713	0.003391
514	5.14	0.714	0.003396
515	5.15	0.715	0.003402
516	5.16	0.716	0.003408
517	5.17	0.717	0.003413
518	5.18	0.718	0.003418
519	5.19	0.719	0.003424
520	5.2	0.72	0.003428
521	5.21	0.721	0.003434
522	5.22	0.722	0.00344
523	5.23	0.723	0.003445
524	5.24	0.724	0.00345
525	5.25	0.725	0.003456
526	5.26	0.726	0.003461
527	5.27	0.727	0.003467
528	5.28	0.728	0.003471
529	5.29	0.729	0.003477
530	5.3	0.73	0.003483
531	5.31	0.731	0.003488
532	5.32	0.732	0.003493
533	5.33	0.733	0.003498
534	5.34	0.734	0.003504
535	5.35	0.735	0.003509
536	5.36	0.736	0.003513
537	5.37	0.737	0.003519
538	5.38	0.738	0.003524
539	5.39	0.739	0.003528
540	5.4	0.74	0.003534
541	5.41	0.741	0.00354
542	5.42	0.742	0.003544
543	5.43	0.743	0.003551
544	5.44	0.744	0.003555
545	5.45	0.745	0.00356
546	5.46	0.746	0.003565
547	5.47	0.747	0.003569
548	5.48	0.748	0.003575
549	5.49	0.749	0.003581
550	5.5	0.75	0.003587
551	5.51	0.751	0.003592
552	5.52	0.752	0.003596
553	5.53	0.753	0.003601
554	5.54	0.754	0.003606
555	5.55	0.755	0.003611
556	5.56	0.756	0.003616
557	5.57	0.757	0.003621
558	5.58	0.758	0.003626
559	5.59	0.759	0.003632
560	5.6	0.76	0.003637
561	5.61	0.761	0.003642
562	5.62	0.762	0.003646
563	5.63	0.763	0.003653
564	5.64	0.764	0.003657
565	5.65	0.765	0.003662
566	5.66	0.766	0.003666
567	5.67	0.767	0.003671
568	5.68	0.768	0.003676
569	5.69	0.769	0.003683
570	5.7	0.77	0.003687
571	5.71	0.771	0.003693
572	5.72	0.772	0.003698
573	5.73	0.773	0.003702
574	5.74	0.774	0.003706
575	5.75	0.775	0.003711
576	5.76	0.776	0.003716
577	5.77	0.777	0.003721
578	5.78	0.778	0.003725
579	5.79	0.779	0.00373
580	5.8	0.78	0.003736
581	5.81	0.781	0.003742
582	5.82	0.782	0.003746
583	5.83	0.783	0.00375
584	5.84	0.784	0.003755
585	5.85	0.785	0.00376
586	5.86	0.786	0.003764
587	5.87	0.787	0.003769
588	5.88	0.788	0.003774
589	5.89	0.789	0.003778
590	5.9	0.79	0.003783
591	5.91	0.791	0.003788
592	5.92	0.792	0.003792
593	5.93	0.793	0.003797
594	5.94	0.794	0.003801
595	5.95	0.795	0.003807
596	5.96	0.796	0.003812
597	5.97	0.797	0.003816
598	5.98	0.798	0.00382
599	5.99	0.799	0.003826
600	6	0.8	0.00383
601	6.01	0.801	0.003836
602	6.02	0.802	0.003839
603	6.03	0.803	0.003844
604	6.04	0.804	0.003848
605	6.05	0.805	0.003853
606	6.06	0.806	0.003857
607	6.07	0.807	0.003863
608	6.08	0.808	0.003867
609	6.09	0.809	0.003872
610	6.1	0.81	0.003877
611	6.11	0.811	0.003881
612	6.12	0.812	0.003885
613	6.13	0.813	0.00389
614	6.14	0.814	0.003894
615	6.15	0.815	0.0039
616	6.16	0.816	0.003903
617	6.17	0.817	0.003908
618	6.18	0.818	0.003912
619	6.19	0.819	0.003919
620	6.2	0.82	0.003923
621	6.21	0.821	0.003928
622	6.22	0.822	0.003932
623	6.23	0.823	0.003937
624	6.24	0.824	0.003941
625	6.25	0.825	0.003945
626	6.26	0.826	0.00395
627	6.27	0.827	0.003955
628	6.28	0.828	0.003959
629	6.29	0.829	0.003963
630	6.3	0.83	0.003966
631	6.31	0.831	0.003972
632	6.32	0.832	0.003975
633	6.33	0.833	0.003981
634	6.34	0.834	0.003985
635	6.35	0.835	0.003989
636	6.36	0.836	0.003993
637	6.37	0.837	0.003998
638	6.38	0.838	0.004002
639	6.39	0.839	0.004007
640	6.4	0.84	0.00401
641	6.41	0.841	0.004015
642	6.42	0.842	0.004018
643	6.43	0.843	0.004023
644	6.44	0.844	0.004026
645	6.45	0.845	0.004031
646	6.46	0.846	0.004036
647	6.47	0.847	0.00404
648	6.48	0.848	0.004044
649	6.49	0.849	0.004049
650	6.5	0.85	0.004052
651	6.51	0.851	0.004057
652	6.52	0.852	0.004061
653	6.53	0.853	0.004065
654	6.54	0.854	0.004069
655	6.55	0.855	0.004074
656	6.56	0.856	0.004077
657	6.57	0.857	0.004082
658	6.58	0.858	0.004086
659	6.59	0.859	0.004091
660	6.6	0.86	0.004094
661	6.61	0.861	0.004098
662	6.62	0.862	0.004102
663	6.63	0.863	0.004108
664	6.64	0.864	0.004111
665	6.65	0.865	0.004116
666	6.66	0.866	0.004119
667	6.67	0.867	0.004122
668	6.68	0.868	0.004127
669	6.69	0.869	0.004131
670	6.7	0.87	0.004135
671	6.71	0.871	0.00414
672	6.72	0.872	0.004144
673	6.73	0.873	0.004147
674	6.74	0.874	0.00415
675	6.75	0.875	0.004156
676	6.76	0.876	0.00416
677	6.77	0.877	0.004164
678	6.78	0.878	0.004168
679	6.79	0.879	0.004172
680	6.8	0.88	0.004175
681	6.81	0.881	0.00418
682	6.82	0.882	0.004184
683	6.83	0.883	0.004187
684	6.84	0.884	0.004192
685	6.85	0.885	0.004196
686	6.86	0.886	0.004199
687	6.87	0.887	0.004203
688	6.88	0.888	0.004206
689	6.89	0.889	0.004212
690	6.9	0.89	0.004215
691	6.91	0.891	0.004219
692	6.92	0.892	0.004222
693	6.93	0.893	0.004226
694	6.94	0.894	0.00423
695	6.95	0.895	0.004235
696	6.96	0.896	0.004238
697	6.97	0.897	0.004243
698	6.98	0.898	0.004246
699	6.99	0.899	0.00425
700	7	0.9	0.004253
701	7.01	0.901	0.004257
702	7.02	0.902	0.00426
703	7.03	0.903	0.004264
704	7.04	0.904	0.004267
705	7.05	0.905	0.004271
706	7.06	0.906	0.004274
707	7.07	0.907	0.00428
708	7.08	0.908	0.004283
709	7.09	0.909	0.004288
710	7.1	0.91	0.004291
711	7.11	0.911	0.004294
712	7.12	0.912	0.004299
713	7.13	0.913	0.004303
714	7.14	0.914	0.004306
715	7.15	0.915	0.004311
716	7.16	0.916	0.004315
717	7.17	0.917	0.004318
718	7.18	0.918	0.004322
719	7.19	0.919	0.004325
720	7.2	0.92	0.004329
721	7.21	0.921	0.004334
722	7.22	0.922	0.004337
723	7.23	0.923	0.004341
724	7.24	0.924	0.004346
725	7.25	0.925	0.004349
726	7.26	0.926	0.004353
727	7.27	0.927	0.004356
728	7.28	0.928	0.00436
729	7.29	0.929	0.004364
730	7.3	0.93	0.004367
731	7.31	0.931	0.004372
732	7.32	0.932	0.004373
733	7.33	0.933	0.004377
734	7.34	0.934	0.004381
735	7.35	0.935	0.004385
736	7.36	0.936	0.004388
737	7.37	0.937	0.004393
738	7.38	0.938	0.004395
739	7.39	0.939	0.004399
740	7.4	0.94	0.004402
741	7.41	0.941	0.004406
742	7.42	0.942	0.004409
743	7.43	0.943	0.004413
744	7.44	0.944	0.004416
745	7.45	0.945	0.00442
746	7.46	0.946	0.004423
747	7.47	0.947	0.004428
748	7.48	0.948	0.00443
749	7.49	0.949	0.004435
750	7.5	0.95	0.004438
751	7.51	0.951	0.004442
752	7.52	0.952	0.004444
753	7.53	0.953	0.004447
754	7.54	0.954	0.00445
755	7.55	0.955	0.004453
756	7.56	0.956	0.004457
757	7.57	0.957	0.00446
758	7.58	0.958	0.004463
759	7.59	0.959	0.004466
760	7.6	0.96	0.004471
761	7.61	0.961	0.004473
762	7.62	0.962	0.004477
763	7.63	0.963	0.00448
764	7.64	0.964	0.004483
765	7.65	0.965	0.004487
766	7.66	0.966	0.00449
767	7.67	0.967	0.004494
768	7.68	0.968	0.004497
769	7.69	0.969	0.004501
770	7.7	0.97	0.004504
771	7.71	0.971	0.004508
772	7.72	0.972	0.004511
773	7.73	0.973	0.004515
774	7.74	0.974	0.004517
775	7.75	0.975	0.00452
776	7.76	0.976	0.004523
777	7.77	0.977	0.004528
778	7.78	0.978	0.00453
779	7.79	0.979	0.004534
780	7.8	0.98	0.004538
781	7.81	0.981	0.004541
782	7.82	0.982	0.004545
783	7.83	0.983	0.004548
784	7.84	0.984	0.00455
785	7.85	0.985	0.004553
786	7.86	0.986	0.004555
787	7.87	0.987	0.004559
788	7.88	0.988	0.004562
789	7.89	0.989	0.004564
790	7.9	0.99	0.004568
791	7.91	0.991	0.004571
792	7.92	0.992	0.004573
793	7.93	0.993	0.004576
794	7.94	0.994	0.00458
795	7.95	0.995	0.004583
796	7.96	0.996	0.004586
797	7.97	0.997	0.004589
798	7.98	0.998	0.004591
799	7.99	0.999	0.004595
800	8	1	0.004597
801	8.01	1.001	0.0046
802	8.02	1.002	0.004603
803	8.03	1.003	0.004606
804	8.04	1.004	0.004609
805	8.05	1.005	0.004613
806	8.06	1.006	0.004615
807	8.07	1.007	0.004618
808	8.08	1.008	0.00462
809	8.09	1.009	0.004623
810	8.1	1.01	0.004625
811	8.11	1.011	0.004629
812	8.12	1.012	0.004632
813	8.13	1.013	0.004634
814	8.14	1.014	0.004636
815	8.15	1.015	0.00464
816	8.16	1.016	0.004642
817	8.17	1.017	0.004646
818	8.18	1.018	0.004648
819	8.19	1.019	0.004652
820	8.2	1.02	0.004655
821	8.21	1.021	0.004659
822	8.22	1.022	0.00466
823	8.23	1.023	0.004663
824	8.24	1.024	0.004666
825	8.25	1.025	0.00467
826	8.26	1.026	0.004672
827	8.27	1.027	0.004674
828	8.28	1.028	0.004676
829	8.29	1.029	0.004679
830	8.3	1.03	0.004682
831	8.31	1.031	0.004686
832	8.32	1.032	0.004687
833	8.33	1.033	0.004689
834	8.34	1.034	0.004691
835	8.35	1.035	0.004695
836	8.36	1.036	0.004697
837	8.37	1.037	0.0047
838	8.38	1.038	0.004702
839	8.39	1.039	0.004705
840	8.4	1.04	0.004706
841	8.41	1.041	0.004709
842	8.42	1.042	0.004711
843	8.43	1.043	0.004714
844	8.44	1.044	0.004717
845	8.45	1.045	0.004719
846	8.46	1.046	0.004722
847	8.47	1.047	0.004724
848	8.48	1.048	0.004725
849	8.49	1.049	0.004729
850	8.5	1.05	0.004731
851	8.51	1.051	0.004734
852	8.52	1.052	0.004735
853	8.53	1.053	0.004738
854	8.54	1.054	0.00474
855	8.55	1.055	0.004742
856	8.56	1.056	0.004743
857	8.57	1.057	0.004746
858	8.58	1.058	0.004748
859	8.59	1.059	0.004749
860	8.6	1.06	0.004751
861	8.61	1.061	0.004753
862	8.62	1.062	0.004755
863	8.63	1.063	0.004759
864	8.64	1.064	0.00476
865	8.65	1.065	0.004762
866	8.66	1.066	0.004764
867	8.67	1.067	0.004765
868	8.68	1.068	0.004768
869	8.69	1.069	0.00477
870	8.7	1.07	0.004772
871	8.71	1.071	0.004774
872	8.72	1.072	0.004776
873	8.73	1.073	0.004778
874	8.74	1.074	0.00478
875	8.75	1.075	0.004782
876	8.76	1.076	0.004784
877	8.77	1.077	0.004787
878	8.78	1.078	0.004788
879	8.79	1.079	0.00479
880	8.8	1.08	0.00479
881	8.81	1.081	0.004793
882	8.82	1.082	0.004794
883	8.83	1.083	0.004795
884	8.84	1.084	0.004798
885	8.85	1.085	0.0048
886	8.86	1.086	0.004801
887	8.87	1.087	0.004803
888	8.88	1.088	0.004804
889	8.89	1.089	0.004808
890	8.9	1.09	0.004809
891	8.91	1.091	0.004812
892	8.92	1.092	0.004813
893	8.93	1.093	0.004815
894	8.94	1.094	0.004817
895	8.95	1.095	0.004819
896	8.96	1.096	0.00482
897	8.97	1.097	0.004822
898	8.98	1.098	0.004824
899	8.99	1.099	0.004826
900	9	1.1	0.004827
901	9.01	1.101	0.004828
902	9.02	1.102	0.00483
903	9.03	1.103	0.004832
904	9.04	1.104	0.004832
905	9.05	1.105	0.004834
906	9.06	1.106	0.004835
907	9.07	1.107	0.004836
908	9.08	1.108	0.004839
909	9.09	1.109	0.00484
910	9.1	1.11	0.004841
911	9.11	1.111	0.004842
912	9.12	1.112	0.004843
913	9.13	1.113	0.004846
914	9.14	1.114	0.004847
915	9.15	1.115	0.004849
916	9.16	1.116	0.004851
917	9.17	1.117	0.004851
918	9.18	1.118	0.004853
919	9.19	1.119	0.004855
920	9.2	1.12	0.004855
921	9.21	1.121	0.004857
922	9.22	1.122	0.004857
923	9.23	1.123	0.004859
924	9.24	1.124	0.004859
925	9.25	1.125	0.004862
926	9.26	1.126	0.004863
927	9.27	1.127	0.004866
928	9.28	1.128	0.004868
929	9.29	1.129	0.004869
930	9.3	1.13	0.00487
931	9.31	1.131	0.004871
932	9.32	1.132	0.004872
933	9.33	1.133	0.004872
934	9.34	1.134	0.004875
935	9.35	1.135	0.004877
936	9.36	1.136	0.004877
937	9.37	1.137	0.004879
938	9.38	1.138	0.00488
939	9.39	1.139	0.004881
940	9.4	1.14	0.004882
941	9.41	1.141	0.004882
942	9.42	1.142	0.004883
943	9.43	1.143	0.004886
944	9.44	1.144	0.004886
945	9.45	1.145	0.004888
946	9.46	1.146	0.004889
947	9.47	1.147	0.004891
948	9.48	1.148	0.004892
949	9.49	1.149	0.004893
950	9.5	1.15	0.004894
951	9.51	1.151	0.004895
952	9.52	1.152	0.004896
953	9.53	1.153	0.004897
954	9.54	1.154	0.004898
955	9.55	1.155	0.0049
956	9.56	1.156	0.0049
957	9.57	1.157	0.004902
958	9.58	1.158	0.004902
959	9.59	1.159	0.004904
960	9.6	1.16	0.004903
961	9.61	1.161	0.004905
962	9.62	1.162	0.004906
963	9.63	1.163	0.004908
964	9.64	1.164	0.00491
965	9.65	1.165	0.004911
966	9.66	1.166	0.004911
967	9.67	1.167	0.004911
968	9.68	1.168	0.004912
969	9.69	1.169	0.004914
970	9.7	1.17	0.004915
971	9.71	1.171	0.004916
972	9.72	1.172	0.004917
973	9.73	1.173	0.004919
974	9.74	1.174	0.00492
975	9.75	1.175	0.004921
976	9.76	1.176	0.004921
977	9.77	1.177	0.004922
978	9.78	1.178	0.004923
979	9.79	1.179	0.004925
980	9.8	1.18	0.004925
981	9.81	1.181	0.004926
982	9.82	1.182	0.004927
983	9.83	1.183	0.004928
984	9.84	1.184	0.004928
985	9.85	1.185	0.00493
986	9.86	1.186	0.00493
987	9.87	1.187	0.004931
988	9.88	1.188	0.004932
989	9.89	1.189	0.004933
990	9.9	1.19	0.004934
991	9.91	1.191	0.004936
992	9.92	1.192	0.004935
993	9.93	1.193	0.004936
994	9.94	1.194	0.004937
995	9.95	1.195	0.004937
996	9.96	1.196	0.004939
997	9.97	1.197	0.004939
998	9.98	1.198	0.004941
999	9.99	1.199	0.004941
1000	10	1.2	0.004941
1001	10.01	1.201	0.004942
1002	10.02	1.202	0.004942
1003	10.03	1.203	0.004943
1004	10.04	1.204	0.004943
1005	10.05	1.205	0.004943
1006	10.06	1.206	0.004944
1007	10.07	1.207	0.004945
1008	10.08	1.208	0.004945
1009	10.09	1.209	0.004946
1010	10.1	1.21	0.004946
1011	10.11	1.211	0.004947
1012	10.12	1.212	0.004947
1013	10.13	1.213	0.004947
1014	10.14	1.214	0.004948
1015	10.15	1.215	0.004949
1016	10.16	1.216	0.004949
1017	10.17	1.217	0.004951
1018	10.18	1.218	0.00495
1019	10.19	1.219	0.00495
1020	10.2	1.22	0.00495
1021	10.21	1.221	0.004951
1022	10.22	1.222	0.004951
1023	10.23	1.223	0.004952
1024	10.24	1.224	0.004952
1025	10.25	1.225	0.004953
1026	10.26	1.226	0.004953
1027	10.27	1.227	0.004954
1028	10.28	1.228	0.004954
1029	10.29	1.229	0.004958
1030	10.3	1.23	0.004957
1031	10.31	1.231	0.004958
1032	10.32	1.232	0.004957
1033	10.33	1.233	0.004958
1034	10.34	1.234	0.004958
1035	10.35	1.235	0.004959
1036	10.36	1.236	0.004958
1037	10.37	1.237	0.004958
1038	10.38	1.238	0.004959
1039	10.39	1.239	0.004959
1040	10.4	1.24	0.004959
1041	10.41	1.241	0.00496
1042	10.42	1.242	0.00496
1043	10.43	1.243	0.00496
1044	10.44	1.244	0.00496
1045	10.45	1.245	0.00496
1046	10.46	1.246	0.004959
1047	10.47	1.247	0.00496
1048	10.48	1.248	0.004959
1049	10.49	1.249	0.00496
1050	10.5	1.25	0.004959
1051	10.51	1.251	0.00496
1052	10.52	1.252	0.00496
1053	10.53	1.253	0.00496
1054	10.54	1.254	0.004959
1055	10.55	1.255	0.004961
1056	10.56	1.256	0.00496
1057	10.57	1.257	0.00496
1058	10.58	1.258	0.00496
1059	10.59	1.259	0.00496
1060	10.6	1.26	0.004959
1061	10.61	1.261	0.004958
1062	10.62	1.262	0.004959
1063	10.63	1.263	0.004958
1064	10.64	1.264	0.004958
1065	10.65	1.265	0.004959
1066	10.66	1.266	0.004959
1067	10.67	1.267	0.004958
1068	10.68	1.268	0.004959
1069	10.69	1.269	0.004959
1070	10.7	1.27	0.004958
1071	10.71	1.271	0.004958
1072	10.72	1.272	0.004957
1073	10.73	1.273	0.004958
1074	10.74	1.274	0.004957
1075	10.75	1.275	0.004958
1076	10.76	1.276	0.004957
1077	10.77	1.277	0.004957
1078	10.78	1.278	0.004956
1079	10.79	1.279	0.004956
1080	10.8	1.28	0.004956
1081	10.81	1.281	0.004956
1082	10.82	1.282	0.004954
1083	10.83	1.283	0.004954
1084	10.84	1.284	0.004954
1085	10.85	1.285	0.004954
1086	10.86	1.286	0.004952
1087	10.87	1.287	0.004953
1088	10.88	1.288	0.004951
1089	10.89	1.289	0.004952
1090	10.9	1.29	0.00495
1091	10.91	1.291	0.00495
1092	10.92	1.292	0.00495
1093	10.93	1.293	0.00495
1094	10.94	1.294	0.004949
1095	10.95	1.295	0.004949
1096	10.96	1.296	0.004948
1097	10.97	1.297	0.004948
1098	10.98	1.298	0.004947
1099	10.99	1.299	0.004947
1100	11	1.3	0.004947
1101	11.01	1.301	0.004946
1102	11.02	1.302	0.004946
1103	11.03	1.303	0.004946
1104	11.04	1.304	0.004944
1105	11.05	1.305	0.004944
1106	11.06	1.306	0.004943
1107	11.07	1.307	0.004943
1108	11.08	1.308	0.004942
1109	11.09	1.309	0.004943
1110	11.1	1.31	0.004941
1111	11.11	1.311	0.004941
1112	11.12	1.312	0.00494
1113	11.13	1.313	0.00494
1114	11.14	1.314	0.004939
1115	11.15	1.315	0.00494
1116	11.16	1.316	0.004939
1117	11.17	1.317	0.004938
1118	11.18	1.318	0.004938
1119	11.19	1.319	0.004938
1120	11.2	1.32	0.004937
1121	11.21	1.321	0.004937
1122	11.22	1.322	0.004936
1123	11.23	1.323	0.004936
1124	11.24	1.324	0.004934
1125	11.25	1.325	0.004935
1126	11.26	1.326	0.004934
1127	11.27	1.327	0.004934
1128	11.28	1.328	0.004932
1129	11.29	1.329	0.004932
1130	11.3	1.33	0.004931
1131	11.31	1.331	0.004932
1132	11.32	1.332	0.004931
1133	11.33	1.333	0.00493
1134	11.34	1.334	0.00493
1135	11.35	1.335	0.004929
1136	11.36	1.336	0.004928
1137	11.37	1.337	0.004928
1138	11.38	1.338	0.004928
1139	11.39	1.339	0.004928
1140	11.4	1.34	0.004928
1141	11.41	1.341	0.004927
1142	11.42	1.342	0.004926
1143	11.43	1.343	0.004926
1144	11.44	1.344	0.004925
1145	11.45	1.345	0.004926
1146	11.46	1.346	0.004925
1147	11.47	1.347	0.004924
1148	11.48	1.348	0.004924
1149	11.49	1.349	0.004923
1150	11.5	1.35	0.004923
1151	11.51	1.351	0.004924
1152	11.52	1.352	0.004923
1153	11.53	1.353	0.004923
1154	11.54	1.354	0.004922
1155	11.55	1.355	0.004922
1156	11.56	1.356	0.004923
1157	11.57	1.357	0.004921
1158	11.58	1.358	0.004921
1159	11.59	1.359	0.004922
1160	11.6	1.36	0.004921
1161	11.61	1.361	0.004921
1162	11.62	1.362	0.00492
1163	11.63	1.363	0.00492
1164	11.64	1.364	0.00492
1165	11.65	1.365	0.00492
1166	11.66	1.366	0.00492
1167	11.67	1.367	0.00492
1168	11.68	1.368	0.004918
1169	11.69	1.369	0.004919
1170	11.7	1.37	0.004918
1171	11.71	1.371	0.004917
1172	11.72	1.372	0.004917
1173	11.73	1.373	0.004918
1174	11.74	1.374	0.004918
1175	11.75	1.375	0.004918
1176	11.76	1.376	0.004918
1177	11.77	1.377	0.004919
1178	11.78	1.378	0.004918
1179	11.79	1.379	0.004918
1180	11.8	1.38	0.004917
1181	11.81	1.381	0.004917
1182	11.82	1.382	0.004917
1183	11.83	1.383	0.004918
1184	11.84	1.384	0.004918
1185	11.85	1.385	0.00492
1186	11.86	1.386	0.004918
1187	11.87	1.387	0.00492
1188	11.88	1.388	0.004919
1189	11.89	1.389	0.004919
1190	11.9	1.39	0.004919
1191	11.91	1.391	0.004919
1192	11.92	1.392	0.004921
1193	11.93	1.393	0.004921
1194	11.94	1.394	0.004921
1195	11.95	1.395	0.004921
1196	11.96	1.396	0.004923
1197	11.97	1.397	0.004923
1198	11.98	1.398	0.004923
1199	11.99	1.399	0.004924
1200	12	1.4	0.004924
1201	12.01	1.401	0.004925
1202	12.02	1.402	0.004925
1203	12.03	1.403	0.004926
1204	12.04	1.404	0.004926
1205	12.05	1.405	0.004927
1206	12.06	1.406	0.004928
1207	12.07	1.407	0.004929
1208	12.08	1.408	0.004928
1209	12.09	1.409	0.00493
1210	12.1	1.41	0.00493
1211	12.11	1.411	0.004932
1212	12.12	1.412	0.004932
1213	12.13	1.413	0.004933
1214	12.14	1.414	0.004932
1215	12.15	1.415	0.004934
1216	12.16	1.416	0.004934
1217	12.17	1.417	0.004936
1218	12.18	1.418	0.004936
1219	12.19	1.419	0.004937
1220	12.2	1.42	0.004937
1221	12.21	1.421	0.004939
1222	12.22	1.422	0.004939
1223	12.23	1.423	0.00494
1224	12.24	1.424	0.00494
1225	12.25	1.425	0.004942
1226	12.26	1.426	0.004943
1227	12.27	1.427	0.004944
1228	12.28	1.428	0.004945
1229	12.29	1.429	0.004946
1230	12.3	1.43	0.004947
1231	12.31	1.431	0.004949
1232	12.32	1.432	0.004949
1233	12.33	1.433	0.004952
1234	12.34	1.434	0.004954
1235	12.35	1.435	0.004954
1236	12.36	1.436	0.004955
1237	12.37	1.437	0.004957
1238	12.38	1.438	0.004958
1239	12.39	1.439	0.00496
1240	12.4	1.44	0.004961
1241	12.41	1.441	0.004963
1242	12.42	1.442	0.004963
1243	12.43	1.443	0.004965
1244	12.44	1.444	0.004966
1245	12.45	1.445	0.004968
1246	12.46	1.446	0.004969
1247	12.47	1.447	0.004971
1248	12.48	1.448	0.004972
1249	12.49	1.449	0.004975
1250	12.5	1.45	0.004975
1251	12.51	1.451	0.004978
1252	12.52	1.452	0.004978
1253	12.53	1.453	0.004981
1254	12.54	1.454	0.004982
1255	12.55	1.455	0.004984
1256	12.56	1.456	0.004986
1257	12.57	1.457	0.004988
1258	12.58	1.458	0.004988
1259	12.59	1.459	0.004991
1260	12.6	1.46	0.004993
1261	12.61	1.461	0.004993
1262	12.62	1.462	0.004994
1263	12.63	1.463	0.004997
1264	12.64	1.464	0.004998
1265	12.65	1.465	0.005002
1266	12.66	1.466	0.005002
1267	12.67	1.467	0.005004
1268	12.68	1.468	0.005006
1269	12.69	1.469	0.005009
1270	12.7	1.47	0.00501
1271	12.71	1.471	0.005013
1272	12.72	1.472	0.005015
1273	12.73	1.473	0.005018
1274	12.74	1.474	0.005018
1275	12.75	1.475	0.005021
1276	12.76	1.476	0.005023
1277	12.77	1.477	0.005026
1278	12.78	1.478	0.005028
1279	12.79	1.479	0.005031
1280	12.8	1.48	0.005032
1281	12.81	1.481	0.005036
1282	12.82	1.482	0.005038
1283	12.83	1.483	0.005041
1284	12.84	1.484	0.005042
1285	12.85	1.485	0.005046
1286	12.86	1.486	0.005049
1287	12.87	1.487	0.005052
1288	12.88	1.488	0.005054
1289	12.89	1.489	0.005057
1290	12.9	1.49	0.005059
1291	12.91	1.491	0.005062
1292	12.92	1.492	0.005064
1293	12.93	1.493	0.005066
1294	12.94	1.494	0.005069
1295	12.95	1.495	0.005072
1296	12.96	1.496	0.005075
1297	12.97	1.497	0.005078
1298	12.98	1.498	0.00508
1299	12.99	1.499	0.005083
1300	13	1.5	0.005086
1301	13.01	1.501	0.005089
1302	13.02	1.502	0.005091
1303	13.03	1.503	0.005095
1304	13.04	1.504	0.005097
1305	13.05	1.505	0.005101
1306	13.06	1.506	0.005103
1307	13.07	1.507	0.005107
1308	13.08	1.508	0.005109
1309	13.09	1.509	0.005112
1310	13.1	1.51	0.005116
1311	13.11	1.511	0.005119
1312	13.12	1.512	0.005121
1313	13.13	1.513	0.005125
1314	13.14	1.514	0.005127
1315	13.15	1.515	0.005131
1316	13.16	1.516	0.005134
1317	13.17	1.517	0.005138
1318	13.18	1.518	0.005141
1319	13.19	1.519	0.005144
1320	13.2	1.52	0.005147
1321	13.21	1.521	0.005151
1322	13.22	1.522	0.005154
1323	13.23	1.523	0.005158
1324	13.24	1.524	0.005162
1325	13.25	1.525	0.005166
1326	13.26	1.526	0.005169
1327	13.27	1.527	0.005174
1328	13.28	1.528	0.005175
1329	13.29	1.529	0.00518
1330	13.3	1.53	0.005183
1331	13.31	1.531	0.005187
1332	13.32	1.532	0.00519
1333	13.33	1.533	0.005193
1334	13.34	1.534	0.005197
1335	13.35	1.535	0.005201
1336	13.36	1.536	0.005205
1337	13.37	1.537	0.005211
1338	13.38	1.538	0.005213
1339	13.39	1.539	0.005218
1340	13.4	1.54	0.00522
1341	13.41	1.541	0.005224
1342	13.42	1.542	0.005228
1343	13.43	1.543	0.005234
1344	13.44	1.544	0.005238
1345	13.45	1.545	0.005242
1346	13.46	1.546	0.005244
1347	13.47	1.547	0.005249
1348	13.48	1.548	0.005253
1349	13.49	1.549	0.005259
1350	13.5	1.55	0.005263
1351	13.51	1.551	0.005267
1352	13.52	1.552	0.005271
1353	13.53	1.553	0.005276
1354	13.54	1.554	0.005279
1355	13.55	1.555	0.005283
1356	13.56	1.556	0.005287
1357	13.57	1.557	0.005292
1358	13.58	1.558	0.005295
1359	13.59	1.559	0.005301
1360	13.6	1.56	0.005305
1361	13.61	1.561	0.005309
1362	13.62	1.562	0.005314
1363	13.63	1.563	0.005318
1364	13.64	1.564	0.005323
1365	13.65	1.565	0.005327
1366	13.66	1.566	0.005331
1367	13.67	1.567	0.005336
1368	13.68	1.568	0.00534
1369	13.69	1.569	0.005346
1370	13.7	1.57	0.00535
1371	13.71	1.571	0.005355
1372	13.72	1.572	0.005359
1373	13.73	1.573	0.005365
1374	13.74	1.574	0.005368
1375	13.75	1.575	0.005375
1376	13.76	1.576	0.005377
1377	13.77	1.577	0.005383
1378	13.78	1.578	0.005387
1379	13.79	1.579	0.005394
1380	13.8	1.58	0.005398
1381	13.81	1.581	0.005403
1382	13.82	1.582	0.005407
1383	13.83	1.583	0.005414
1384	13.84	1.584	0.005418
1385	13.85	1.585	0.005424
1386	13.86	1.586	0.005428
1387	13.87	1.587	0.005434
1388	13.88	1.588	0.005439
1389	13.89	1.589	0.005445
1390	13.9	1.59	0.00545
1391	13.91	1.591	0.005456
1392	13.92	1.592	0.005459
1393	13.93	1.593	0.005466
1394	13.94	1.594	0.00547
1395	13.95	1.595	0.005476
1396	13.96	1.596	0.005482
1397	13.97	1.597	0.005488
1398	13.98	1.598	0.005493
1399	13.99	1.599	0.005499
1400	14	1.6	0.005504
1401	14.01	1.601	0.005512
1402	14.02	1.602	0.005516
1403	14.03	1.603	0.005523
1404	14.04	1.604	0.005527
1405	14.05	1.605	0.005533
1406	14.06	1.606	0.005539
1407	14.07	1.607	0.005546
1408	14.08	1.608	0.005551
1409	14.09	1.609	0.005557
1410	14.1	1.61	0.005562
1411	14.11	1.611	0.00557
1412	14.12	1.612	0.005575
1413	14.13	1.613	0.005583
1414	14.14	1.614	0.005588
1415	14.15	1.615	0.005595
1416	14.16	1.616	0.005599
1417	14.17	1.617	0.005606
1418	14.18	1.618	0.005612
1419	14.19	1.619	0.005619
1420	14.2	1.62	0.005624
1421	14.21	1.621	0.005632
1422	14.22	1.622	0.005637
1423	14.23	1.623	0.005645
1424	14.24	1.624	0.005649
1425	14.25	1.625	0.005656
1426	14.26	1.626	0.005663
1427	14.27	1.627	0.00567
1428	14.28	1.628	0.005677
1429	14.29	1.629	0.005684
1430	14.3	1.63	0.00569
1431	14.31	1.631	0.005697
1432	14.32	1.632	0.005703
1433	14.33	1.633	0.005711
1434	14.34	1.634	0.005716
1435	14.35	1.635	0.005724
1436	14.36	1.636	0.005731
1437	14.37	1.637	0.005738
1438	14.38	1.638	0.005746
1439	14.39	1.639	0.005755
1440	14.4	1.64	0.005761
1441	14.41	1.641	0.005769
1442	14.42	1.642	0.005775
1443	14.43	1.643	0.005781
1444	14.44	1.644	0.005789
1445	14.45	1.645	0.005796
1446	14.46	1.646	0.005802
1447	14.47	1.647	0.005811
1448	14.48	1.648	0.005817
1449	14.49	1.649	0.005825
1450	14.5	1.65	0.005832
1451	14.51	1.651	0.00584
1452	14.52	1.652	0.005847
1453	14.53	1.653	0.005855
1454	14.54	1.654	0.005863
1455	14.55	1.655	0.005871
1456	14.56	1.656	0.005878
1457	14.57	1.657	0.005886
1458	14.58	1.658	0.005894
1459	14.59	1.659	0.005903
1460	14.6	1.66	0.00591
1461	14.61	1.661	0.005918
1462	14.62	1.662	0.005925
1463	14.63	1.663	0.005934
1464	14.64	1.664	0.005941
1465	14.65	1.665	0.00595
1466	14.66	1.666	0.005958
1467	14.67	1.667	0.005966
1468	14.68	1.668	0.005975
1469	14.69	1.669	0.005983
1470	14.7	1.67	0.00599
1471	14.71	1.671	0.006
1472	14.72	1.672	0.006006
1473	14.73	1.673	0.006016
1474	14.74	1.674	0.006024
1475	14.75	1.675	0.006032
1476	14.76	1.676	0.006041
1477	14.77	1.677	0.006051
1478	14.78	1.678	0.006058
1479	14.79	1.679	0.006067
1480	14.8	1.68	0.006076
1481	14.81	1.681	0.006086
1482	14.82	1.682	0.006093
1483	14.83	1.683	0.006103
1484	14.84	1.684	0.006112
1485	14.85	1.685	0.006121
1486	14.86	1.686	0.006129
1487	14.87	1.687	0.00614
1488	14.88	1.688	0.006147
1489	14.89	1.689	0.006157
1490	14.9	1.69	0.006167
1491	14.91	1.691	0.006177
1492	14.92	1.692	0.006186
1493	14.93	1.693	0.006196
1494	14.94	1.694	0.006204
1495	14.95	1.695	0.006215
1496	14.96	1.696	0.006223
1497	14.97	1.697	0.006234
1498	14.98	1.698	0.006243
1499	14.99	1.699	0.006253
1500	15	1.7	0.006263
1501	15.01	1.701	0.006273
1502	15.02	1.702	0.006282
1503	15.03	1.703	0.006293
1504	15.04	1.704	0.006302
1505	15.05	1.705	0.006313
1506	15.06	1.706	0.006323
1507	15.07	1.707	0.006334
1508	15.08	1.708	0.006343
1509	15.09	1.709	0.006354
1510	15.1	1.71	0.006364
1511	15.11	1.711	0.006374
1512	15.12	1.712	0.006385
1513	15.13	1.713	0.006396
1514	15.14	1.714	0.006406
1515	15.15	1.715	0.006417
1516	15.16	1.716	0.006427
1517	15.17	1.717	0.006438
1518	15.18	1.718	0.00645
1519	15.19	1.719	0.006462
1520	15.2	1.72	0.006471
1521	15.21	1.721	0.006484
1522	15.22	1.722	0.006494
1523	15.23	1.723	0.006506
1524	15.24	1.724	0.006517
1525	15.25	1.725	0.006528
1526	15.26	1.726	0.006538
1527	15.27	1.727	0.00655
1528	15.28	1.728	0.006562
1529	15.29	1.729	0.006574
1530	15.3	1.73	0.006586
1531	15.31	1.731	0.006598
1532	15.32	1.732	0.006609
1533	15.33	1.733	0.006621
1534	15.34	1.734	0.006632
1535	15.35	1.735	0.006645
1536	15.36	1.736	0.006656
1537	15.37	1.737	0.006669
1538	15.38	1.738	0.006681
1539	15.39	1.739	0.006694
1540	15.4	1.74	0.006706
1541	15.41	1.741	0.00672
1542	15.42	1.742	0.006732
1543	15.43	1.743	0.006744
1544	15.44	1.744	0.006756
1545	15.45	1.745	0.00677
1546	15.46	1.746	0.006781
1547	15.47	1.747	0.006796
1548	15.48	1.748	0.006808
1549	15.49	1.749	0.006821
1550	15.5	1.75	0.006833
1551	15.51	1.751	0.006847
1552	15.52	1.752	0.006859
1553	15.53	1.753	0.006873
1554	15.54	1.754	0.006885
1555	15.55	1.755	0.006899
1556	15.56	1.756	0.006914
1557	15.57	1.757	0.006927
1558	15.58	1.758	0.00694
1559	15.59	1.759	0.006955
1560	15.6	1.76	0.006968
1561	15.61	1.761	0.006983
1562	15.62	1.762	0.006996
1563	15.63	1.763	0.007011
1564	15.64	1.764	0.007025
1565	15.65	1.765	0.007039
1566	15.66	1.766	0.007053
1567	15.67	1.767	0.007068
1568	15.68	1.768	0.007082
1569	15.69	1.769	0.007097
1570	15.7	1.77	0.007112
1571	15.71	1.771	0.007128
1572	15.72	1.772	0.007142
1573	15.73	1.773	0.007157
1574	15.74	1.774	0.007171
1575	15.75	1.775	0.007188
1576	15.76	1.776	0.007202
1577	15.77	1.777	0.007218
1578	15.78	1.778	0.007233
1579	15.79	1.779	0.007249
1580	15.8	1.78	0.007265
1581	15.81	1.781	0.007281
1582	15.82	1.782	0.007298
1583	15.83	1.783	0.007314
1584	15.84	1.784	0.007329
1585	15.85	1.785	0.007346
1586	15.86	1.786	0.007362
1587	15.87	1.787	0.007378
1588	15.88	1.788	0.007394
1589	15.89	1.789	0.007412
1590	15.9	1.79	0.007429
1591	15.91	1.791	0.007445
1592	15.92	1.792	0.007462
1593	15.93	1.793	0.007479
1594	15.94	1.794	0.007496
1595	15.95	1.795	0.007514
1596	15.96	1.796	0.007532
1597	15.97	1.797	0.00755
1598	15.98	1.798	0.007567
1599	15.99	1.799	0.007585
1600	16	1.8	0.007537
1601	16.01	1.799	0.007354
1602	16.02	1.798	0.007173
1603	16.03	1.797	0.007003
1604	16.04	1.796	0.006839
1605	16.05	1.795	0.006681
1606	16.06	1.794	0.006529
1607	16.07	1.793	0.006383
1608	16.08	1.792	0.006242
1609	16.09	1.791	0.006105
1610	16.1	1.79	0.005974
1611	16.11	1.789	0.005845
1612	16.12	1.788	0.00572
1613	16.13	1.787	0.005601
1614	16.14	1.786	0.005484
1615	16.15	1.785	0.005371
1616	16.16	1.784	0.00526
1617	16.17	1.783	0.005152
1618	16.18	1.782	0.005046
1619	16.19	1.781	0.004945
1620	16.2	1.78	0.004843
1621	16.21	1.779	0.004745
1622	16.22	1.778	0.00465
1623	16.23	1.777	0.004557
1624	16.24	1.776	0.004464
1625	16.25	1.775	0.004374
1626	16.26	1.774	0.004284
1627	16.27	1.773	0.004198
1628	16.28	1.772	0.004111
1629	16.29	1.771	0.004029
1630	16.3	1.77	0.003947
1631	16.31	1.769	0.003868
1632	16.32	1.768	0.00379
1633	16.33	1.767	0.003715
1634	16.34	1.766	0.00364
1635	16.35	1.765	0.003568
1636	16.36	1.764	0.003494
1637	16.37	1.763	0.003425
1638	16.38	1.762	0.003356
1639	16.39	1.761	0.003288
1640	16.4	1.76	0.003221
1641	16.41	1.759	0.003155
1642	16.42	1.758	0.00309
1643	16.43	1.757	0.003027
1644	16.44	1.756	0.002964
1645	16.45	1.755	0.002904
1646	16.46	1.754	0.002843
1647	16.47	1.753	0.002783
1648	16.48	1.752	0.002725
1649	16.49	1.751	0.002668
1650	16.5	1.75	0.002612
1651	16.51	1.749	0.002557
1652	16.52	1.748	0.0025
1653	16.53	1.747	0.002447
1654	16.54	1.746	0.002393
1655	16.55	1.745	0.002342
1656	16.56	1.744	0.00229
1657	16.57	1.743	0.002241
1658	16.58	1.742	0.002191
1659	16.59	1.741	0.002142
1660	16.6	1.74	0.002093
1661	16.61	1.739	0.002046
1662	16.62	1.738	0.001998
1663	16.63	1.737	0.001952
1664	16.64	1.736	0.001907
1665	16.65	1.735	0.001863
1666	16.66	1.734	0.001818
1667	16.67	1.733	0.001775
1668	16.68	1.732	0.001732
1669	16.69	1.731	0.001691
1670	16.7	1.73	0.00165
1671	16.71	1.729	0.00161
1672	16.72	1.728	0.001569
1673	16.73	1.727	0.001532
1674	16.74	1.726	0.001491
1675	16.75	1.725	0.001453
1676	16.76	1.724	0.001415
1677	16.77	1.723	0.001379
1678	16.78	1.722	0.001342
1679	16.79	1.721	0.001308
1680	16.8	1.72	0.001271
1681	16.81	1.719	0.001237
1682	16.82	1.718	0.001202
1683	16.83	1.717	0.001169
1684	16.84	1.716	0.001134
1685	16.85	1.715	0.001103
1686	16.86	1.714	0.001069
1687	16.87	1.713	0.00104
1688	16.88	1.712	0.001007
1689	16.89	1.711	0.000977
1690	16.9	1.71	0.000946
1691	16.91	1.709	0.000918
1692	16.92	1.708	0.000887
1693	16.93	1.707	0.00086
1694	16.94	1.706	0.00083
1695	16.95	1.705	0.000805
1696	16.96	1.704	0.000777
1697	16.97	1.703	0.000751
1698	16.98	1.702	0.000723
1699	16.99	1.701	0.000699
1700	17	1.7	0.000671
1701	17.01	1.699	0.000647
1702	17.02	1.698	0.000621
1703	17.03	1.697	0.000598
1704	17.04	1.696	0.000573
1705	17.05	1.695	0.00055
1706	17.06	1.694	0.000526
1707	17.07	1.693	0.000504
1708	17.08	1.692	0.000481
1709	17.09	1.691	0.00046
1710	17.1	1.69	0.000437
1711	17.11	1.689	0.000416
1712	17.12	1.688	0.000394
1713	17.13	1.687	0.000375
1714	17.14	1.686	0.000354
1715	17.15	1.685	0.000336
1716	17.16	1.684	0.000316
1717	17.17	1.683	0.000299
1718	17.18	1.682	0.000279
1719	17.19	1.681	0.000263
1720	17.2	1.68	0.000243
1721	17.21	1.679	0.000228
1722	17.22	1.678	0.000211
1723	17.23	1.677	0.000197
1724	17.24	1.676	0.000179
1725	17.25	1.675	0.000166
1726	17.26	1.674	0.00015
1727	17.27	1.673	0.000138
1728	17.28	1.672	0.000123
1729	17.29	1.671	0.000112
1730	17.3	1.67	9.81e-05
1731	17.31	1.669	8.73e-05
1732	17.32	1.668	7.47e-05
1733	17.33	1.667	6.6e-05
1734	17.34	1.666	5.42e-05
1735	17.35	1.665	4.56e-05
1736	17.36	1.664	3.42e-05
1737	17.37	1.663	2.52e-05
1738	17.38	1.662	1.53e-05
1739	17.39	1.661	7.17e-06
1740	17.4	1.66	-3.96e-06
1741	17.41	1.659	-1.14e-05
1742	17.42	1.658	-2.15e-05
1743	17.43	1.657	-3.02e-05
1744	17.44	1.656	-4.16e-05
1745	17.45	1.655	-5.07e-05
1746	17.46	1.654	-6.31e-05
1747	17.47	1.653	-7.47e-05
1748	17.48	1.652	-8.75e-05
1749	17.49	1.651	-0.0001
1750	17.5	1.65	-0.000115
1751	17.51	1.649	-0.000128
1752	17.52	1.648	-0.000144
1753	17.53	1.647	-0.000161
1754	17.54	1.646	-0.000179
1755	17.55	1.645	-0.000197
1756	17.56	1.644	-0.000218
1757	17.57	1.643	-0.000237
1758	17.58	1.642	-0.000261
1759	17.59	1.641	-0.000282
1760	17.6	1.64	-0.000307
1761	17.61	1.639	-0.000332
1762	17.62	1.638	-0.000361
1763	17.63	1.637	-0.000387
1764	17.64	1.636	-0.000416
1765	17.65	1.635	-0.000444
1766	17.66	1.634	-0.000473
1767	17.67	1.633	-0.000502
1768	17.68	1.632	-0.000533
1769	17.69	1.631	-0.000563
1770	17.7	1.63	-0.000593
1771	17.71	1.629	-0.000623
1772	17.72	1.628	-0.000655
1773	17.73	1.627	-0.000684
1774	17.74	1.626	-0.000714
1775	17.75	1.625	-0.000745
1776	17.76	1.624	-0.000775
1777	17.77	1.623	-0.000804
1778	17.78	1.622	-0.000831
1779	17.79	1.621	-0.00086
1780	17.8	1.62	-0.000888
1781	17.81	1.619	-0.000915
1782	17.82	1.618	-0.000941
1783	17.83	1.617	-0.000968
1784	17.84	1.616	-0.000992
1785	17.85	1.615	-0.001017
1786	17.86	1.614	-0.00104
1787	17.87	1.613	-0.001065
1788	17.88	1.612	-0.001087
1789	17.89	1.611	-0.00111
1790	17.9	1.61	-0.001132
1791	17.91	1.609	-0.001153
1792	17.92	1.608	-0.001174
1793	17.93	1.607	-0.001194
1794	17.94	1.606	-0.001213
1795	17.95	1.605	-0.001233
1796	17.96	1.604	-0.001253
1797	17.97	1.603	-0.001271
1798	17.98	1.602	-0.001288
1799	17.99	1.601	-0.001307
1800	18	1.6	-0.001324
1801	18.01	1.599	-0.001342
1802	18.02	1.598	-0.001359
1803	18.03	1.597	-0.001376
1804	18.04	1.596	-0.001392
1805	18.05	1.595	-0.001409
1806	18.06	1.594	-0.001424
1807	18.07	1.593	-0.001441
1808	18.08	1.592	-0.001455
1809	18.09	1.591	-0.001471
1810	18.1	1.59	-0.001484
1811	18.11	1.589	-0.001499
1812	18.12	1.588	-0.001512
1813	18.13	1.587	-0.001527
1814	18.14	1.586	-0.001541
1815	18.15	1.585	-0.001555
1816	18.16	1.584	-0.001567
1817	18.17	1.583	-0.001581
1818	18.18	1.582	-0.001593
1819	18.19	1.581	-0.001607
1820	18.2	1.58	-0.001618
1821	18.21	1.579	-0.001632
1822	18.22	1.578	-0.001644
1823	18.23	1.577	-0.001656
1824	18.24	1.576	-0.001667
1825	18.25	1.575	-0.001679
1826	18.26	1.574	-0.001691
1827	18.27	1.573	-0.001703
1828	18.28	1.572	-0.001714
1829	18.29	1.571	-0.001725
1830	18.3	1.57	-0.001736
1831	18.31	1.569	-0.001748
1832	18.32	1.568	-0.001758
1833	18.33	1.567	-0.00177
1834	18.34	1.566	-0.001778
1835	18.35	1.565	-0.00179
1836	18.36	1.564	-0.0018
1837	18.37	1.563	-0.00181
1838	18.38	1.562	-0.001821
1839	18.39	1.561	-0.001831
1840	18.4	1.56	-0.001839
1841	18.41	1.559	-0.00185
1842	18.42	1.558	-0.001861
1843	18.43	1.557	-0.001871
1844	18.44	1.556	-0.00188
1845	18.45	1.555	-0.00189
1846	18.46	1.554	-0.001899
1847	18.47	1.553	-0.001908
1848	18.48	1.552	-0.001916
1849	18.49	1.551	-0.001926
1850	18.5	1.55	-0.001934
1851	18.51	1.549	-0.001944
1852	18.52	1.548	-0.001952
1853	18.53	1.547	-0.001961
1854	18.54	1.546	-0.001969
1855	18.55	1.545	-0.001978
1856	18.56	1.544	-0.001986
1857	18.57	1.543	-0.001994
1858	18.58	1.542	-0.002002
1859	18.59	1.541	-0.002012
1860	18.6	1.54	-0.002019
1861	18.61	1.539	-0.002027
1862	18.62	1.538	-0.002034
1863	18.63	1.537	-0.002043
1864	18.64	1.536	-0.002052
1865	18.65	1.535	-0.00206
1866	18.66	1.534	-0.002067
1867	18.67	1.533	-0.002075
1868	18.68	1.532	-0.002081
1869	18.69	1.531	-0.00209
1870	18.7	1.53	-0.002096
1871	18.71	1.529	-0.002104
1872	18.72	1.528	-0.00211
1873	18.73	1.527	-0.002118
1874	18.74	1.526	-0.002123
1875	18.75	1.525	-0.002132
1876	18.76	1.524	-0.002138
1877	18.77	1.523	-0.002146
1878	18.78	1.522	-0.002152
1879	18.79	1.521	-0.00216
1880	18.8	1.52	-0.002167
1881	18.81	1.519	-0.002175
1882	18.82	1.518	-0.00218
1883	18.83	1.517	-0.002187
1884	18.84	1.516	-0.002193
1885	18.85	1.515	-0.002199
1886	18.86	1.514	-0.002207
1887	18.87	1.513	-0.002213
1888	18.88	1.512	-0.002218
1889	18.89	1.511	-0.002225
1890	18.9	1.51	-0.00223
1891	18.91	1.509	-0.002237
1892	18.92	1.508	-0.002242
1893	18.93	1.507	-0.002249
1894	18.94	1.506	-0.002254
1895	18.95	1.505	-0.002261
1896	18.96	1.504	-0.002267
1897	18.97	1.503	-0.002274
1898	18.98	1.502	-0.002278
1899	18.99	1.501	-0.002285
1900	19	1.5	-0.00229
1901	19.01	1.499	-0.002296
1902	19.02	1.498	-0.002301
1903	19.03	1.497	-0.002308
1904	19.04	1.496	-0.002312
1905	19.05	1.495	-0.002318
1906	19.06	1.494	-0.002322
1907	19.07	1.493	-0.002329
1908	19.08	1.492	-0.002333
1909	19.09	1.491	-0.002339
1910	19.1	1.49	-0.002345
1911	19.11	1.489	-0.002349
1912	19.12	1.488	-0.002353
1913	19.13	1.487	-0.002359
1914	19.14	1.486	-0.002363
1915	19.15	1.485	-0.00237
1916	19.16	1.484	-0.002375
1917	19.17	1.483	-0.00238
1918	19.18	1.482	-0.002385
1919	19.19	1.481	-0.00239
1920	19.2	1.48	-0.002393
1921	19.21	1.479	-0.002399
1922	19.22	1.478	-0.002402
1923	19.23	1.477	-0.002407
1924	19.24	1.476	-0.00241
1925	19.25	1.475	-0.002416
1926	19.26	1.474	-0.002421
1927	19.27	1.473	-0.002426
1928	19.28	1.472	-0.00243
1929	19.29	1.471	-0.002435
1930	19.3	1.47	-0.002437
1931	19.31	1.469	-0.002443
1932	19.32	1.468	-0.002448
1933	19.33	1.467	-0.002452
1934	19.34	1.466	-0.002455
1935	19.35	1.465	-0.002461
1936	19.36	1.464	-0.002464
1937	19.37	1.463	-0.00247
1938	19.38	1.462	-0.002473
1939	19.39	1.461	-0.002478
1940	19.4	1.46	-0.002481
1941	19.41	1.459	-0.002487
1942	19.42	1.458	-0.002489
1943	19.43	1.457	-0.002495
1944	19.44	1.456	-0.002498
1945	19.45	1.455	-0.002503
1946	19.46	1.454	-0.002506
1947	19.47	1.453	-0.002511
1948	19.48	1.452	-0.002515
1949	19.49	1.451	-0.002518
1950	19.5	1.45	-0.002522
1951	19.51	1.449	-0.002526
1952	19.52	1.448	-0.002529
1953	19.53	1.447	-0.002536
1954	19.54	1.446	-0.002538
1955	19.55	1.445	-0.002542
1956	19.56	1.444	-0.002545
1957	19.57	1.443	-0.002551
1958	19.58	1.442	-0.002553
1959	19.59	1.441	-0.002558
1960	19.6	1.44	-0.00256
1961	19.61	1.439	-0.002565
1962	19.62	1.438	-0.002567
1963	19.63	1.437	-0.002572
1964	19.64	1.436	-0.002574
1965	19.65	1.435	-0.002579
1966	19.66	1.434	-0.002581
1967	19.67	1.433	-0.002587
1968	19.68	1.432	-0.002589
1969	19.69	1.431	-0.002594
1970	19.7	1.43	-0.002596
1971	19.71	1.429	-0.0026
1972	19.72	1.428	-0.002602
1973	19.73	1.427	-0.002607
1974	19.74	1.426	-0.002608
1975	19.75	1.425	-0.002613
1976	19.76	1.424	-0.002615
1977	19.77	1.423	-0.002621
1978	19.78	1.422	-0.002622
1979	19.79	1.421	-0.002627
1980	19.8	1.42	-0.002629
1981	19.81	1.419	-0.002632
1982	19.82	1.418	-0.002635
1983	19.83	1.417	-0.00264
1984	19.84	1.416	-0.00264
1985	19.85	1.415	-0.002646
1986	19.86	1.414	-0.002647
1987	19.87	1.413	-0.002651
1988	19.88	1.412	-0.002654
1989	19.89	1.411	-0.002658
1990	19.9	1.41	-0.00266
1991	19.91	1.409	-0.002663
1992	19.92	1.408	-0.002666
1993	19.93	1.407	-0.00267
1994	19.94	1.406	-0.002672
1995	19.95	1.405	-0.002676
1996	19.96	1.404	-0.002677
1997	19.97	1.403	-0.00268
1998	19.98	1.402	-0.002684
1999	19.99	1.401	-0.002689
2000	20	1.4	-0.00269
2001	20.01	1.399	-0.002696
2002	20.02	1.398	-0.002696
2003	20.03	1.397	-0.0027
2004	20.04	1.396	-0.002701
2005	20.05	1.395	-0.002707
2006	20.06	1.394	-0.002707
2007	20.07	1.393	-0.002713
2008	20.08	1.392	-0.002713
2009	20.09	1.391	-0.002718
2010	20.1	1.39	-0.002718
2011	20.11	1.389	-0.002723
2012	20.12	1.388	-0.002724
2013	20.13	1.387	-0.002729
2014	20.14	1.386	-0.002731
2015	20.15	1.385	-0.002734
2016	20.16	1.384	-0.002736
2017	20.17	1.383	-0.002741
2018	20.18	1.382	-0.002741
2019	20.19	1.381	-0.002747
2020	20.2	1.38	-0.002748
2021	20.21	1.379	-0.002751
2022	20.22	1.378	-0.002751
2023	20.23	1.377	-0.002756
2024	20.24	1.376	-0.002758
2025	20.25	1.375	-0.002762
2026	20.26	1.374	-0.002761
2027	20.27	1.373	-0.002765
2028	20.28	1.372	-0.002767
2029	20.29	1.371	-0.002771
2030	20.3	1.37	-0.002772
2031	20.31	1.369	-0.002776
2032	20.32	1.368	-0.002777
2033	20.33	1.367	-0.002781
2034	20.34	1.366	-0.002782
2035	20.35	1.365	-0.002787
2036	20.36	1.364	-0.002788
2037	20.37	1.363	-0.002791
2038	20.38	1.362	-0.002792
2039	20.39	1.361	-0.002796
2040	20.4	1.36	-0.002798
2041	20.41	1.359	-0.002802
2042	20.42	1.358	-0.002802
2043	20.43	1.357	-0.002808
2044	20.44	1.356	-0.00281
2045	20.45	1.355	-0.002814
2046	20.46	1.354	-0.002815
2047	20.47	1.353	-0.002819
2048	20.48	1.352	-0.002819
2049	20.49	1.351	-0.002825
2050	20.5	1.35	-0.002825
2051	20.51	1.349	-0.002829
2052	20.52	1.348	-0.00283
2053	20.53	1.347	-0.002834
2054	20.54	1.346	-0.002835
2055	20.55	1.345	-0.00284
2056	20.56	1.344	-0.00284
2057	20.57	1.343	-0.002843
2058	20.58	1.342	-0.002844
2059	20.59	1.341	-0.002848
2060	20.6	1.34	-0.002849
2061	20.61	1.339	-0.002853
2062	20.62	1.338	-0.002855
2063	20.63	1.337	-0.002859
2064	20.64	1.336	-0.002859
2065	20.65	1.335	-0.002864
2066	20.66	1.334	-0.002864
2067	20.67	1.333	-0.002867
2068	20.68	1.332	-0.002869
2069	20.69	1.331	-0.002876
2070	20.7	1.33	-0.002876
2071	20.71	1.329	-0.00288
2072	20.72	1.328	-0.00288
2073	20.73	1.327	-0.002885
2074	20.74	1.326	-0.002885
2075	20.75	1.325	-0.002889
2076	20.76	1.324	-0.002891
2077	20.77	1.323	-0.002894
2078	20.78	1.322	-0.002895
2079	20.79	1.321	-0.002899
2080	20.8	1.32	-0.0029
2081	20.81	1.319	-0.002904
2082	20.82	1.318	-0.002904
2083	20.83	1.317	-0.002909
2084	20.84	1.316	-0.00291
2085	20.85	1.315	-0.002914
2086	20.86	1.314	-0.002914
2087	20.87	1.313	-0.002918
2088	20.88	1.312	-0.002919
2089	20.89	1.311	-0.002924
2090	20.9	1.31	-0.002924
2091	20.91	1.309	-0.002928
2092	20.92	1.308	-0.002928
2093	20.93	1.307	-0.002934
2094	20.94	1.306	-0.002934
2095	20.95	1.305	-0.002937
2096	20.96	1.304	-0.002938
2097	20.97	1.303	-0.002943
2098	20.98	1.302	-0.002943
2099	20.99	1.301	-0.002947
2100	21	1.3	-0.002948
2101	21.01	1.299	-0.002952
2102	21.02	1.298	-0.002954
2103	21.03	1.297	-0.002958
2104	21.04	1.296	-0.002958
2105	21.05	1.295	-0.002963
2106	21.06	1.294	-0.002964
2107	21.07	1.293	-0.002969
2108	21.08	1.292	-0.002969
2109	21.09	1.291	-0.002973
2110	21.1	1.29	-0.002974
2111	21.11	1.289	-0.002978
2112	21.12	1.288	-0.002979
2113	21.13	1.287	-0.002983
2114	21.14	1.286	-0.002983
2115	21.15	1.285	-0.002988
2116	21.16	1.284	-0.002988
2117	21.17	1.283	-0.002992
2118	21.18	1.282	-0.002993
2119	21.19	1.281	-0.002996
2120	21.2	1.28	-0.002998
2121	21.21	1.279	-0.003003
2122	21.22	1.278	-0.003004
2123	21.23	1.277	-0.003007
2124	21.24	1.276	-0.003008
2125	21.25	1.275	-0.003011
2126	21.26	1.274	-0.003013
2127	21.27	1.273	-0.003018
2128	21.28	1.272	-0.003019
2129	21.29	1.271	-0.003025
2130	21.3	1.27	-0.003024
2131	21.31	1.269	-0.003028
2132	21.32	1.268	-0.003029
2133	21.33	1.267	-0.003033
2134	21.34	1.266	-0.003035
2135	21.35	1.265	-0.003038
2136	21.36	1.264	-0.00304
2137	21.37	1.263	-0.003043
2138	21.38	1.262	-0.003044
2139	21.39	1.261	-0.003048
2140	21.4	1.26	-0.003049
2141	21.41	1.259	-0.003054
2142	21.42	1.258	-0.003055
2143	21.43	1.257	-0.003059
2144	21.44	1.256	-0.003059
2145	21.45	1.255	-0.003063
2146	21.46	1.254	-0.003065
2147	21.47	1.253	-0.00307
2148	21.48	1.252	-0.003071
2149	21.49	1.251	-0.003074
2150	21.5	1.25	-0.003077
2151	21.51	1.249	-0.00308
2152	21.52	1.248	-0.003082
2153	21.53	1.247	-0.003087
2154	21.54	1.246	-0.003087
2155	21.55	1.245	-0.003091
2156	21.56	1.244	-0.003093
2157	21.57	1.243	-0.003096
2158	21.58	1.242	-0.003099
2159	21.59	1.241	-0.003103
2160	21.6	1.24	-0.003104
2161	21.61	1.239	-0.003108
2162	21.62	1.238	-0.003109
2163	21.63	1.237	-0.003115
2164	21.64	1.236	-0.003117
2165	21.65	1.235	-0.003121
2166	21.66	1.234	-0.003121
2167	21.67	1.233	-0.003126
2168	21.68	1.232	-0.003126
2169	21.69	1.231	-0.003131
2170	21.7	1.23	-0.003131
2171	21.71	1.229	-0.003139
2172	21.72	1.228	-0.003142
2173	21.73	1.227	-0.003146
2174	21.74	1.226	-0.003147
2175	21.75	1.225	-0.00315
2176	21.76	1.224	-0.003151
2177	21.77	1.223	-0.003156
2178	21.78	1.222	-0.003157
2179	21.79	1.221	-0.003161
2180	21.8	1.22	-0.003162
2181	21.81	1.219	-0.003166
2182	21.82	1.218	-0.003169
2183	21.83	1.217	-0.003173
2184	21.84	1.216	-0.003174
2185	21.85	1.215	-0.003179
2186	21.86	1.214	-0.003179
2187	21.87	1.213	-0.003184
2188	21.88	1.212	-0.003186
2189	21.89	1.211	-0.00319
2190	21.9	1.21	-0.003192
2191	21.91	1.209	-0.003196
2192	21.92	1.208	-0.003198
2193	21.93	1.207	-0.003203
2194	21.94	1.206	-0.003204
2195	21.95	1.205	-0.003209
2196	21.96	1.204	-0.003212
2197	21.97	1.203	-0.003215
2198	21.98	1.202	-0.003219
2199	21.99	1.201	-0.003222
2200	22	1.2	-0.003223
2201	22.01	1.199	-0.003228
2202	22.02	1.198	-0.00323
2203	22.03	1.197	-0.003235
2204	22.04	1.196	-0.003237
2205	22.05	1.195	-0.003241
2206	22.06	1.194	-0.003243
2207	22.07	1.193	-0.003247
2208	22.08	1.192	-0.003249
2209	22.09	1.191	-0.003254
2210	22.1	1.19	-0.003256
2211	22.11	1.189	-0.00326
2212	22.12	1.188	-0.003262
2213	22.13	1.187	-0.003266
2214	22.14	1.186	-0.003267
2215	22.15	1.185	-0.003273
2216	22.16	1.184	-0.003277
2217	22.17	1.183	-0.003281
2218	22.18	1.182	-0.003281
2219	22.19	1.181	-0.003287
2220	22.2	1.18	-0.003288
2221	22.21	1.179	-0.003293
2222	22.22	1.178	-0.003295
2223	22.23	1.177	-0.003301
2224	22.24	1.176	-0.003301
2225	22.25	1.175	-0.003308
2226	22.26	1.174	-0.003309
2227	22.27	1.173	-0.003314
2228	22.28	1.172	-0.003316
2229	22.29	1.171	-0.00332
2230	22.3	1.17	-0.003322
2231	22.31	1.169	-0.003327
2232	22.32	1.168	-0.003329
2233	22.33	1.167	-0.003335
2234	22.34	1.166	-0.003336
2235	22.35	1.165	-0.003341
2236	22.36	1.164	-0.003344
2237	22.37	1.163	-0.003347
2238	22.38	1.162	-0.003349
2239	22.39	1.161	-0.003355
2240	22.4	1.16	-0.003357
2241	22.41	1.159	-0.003363
2242	22.42	1.158	-0.003364
2243	22.43	1.157	-0.003369
2244	22.44	1.156	-0.003371
2245	22.45	1.155	-0.003377
2246	22.46	1.154	-0.003378
2247	22.47	1.153	-0.003384
2248	22.48	1.152	-0.003387
2249	22.49	1.151	-0.003392
2250	22.5	1.15	-0.003394
2251	22.51	1.149	-0.003398
2252	22.52	1.148	-0.003401
2253	22.53	1.147	-0.003406
2254	22.54	1.146	-0.003409
2255	22.55	1.145	-0.003414
2256	22.56	1.144	-0.003415
2257	22.57	1.143	-0.003422
2258	22.58	1.142	-0.003423
2259	22.59	1.141	-0.003429
2260	22.6	1.14	-0.003431
2261	22.61	1.139	-0.003437
2262	22.62	1.138	-0.003439
2263	22.63	1.137	-0.003445
2264	22.64	1.136	-0.003446
2265	22.65	1.135	-0.003452
2266	22.66	1.134	-0.003453
2267	22.67	1.133	-0.003459
2268	22.68	1.132	-0.003462
2269	22.69	1.131	-0.003467
2270	22.7	1.13	-0.003469
2271	22.71	1.129	-0.003474
2272	22.72	1.128	-0.003477
2273	22.73	1.127	-0.003483
2274	22.74	1.126	-0.003486
2275	22.75	1.125	-0.003491
2276	22.76	1.124	-0.003494
2277	22.77	1.123	-0.003497
2278	22.78	1.122	-0.0035
2279	22.79	1.121	-0.003505
2280	22.8	1.12	-0.003508
2281	22.81	1.119	-0.003514
2282	22.82	1.118	-0.003515
2283	22.83	1.117	-0.003521
2284	22.84	1.116	-0.003524
2285	22.85	1.115	-0.003528
2286	22.86	1.114	-0.003532
2287	22.87	1.113	-0.003537
2288	22.88	1.112	-0.003539
2289	22.89	1.111	-0.003545
2290	22.9	1.11	-0.003547
2291	22.91	1.109	-0.003553
2292	22.92	1.108	-0.003555
2293	22.93	1.107	-0.003561
2294	22.94	1.106	-0.003563
2295	22.95	1.105	-0.003568
2296	22.96	1.104	-0.003571
2297	22.97	1.103	-0.003577
2298	22.98	1.102	-0.003577
2299	22.99	1.101	-0.003582
2300	23	1.1	-0.003586
2301	23.01	1.099	-0.00359
2302	23.02	1.098	-0.003594
2303	23.03	1.097	-0.0036
2304	23.04	1.096	-0.003601
2305	23.05	1.095	-0.003608
2306	23.06	1.094	-0.003609
2307	23.07	1.093	-0.003615
2308	23.08	1.092	-0.003617
2309	23.09	1.091	-0.003622
2310	23.1	1.09	-0.003626
2311	23.11	1.089	-0.003631
2312	23.12	1.088	-0.003635
2313	23.13	1.087	-0.003642
2314	23.14	1.086	-0.003642
2315	23.15	1.085	-0.003648
2316	23.16	1.084	-0.00365
2317	23.17	1.083	-0.003656
2318	23.18	1.082	-0.00366
2319	23.19	1.081	-0.003667
2320	23.2	1.08	-0.003668
2321	23.21	1.079	-0.003674
2322	23.22	1.078	-0.003677
2323	23.23	1.077	-0.003682
2324	23.24	1.076	-0.003684
2325	23.25	1.075	-0.003691
2326	23.26	1.074	-0.003693
2327	23.27	1.073	-0.003698
2328	23.28	1.072	-0.0037
2329	23.29	1.071	-0.003707
2330	23.3	1.07	-0.003709
2331	23.31	1.069	-0.003715
2332	23.32	1.068	-0.003718
2333	23.33	1.067	-0.003722
2334	23.34	1.066	-0.003724
2335	23.35	1.065	-0.00373
2336	23.36	1.064	-0.003733
2337	23.37	1.063	-0.003739
2338	23.38	1.062	-0.003742
2339	23.39	1.061	-0.003747
2340	23.4	1.06	-0.00375
2341	23.41	1.059	-0.003754
2342	23.42	1.058	-0.003758
2343	23.43	1.057	-0.003764
2344	23.44	1.056	-0.003767
2345	23.45	1.055	-0.003772
2346	23.46	1.054	-0.003774
2347	23.47	1.053	-0.00378
2348	23.48	1.052	-0.003783
2349	23.49	1.051	-0.003787
2350	23.5	1.05	-0.003791
2351	23.51	1.049	-0.003796
2352	23.52	1.048	-0.003798
2353	23.53	1.047	-0.003804
2354	23.54	1.046	-0.003807
2355	23.55	1.045	-0.003812
2356	23.56	1.044	-0.003815
2357	23.57	1.043	-0.003821
2358	23.58	1.042	-0.003822
2359	23.59	1.041	-0.003828
2360	23.6	1.04	-0.003831
2361	23.61	1.039	-0.003836
2362	23.62	1.038	-0.003838
2363	23.63	1.037	-0.003845
2364	23.64	1.036	-0.003849
2365	23.65	1.035	-0.003854
2366	23.66	1.034	-0.003857
2367	23.67	1.033	-0.003862
2368	23.68	1.032	-0.003864
2369	23.69	1.031	-0.003871
2370	23.7	1.03	-0.003872
2371	23.71	1.029	-0.003878
2372	23.72	1.028	-0.00388
2373	23.73	1.027	-0.003884
2374	23.74	1.026	-0.003888
2375	23.75	1.025	-0.003893
2376	23.76	1.024	-0.003897
2377	23.77	1.023	-0.003903
2378	23.78	1.022	-0.003905
2379	23.79	1.021	-0.003912
2380	23.8	1.02	-0.003914
2381	23.81	1.019	-0.00392
2382	23.82	1.018	-0.003922
2383	23.83	1.017	-0.003928
2384	23.84	1.016	-0.003931
2385	23.85	1.015	-0.003936
2386	23.86	1.014	-0.003938
2387	23.87	1.013	-0.003944
2388	23.88	1.012	-0.003947
2389	23.89	1.011	-0.003952
2390	23.9	1.01	-0.003955
2391	23.91	1.009	-0.003959
2392	23.92	1.008	-0.003963
2393	23.93	1.007	-0.003969
2394	23.94	1.006	-0.003971
2395	23.95	1.005	-0.003976
2396	23.96	1.004	-0.003979
2397	23.97	1.003	-0.003983
2398	23.98	1.002	-0.003987
2399	23.99	1.001	-0.003992
2400	24	1	-0.003995
2401	24.01	0.999	-0.004
2402	24.02	0.998	-0.004002
2403	24.03	0.997	-0.004009
2404	24.04	0.996	-0.004011
2405	24.05	0.995	-0.004016
2406	24.06	0.994	-0.00402
2407	24.07	0.993	-0.004024
2408	24.08	0.992	-0.004027
2409	24.09	0.991	-0.004033
2410	24.1	0.99	-0.004035
2411	24.11	0.989	-0.00404
2412	24.12	0.988	-0.004043
2413	24.13	0.987	-0.004047
2414	24.14	0.986	-0.00405
2415	24.15	0.985	-0.004056
2416	24.16	0.984	-0.004059
2417	24.17	0.983	-0.004065
2418	24.18	0.982	-0.004067
2419	24.19	0.981	-0.004072
2420	24.2	0.98	-0.004075
2421	24.21	0.979	-0.004081
2422	24.22	0.978	-0.004083
2423	24.23	0.977	-0.004088
2424	24.24	0.976	-0.004091
2425	24.25	0.975	-0.004098
2426	24.26	0.974	-0.0041
2427	24.27	0.973	-0.004106
2428	24.28	0.972	-0.004109
2429	24.29	0.971	-0.004113
2430	24.3	0.97	-0.004116
2431	24.31	0.969	-0.004121
2432	24.32	0.968	-0.004123
2433	24.33	0.967	-0.004131
2434	24.34	0.966	-0.004133
2435	24.35	0.965	-0.004138
2436	24.36	0.964	-0.00414
2437	24.37	0.963	-0.004146
2438	24.38	0.962	-0.00415
2439	24.39	0.961	-0.004154
2440	24.4	0.96	-0.004156
2441	24.41	0.959	-0.004164
2442	24.42	0.958	-0.004164
2443	24.43	0.957	-0.00417
2444	24.44	0.956	-0.004173
2445	24.45	0.955	-0.004177
2446	24.46	0.954	-0.004182
2447	24.47	0.953	-0.004186
2448	24.48	0.952	-0.004188
2449	24.49	0.951	-0.004195
2450	24.5	0.95	-0.004198
2451	24.51	0.949	-0.004203
2452	24.52	0.948	-0.004206
2453	24.53	0.947	-0.004212
2454	24.54	0.946	-0.004214
2455	24.55	0.945	-0.00422
2456	24.56	0.944	-0.004222
2457	24.57	0.943	-0.004228
2458	24.58	0.942	-0.004231
2459	24.59	0.941	-0.004236
2460	24.6	0.94	-0.004238
2461	24.61	0.939	-0.004243
2462	24.62	0.938	-0.004247
2463	24.63	0.937	-0.004253
2464	24.64	0.936	-0.004254
2465	24.65	0.935	-0.004259
2466	24.66	0.934	-0.004262
2467	24.67	0.933	-0.004268
2468	24.68	0.932	-0.004271
2469	24.69	0.931	-0.004275
2470	24.7	0.93	-0.004278
2471	24.71	0.929	-0.004285
2472	24.72	0.928	-0.004287
2473	24.73	0.927	-0.004293
2474	24.74	0.926	-0.004294
2475	24.75	0.925	-0.0043
2476	24.76	0.924	-0.004304
2477	24.77	0.923	-0.004309
2478	24.78	0.922	-0.004312
2479	24.79	0.921	-0.004319
2480	24.8	0.92	-0.004322
2481	24.81	0.919	-0.004327
2482	24.82	0.918	-0.004329
2483	24.83	0.917	-0.004335
2484	24.84	0.916	-0.004336
2485	24.85	0.915	-0.004342
2486	24.86	0.914	-0.004344
2487	24.87	0.913	-0.004351
2488	24.88	0.912	-0.004353
2489	24.89	0.911	-0.004358
2490	24.9	0.91	-0.004361
2491	24.91	0.909	-0.004367
2492	24.92	0.908	-0.00437
2493	24.93	0.907	-0.004374
2494	24.94	0.906	-0.004378
2495	24.95	0.905	-0.004384
2496	24.96	0.904	-0.004385
2497	24.97	0.903	-0.004392
2498	24.98	0.902	-0.004394
2499	24.99	0.901	-0.0044
2500	25	0.9	-0.004404
2501	25.01	0.899	-0.004409
2502	25.02	0.898	-0.004411
2503	25.03	0.897	-0.004417
2504	25.04	0.896	-0.00442
2505	25.05	0.895	-0.004426
2506	25.06	0.894	-0.004427
2507	25.07	0.893	-0.004434
2508	25.08	0.892	-0.004436
2509	25.09	0.891	-0.00444
2510	25.1	0.89	-0.004444
2511	25.11	0.889	-0.00445
2512	25.12	0.888	-0.004451
2513	25.13	0.887	-0.004458
2514	25.14	0.886	-0.004461
2515	25.15	0.885	-0.004468
2516	25.16	0.884	-0.00447
2517	25.17	0.883	-0.004475
2518	25.18	0.882	-0.004478
2519	25.19	0.881	-0.004483
2520	25.2	0.88	-0.004485
2521	25.21	0.879	-0.004491
2522	25.22	0.878	-0.004494
2523	25.23	0.877	-0.004499
2524	25.24	0.876	-0.004503
2525	25.25	0.875	-0.004507
2526	25.26	0.874	-0.004511
2527	25.27	0.873	-0.004516
2528	25.28	0.872	-0.004518
2529	25.29	0.871	-0.004524
2530	25.3	0.87	-0.004527
2531	25.31	0.869	-0.004532
2532	25.32	0.868	-0.004536
2533	25.33	0.867	-0.004541
2534	25.34	0.866	-0.004543
2535	25.35	0.865	-0.004549
2536	25.36	0.864	-0.00455
2537	25.37	0.863	-0.004557
2538	25.38	0.862	-0.004557
2539	25.39	0.861	-0.004564
2540	25.4	0.86	-0.004568
2541	25.41	0.859	-0.004572
2542	25.42	0.858	-0.004575
2543	25.43	0.857	-0.004581
2544	25.44	0.856	-0.004583
2545	25.45	0.855	-0.004589
2546	25.46	0.854	-0.004591
2547	25.47	0.853	-0.004596
2548	25.48	0.852	-0.004599
2549	25.49	0.851	-0.004604
2550	25.5	0.85	-0.004607
2551	25.51	0.849	-0.004612
2552	25.52	0.848	-0.004615
2553	25.53	0.847	-0.004621
2554	25.54	0.846	-0.004623
2555	25.55	0.845	-0.004629
2556	25.56	0.844	-0.004632
2557	25.57	0.843	-0.004637
2558	25.58	0.842	-0.004639
2559	25.59	0.841	-0.004646
2560	25.6	0.84	-0.004647
2561	25.61	0.839	-0.004652
2562	25.62	0.838	-0.004655
2563	25.63	0.837	-0.00466
2564	25.64	0.836	-0.004663
2565	25.65	0.835	-0.004666
2566	25.66	0.834	-0.004669
2567	25.67	0.833	-0.004674
2568	25.68	0.832	-0.004678
2569	25.69	0.831	-0.004684
2570	25.7	0.83	-0.004686
2571	25.71	0.829	-0.004691
2572	25.72	0.828	-0.004693
2573	25.73	0.827	-0.004697
2574	25.74	0.826	-0.004701
2575	25.75	0.825	-0.004705
2576	25.76	0.824	-0.004707
2577	25.77	0.823	-0.004712
2578	25.78	0.822	-0.004715
2579	25.79	0.821	-0.004719
2580	25.8	0.82	-0.004722
2581	25.81	0.819	-0.004732
2582	25.82	0.818	-0.004734
2583	25.83	0.817	-0.004739
2584	25.84	0.816	-0.00474
2585	25.85	0.815	-0.004745
2586	25.86	0.814	-0.004747
2587	25.87	0.813	-0.004752
2588	25.88	0.812	-0.004754
2589	25.89	0.811	-0.004759
2590	25.9	0.81	-0.004761
2591	25.91	0.809	-0.004766
2592	25.92	0.808	-0.004768
2593	25.93	0.807	-0.004773
2594	25.94	0.806	-0.004776
2595	25.95	0.805	-0.004781
2596	25.96	0.804	-0.004783
2597	25.97	0.803	-0.004787
2598	25.98	0.802	-0.00479
2599	25.99	0.801	-0.004793
2600	26	0.8	-0.004796
2601	26.01	0.799	-0.004801
2602	26.02	0.798	-0.004804
2603	26.03	0.797	-0.004808
2604	26.04	0.796	-0.00481
2605	26.05	0.795	-0.004814
2606	26.06	0.794	-0.004817
2607	26.07	0.793	-0.004822
2608	26.08	0.792	-0.004825
2609	26.09	0.791	-0.004829
2610	26.1	0.79	-0.004831
2611	26.11	0.789	-0.004836
2612	26.12	0.788	-0.004838
2613	26.13	0.787	-0.004843
2614	26.14	0.786	-0.004846
2615	26.15	0.785	-0.004851
2616	26.16	0.784	-0.004853
2617	26.17	0.783	-0.004858
2618	26.18	0.782	-0.004858
2619	26.19	0.781	-0.004865
2620	26.2	0.78	-0.004867
2621	26.21	0.779	-0.004871
2622	26.22	0.778	-0.004873
2623	26.23	0.777	-0.004876
2624	26.24	0.776	-0.004878
2625	26.25	0.775	-0.004884
2626	26.26	0.774	-0.004886
2627	26.27	0.773	-0.004889
2628	26.28	0.772	-0.004891
2629	26.29	0.771	-0.004895
2630	26.3	0.77	-0.004898
2631	26.31	0.769	-0.004903
2632	26.32	0.768	-0.004906
2633	26.33	0.767	-0.00491
2634	26.34	0.766	-0.004911
2635	26.35	0.765	-0.004916
2636	26.36	0.764	-0.004918
2637	26.37	0.763	-0.004922
2638	26.38	0.762	-0.004924
2639	26.39	0.761	-0.004929
2640	26.4	0.76	-0.00493
2641	26.41	0.759	-0.004935
2642	26.42	0.758	-0.004936
2643	26.43	0.757	-0.004943
2644	26.44	0.756	-0.004944
2645	26.45	0.755	-0.00495
2646	26.46	0.754	-0.004951
2647	26.47	0.753	-0.004955
2648	26.48	0.752	-0.004957
2649	26.49	0.751	-0.004961
2650	26.5	0.75	-0.004962
2651	26.51	0.749	-0.004966
2652	26.52	0.748	-0.004969
2653	26.53	0.747	-0.004972
2654	26.54	0.746	-0.004974
2655	26.55	0.745	-0.004978
2656	26.56	0.744	-0.00498
2657	26.57	0.743	-0.004985
2658	26.58	0.742	-0.004987
2659	26.59	0.741	-0.004992
2660	26.6	0.74	-0.004995
2661	26.61	0.739	-0.004998
2662	26.62	0.738	-0.005
2663	26.63	0.737	-0.005003
2664	26.64	0.736	-0.005006
2665	26.65	0.735	-0.005011
2666	26.66	0.734	-0.005011
2667	26.67	0.733	-0.005016
2668	26.68	0.732	-0.005017
2669	26.69	0.731	-0.005021
2670	26.7	0.73	-0.005023
2671	26.71	0.729	-0.005028
2672	26.72	0.728	-0.005029
2673	26.73	0.727	-0.005033
2674	26.74	0.726	-0.005035
2675	26.75	0.725	-0.005038
2676	26.76	0.724	-0.00504
2677	26.77	0.723	-0.005044
2678	26.78	0.722	-0.005047
2679	26.79	0.721	-0.00505
2680	26.8	0.72	-0.005052
2681	26.81	0.719	-0.005056
2682	26.82	0.718	-0.005057
2683	26.83	0.717	-0.005063
2684	26.84	0.716	-0.005065
2685	26.85	0.715	-0.005068
2686	26.86	0.714	-0.00507
2687	26.87	0.713	-0.005073
2688	26.88	0.712	-0.005075
2689	26.89	0.711	-0.005079
2690	26.9	0.71	-0.00508
2691	26.91	0.709	-0.005085
2692	26.92	0.708	-0.005086
2693	26.93	0.707	-0.00509
2694	26.94	0.706	-0.005091
2695	26.95	0.705	-0.005094
2696	26.96	0.704	-0.005095
2697	26.97	0.703	-0.0051
2698	26.98	0.702	-0.005102
2699	26.99	0.701	-0.005106
2700	27	0.7	-0.005107
2701	27.01	0.699	-0.005109
2702	27.02	0.698	-0.005111
2703	27.03	0.697	-0.005115
2704	27.04	0.696	-0.005117
2705	27.05	0.695	-0.005121
2706	27.06	0.694	-0.005123
2707	27.07	0.693	-0.005126
2708	27.08	0.692	-0.005128
2709	27.09	0.691	-0.005132
2710	27.1	0.69	-0.005133
2711	27.11	0.689	-0.005136
2712	27.12	0.688	-0.005137
2713	27.13	0.687	-0.005141
2714	27.14	0.686	-0.005143
2715	27.15	0.685	-0.005147
2716	27.16	0.684	-0.005149
2717	27.17	0.683	-0.005151
2718	27.18	0.682	-0.005154
2719	27.19	0.681	-0.005157
2720	27.2	0.68	-0.005159
2721	27.21	0.679	-0.005163
2722	27.22	0.678	-0.005164
2723	27.23	0.677	-0.005168
2724	27.24	0.676	-0.005168
2725	27.25	0.675	-0.005172
2726	27.26	0.674	-0.005174
2727	27.27	0.673	-0.005178
2728	27.28	0.672	-0.005178
2729	27.29	0.671	-0.005182
2730	27.3	0.67	-0.005183
2731	27.31	0.669	-0.005188
2732	27.32	0.668	-0.00519
2733	27.33	0.667	-0.005191
2734	27.34	0.666	-0.005195
2735	27.35	0.665	-0.005199
2736	27.36	0.664	-0.005199
2737	27.37	0.663	-0.005203
2738	27.38	0.662	-0.005205
2739	27.39	0.661	-0.005207
2740	27.4	0.66	-0.005209
2741	27.41	0.659	-0.005211
2742	27.42	0.658	-0.005214
2743	27.43	0.657	-0.005217
2744	27.44	0.656	-0.005218
2745	27.45	0.655	-0.005222
2746	27.46	0.654	-0.005222
2747	27.47	0.653	-0.005226
2748	27.48	0.652	-0.005228
2749	27.49	0.651	-0.005231
2750	27.5	0.65	-0.005232
2751	27.51	0.649	-0.005236
2752	27.52	0.648	-0.005236
2753	27.53	0.647	-0.00524
2754	27.54	0.646	-0.005242
2755	27.55	0.645	-0.005245
2756	27.56	0.644	-0.005247
2757	27.57	0.643	-0.00525
2758	27.58	0.642	-0.005251
2759	27.59	0.641	-0.005254
2760	27.6	0.64	-0.005255
2761	27.61	0.639	-0.00526
2762	27.62	0.638	-0.00526
2763	27.63	0.637	-0.005264
2764	27.64	0.636	-0.005265
2765	27.65	0.635	-0.005267
2766	27.66	0.634	-0.005269
2767	27.67	0.633	-0.005271
2768	27.68	0.632	-0.005273
2769	27.69	0.631	-0.005276
2770	27.7	0.63	-0.005277
2771	27.71	0.629	-0.00528
2772	27.72	0.628	-0.005282
2773	27.73	0.627	-0.005284
2774	27.74	0.626	-0.005286
2775	27.75	0.625	-0.005289
2776	27.76	0.624	-0.00529
2777	27.77	0.623	-0.005293
2778	27.78	0.622	-0.005293
2779	27.79	0.621	-0.005297
2780	27.8	0.62	-0.005299
2781	27.81	0.619	-0.005302
2782	27.82	0.618	-0.005303
2783	27.83	0.617	-0.005306
2784	27.84	0.616	-0.005307
2785	27.85	0.615	-0.00531
2786	27.86	0.614	-0.005314
2787	27.87	0.613	-0.005317
2788	27.88	0.612	-0.005318
2789	27.89	0.611	-0.00532
2790	27.9	0.61	-0.005321
2791	27.91	0.609	-0.005324
2792	27.92	0.608	-0.005326
2793	27.93	0.607	-0.005329
2794	27.94	0.606	-0.005329
2795	27.95	0.605	-0.005334
2796	27.96	0.604	-0.005334
2797	27.97	0.603	-0.005336
2798	27.98	0.602	-0.005338
2799	27.99	0.601	-0.00534
2800	28	0.6	-0.005341
2801	28.01	0.599	-0.005344
2802	28.02	0.598	-0.005345
2803	28.03	0.597	-0.005348
2804	28.04	0.596	-0.005349
2805	28.05	0.595	-0.005352
2806	28.06	0.594	-0.005354
2807	28.07	0.593	-0.005357
2808	28.08	0.592	-0.005358
2809	28.09	0.591	-0.005359
2810	28.1	0.59	-0.00536
2811	28.11	0.589	-0.005364
2812	28.12	0.588	-0.005366
2813	28.13	0.587	-0.005367
2814	28.14	0.586	-0.005368
2815	28.15	0.585	-0.005371
2816	28.16	0.584	-0.005373
2817	28.17	0.583	-0.005375
2818	28.18	0.582	-0.005376
2819	28.19	0.581	-0.005379
2820	28.2	0.58	-0.005381
2821	28.21	0.579	-0.005383
2822	28.22	0.578	-0.005384
2823	28.23	0.577	-0.005387
2824	28.24	0.576	-0.005389
2825	28.25	0.575	-0.005393
2826	28.26	0.574	-0.005392
2827	28.27	0.573	-0.005395
2828	28.28	0.572	-0.005397
2829	28.29	0.571	-0.005399
2830	28.3	0.57	-0.005401
2831	28.31	0.569	-0.005403
2832	28.32	0.568	-0.005404
2833	28.33	0.567	-0.005406
2834	28.34	0.566	-0.005408
2835	28.35	0.565	-0.005411
2836	28.36	0.564	-0.005412
2837	28.37	0.563	-0.005416
2838	28.38	0.562	-0.005417
2839	28.39	0.561	-0.005418
2840	28.4	0.56	-0.00542
2841	28.41	0.559	-0.005422
2842	28.42	0.558	-0.005423
2843	28.43	0.557	-0.005425
2844	28.44	0.556	-0.005427
2845	28.45	0.555	-0.005429
2846	28.46	0.554	-0.00543
2847	28.47	0.553	-0.005435
2848	28.48	0.552	-0.005435
2849	28.49	0.551	-0.005438
2850	28.5	0.55	-0.005439
2851	28.51	0.549	-0.005442
2852	28.52	0.548	-0.005442
2853	28.53	0.547	-0.005446
2854	28.54	0.546	-0.005447
2855	28.55	0.545	-0.005449
2856	28.56	0.544	-0.00545
2857	28.57	0.543	-0.005453
2858	28.58	0.542	-0.005454
2859	28.59	0.541	-0.005456
2860	28.6	0.54	-0.005459
2861	28.61	0.539	-0.005462
2862	28.62	0.538	-0.005464
2863	28.63	0.537	-0.005466
2864	28.64	0.536	-0.005467
2865	28.65	0.535	-0.00547
2866	28.66	0.534	-0.005471
2867	28.67	0.533	-0.005473
2868	28.68	0.532	-0.005474
2869	28.69	0.531	-0.005477
2870	28.7	0.53	-0.005479
2871	28.71	0.529	-0.005481
2872	28.72	0.528	-0.005482
2873	28.73	0.527	-0.005485
2874	28.74	0.526	-0.005485
2875	28.75	0.525	-0.005489
2876	28.76	0.524	-0.005492
2877	28.77	0.523	-0.005493
2878	28.78	0.522	-0.005494
2879	28.79	0.521	-0.005496
2880	28.8	0.52	-0.005497
2881	28.81	0.519	-0.0055
2882	28.82	0.518	-0.005502
2883	28.83	0.517	-0.005505
2884	28.84	0.516	-0.005506
2885	28.85	0.515	-0.005509
2886	28.86	0.514	-0.005512
2887	28.87	0.513	-0.005513
2888	28.88	0.512	-0.005516
2889	28.89	0.511	-0.005518
2890	28.9	0.51	-0.005519
2891	28.91	0.509	-0.005522
2892	28.92	0.508	-0.005524
2893	28.93	0.507	-0.005525
2894	28.94	0.506	-0.005528
2895	28.95	0.505	-0.005529
2896	28.96	0.504	-0.00553
2897	28.97	0.503	-0.005533
2898	28.98	0.502	-0.005534
2899	28.99	0.501	-0.005537
2900	29	0.5	-0.005539
2901	29.01	0.499	-0.005542
2902	29.02	0.498	-0.005542
2903	29.03	0.497	-0.005545
2904	29.04	0.496	-0.005547
2905	29.05	0.495	-0.005549
2906	29.06	0.494	-0.00555
2907	29.07	0.493	-0.005555
2908	29.08	0.492	-0.005555
2909	29.09	0.491	-0.005557
2910	29.1	0.49	-0.00556
2911	29.11	0.489	-0.005562
2912	29.12	0.488	-0.005563
2913	29.13	0.487	-0.005567
2914	29.14	0.486	-0.005567
2915	29.15	0.485	-0.00557
2916	29.16	0.484	-0.005572
2917	29.17	0.483	-0.005574
2918	29.18	0.482	-0.005576
2919	29.19	0.481	-0.005578
2920	29.2	0.48	-0.005579
2921	29.21	0.479	-0.005582
2922	29.22	0.478	-0.005584
2923	29.23	0.477	-0.005588
2924	29.24	0.476	-0.005588
2925	29.25	0.475	-0.005591
2926	29.26	0.474	-0.005593
2927	29.27	0.473	-0.005596
2928	29.28	0.472	-0.005598
2929	29.29	0.471	-0.0056
2930	29.3	0.47	-0.005602
2931	29.31	0.469	-0.005605
2932	29.32	0.468	-0.005606
2933	29.33	0.467	-0.005609
2934	29.34	0.466	-0.005612
2935	29.35	0.465	-0.005614
2936	29.36	0.464	-0.005615
2937	29.37	0.463	-0.005618
2938	29.38	0.462	-0.005619
2939	29.39	0.461	-0.005623
2940	29.4	0.46	-0.005625
2941	29.41	0.459	-0.005628
2942	29.42	0.458	-0.005629
2943	29.43	0.457	-0.005632
2944	29.44	0.456	-0.005632
2945	29.45	0.455	-0.005636
2946	29.46	0.454	-0.005638
2947	29.47	0.453	-0.005641
2948	29.48	0.452	-0.005642
2949	29.49	0.451	-0.005645
2950	29.5	0.45	-0.005647
2951	29.51	0.449	-0.005649
2952	29.52	0.448	-0.005651
2953	29.53	0.447	-0.005654
2954	29.54	0.446	-0.005657
2955	29.55	0.445	-0.00566
2956	29.56	0.444	-0.005661
2957	29.57	0.443	-0.005663
2958	29.58	0.442	-0.005666
2959	29.59	0.441	-0.005669
2960	29.6	0.44	-0.005669
2961	29.61	0.439	-0.005673
2962	29.62	0.438	-0.005675
2963	29.63	0.437	-0.005678
2964	29.64	0.436	-0.005681
2965	29.65	0.435	-0.005684
2966	29.66	0.434	-0.005686
2967	29.67	0.433	-0.005688
2968	29.68	0.432	-0.00569
2969	29.69	0.431	-0.005693
2970	29.7	0.43	-0.005695
2971	29.71	0.429	-0.005698
2972	29.72	0.428	-0.0057
2973	29.73	0.427	-0.005703
2974	29.74	0.426	-0.005706
2975	29.75	0.425	-0.005708
2976	29.76	0.424	-0.005711
2977	29.77	0.423	-0.005714
2978	29.78	0.422	-0.005716
2979	29.79	0.421	-0.00572
2980	29.8	0.42	-0.005723
2981	29.81	0.419	-0.005724
2982	29.82	0.418	-0.005727
2983	29.83	0.417	-0.00573
2984	29.84	0.416	-0.005732
2985	29.85	0.415	-0.005736
2986	29.86	0.414	-0.005736
2987	29.87	0.413	-0.00574
2988	29.88	0.412	-0.005743
2989	29.89	0.411	-0.005746
2990	29.9	0.41	-0.005749
2991	29.91	0.409	-0.005755
2992	29.92	0.408	-0.005756
2993	29.93	0.407	-0.00576
2994	29.94	0.406	-0.005762
2995	29.95	0.405	-0.005765
2996	29.96	0.404	-0.005767
2997	29.97	0.403	-0.005771
2998	29.98	0.402	-0.005773
2999	29.99	0.401	-0.005777
3000	30	0.4	-0.005778
3001	30.01	0.399	-0.005781
3002	30.02	0.398	-0.005782
3003	30.03	0.397	-0.005787
3004	30.04	0.396	-0.00579
3005	30.05	0.395	-0.005792
3006	30.06	0.394	-0.005795
3007	30.07	0.393	-0.005799
3008	30.08	0.392	-0.005801
3009	30.09	0.391	-0.005805
3010	30.1	0.39	-0.005807
3011	30.11	0.389	-0.005811
3012	30.12	0.388	-0.005813
3013	30.13	0.387	-0.005816
3014	30.14	0.386	-0.00582
3015	30.15	0.385	-0.005823
3016	30.16	0.384	-0.005825
3017	30.17	0.383	-0.005829
3018	30.18	0.382	-0.005831
3019	30.19	0.381	-0.005834
3020	30.2	0.38	-0.005837
3021	30.21	0.379	-0.00584
3022	30.22	0.378	-0.005844
3023	30.23	0.377	-0.005848
3024	30.24	0.376	-0.005849
3025	30.25	0.375	-0.005853
3026	30.26	0.374	-0.005855
3027	30.27	0.373	-0.005859
3028	30.28	0.372	-0.005862
3029	30.29	0.371	-0.005868
3030	30.3	0.37	-0.00587
3031	30.31	0.369	-0.005873
3032	30.32	0.368	-0.005876
3033	30.33	0.367	-0.00588
3034	30.34	0.366	-0.005881
3035	30.35	0.365	-0.005886
3036	30.36	0.364	-0.00589
3037	30.37	0.363	-0.005894
3038	30.38	0.362	-0.005897
3039	30.39	0.361	-0.0059
3040	30.4	0.36	-0.005903
3041	30.41	0.359	-0.005908
3042	30.42	0.358	-0.005911
3043	30.43	0.357	-0.005915
3044	30.44	0.356	-0.005917
3045	30.45	0.355	-0.005922
3046	30.46	0.354	-0.005924
3047	30.47	0.353	-0.005928
3048	30.48	0.352	-0.005931
3049	30.49	0.351	-0.005936
3050	30.5	0.35	-0.005938
3051	30.51	0.349	-0.005943
3052	30.52	0.348	-0.005946
3053	30.53	0.347	-0.00595
3054	30.54	0.346	-0.005953
3055	30.55	0.345	-0.005958
3056	30.56	0.344	-0.00596
3057	30.57	0.343	-0.005965
3058	30.58	0.342	-0.005968
3059	30.59	0.341	-0.005972
3060	30.6	0.34	-0.005974
3061	30.61	0.339	-0.005979
3062	30.62	0.338	-0.005982
3063	30.63	0.337	-0.005987
3064	30.64	0.336	-0.00599
3065	30.65	0.335	-0.005995
3066	30.66	0.334	-0.005998
3067	30.67	0.333	-0.006004
3068	30.68	0.332	-0.006007
3069	30.69	0.331	-0.006012
3070	30.7	0.33	-0.006015
3071	30.71	0.329	-0.006019
3072	30.72	0.328	-0.006021
3073	30.73	0.327	-0.006026
3074	30.74	0.326	-0.006029
3075	30.75	0.325	-0.006034
3076	30.76	0.324	-0.006038
3077	30.77	0.323	-0.006042
3078	30.78	0.322	-0.006046
3079	30.79	0.321	-0.006051
3080	30.8	0.32	-0.006055
3081	30.81	0.319	-0.00606
3082	30.82	0.318	-0.006063
3083	30.83	0.317	-0.006067
3084	30.84	0.316	-0.006071
3085	30.85	0.315	-0.006075
3086	30.86	0.314	-0.006079
3087	30.87	0.313	-0.006084
3088	30.88	0.312	-0.006087
3089	30.89	0.311	-0.006092
3090	30.9	0.31	-0.006095
3091	30.91	0.309	-0.0061
3092	30.92	0.308	-0.006105
3093	30.93	0.307	-0.006111
3094	30.94	0.306	-0.006114
3095	30.95	0.305	-0.006119
3096	30.96	0.304	-0.006122
3097	30.97	0.303	-0.006128
3098	30.98	0.302	-0.006131
3099	30.99	0.301	-0.006136
3100	31	0.3	-0.006141
3101	31.01	0.299	-0.006145
3102	31.02	0.298	-0.00615
3103	31.03	0.297	-0.006155
3104	31.04	0.296	-0.006158
3105	31.05	0.295	-0.006163
3106	31.06	0.294	-0.006168
3107	31.07	0.293	-0.006173
3108	31.08	0.292	-0.006177
3109	31.09	0.291	-0.006182
3110	31.1	0.29	-0.006186
3111	31.11	0.289	-0.006191
3112	31.12	0.288	-0.006196
3113	31.13	0.287	-0.0062
3114	31.14	0.286	-0.006205
3115	31.15	0.285	-0.006211
3116	31.16	0.284	-0.006216
3117	31.17	0.283	-0.00622
3118	31.18	0.282	-0.006226
3119	31.19	0.281	-0.006232
3120	31.2	0.28	-0.006236
3121	31.21	0.279	-0.006241
3122	31.22	0.278	-0.006245
3123	31.23	0.277	-0.00625
3124	31.24	0.276	-0.006255
3125	31.25	0.275	-0.006262
3126	31.26	0.274	-0.006267
3127	31.27	0.273	-0.006272
3128	31.28	0.272	-0.006276
3129	31.29	0.271	-0.006282
3130	31.3	0.27	-0.006286
3131	31.31	0.269	-0.006292
3132	31.32	0.268	-0.006297
3133	31.33	0.267	-0.006303
3134	31.34	0.266	-0.006309
3135	31.35	0.265	-0.006314
3136	31.36	0.264	-0.006318
3137	31.37	0.263	-0.006326
3138	31.38	0.262	-0.00633
3139	31.39	0.261	-0.006335
3140	31.4	0.26	-0.006341
3141	31.41	0.259	-0.006347
3142	31.42	0.258	-0.006353
3143	31.43	0.257	-0.006359
3144	31.44	0.256	-0.006364
3145	31.45	0.255	-0.006372
3146	31.46	0.254	-0.006376
3147	31.47	0.253	-0.006382
3148	31.48	0.252	-0.006388
3149	31.49	0.251	-0.006393
3150	31.5	0.25	-0.0064
3151	31.51	0.249	-0.006406
3152	31.52	0.248	-0.006411
3153	31.53	0.247	-0.006417
3154	31.54	0.246	-0.006423
3155	31.55	0.245	-0.00643
3156	31.56	0.244	-0.006436
3157	31.57	0.243	-0.006443
3158	31.58	0.242	-0.006448
3159	31.59	0.241	-0.006455
3160	31.6	0.24	-0.006461
3161	31.61	0.239	-0.006468
3162	31.62	0.238	-0.006473
3163	31.63	0.237	-0.006482
3164	31.64	0.236	-0.006489
3165	31.65	0.235	-0.006495
3166	31.66	0.234	-0.006501
3167	31.67	0.233	-0.006508
3168	31.68	0.232	-0.006514
3169	31.69	0.231	-0.006522
3170	31.7	0.23	-0.006529
3171	31.71	0.229	-0.006535
3172	31.72	0.228	-0.006543
3173	31.73	0.227	-0.006549
3174	31.74	0.226	-0.006556
3175	31.75	0.225	-0.006564
3176	31.76	0.224	-0.006571
3177	31.77	0.223	-0.006578
3178	31.78	0.222	-0.006584
3179	31.79	0.221	-0.006593
3180	31.8	0.22	-0.0066
3181	31.81	0.219	-0.006607
3182	31.82	0.218	-0.006614
3183	31.83	0.217	-0.006623
3184	31.84	0.216	-0.00663
3185	31.85	0.215	-0.006638
3186	31.86	0.214	-0.006646
3187	31.87	0.213	-0.006655
3188	31.88	0.212	-0.006662
3189	31.89	0.211	-0.006669
3190	31.9	0.21	-0.006678
3191	31.91	0.209	-0.006686
3192	31.92	0.208	-0.006694
3193	31.93	0.207	-0.006702
3194	31.94	0.206	-0.00671
3195	31.95	0.205	-0.00672
3196	31.96	0.204	-0.00673
3197	31.97	0.203	-0.006737
3198	31.98	0.202	-0.006745
3199	31.99	0.201	-0.006755
