EXPLAIN
TAG	CHRONOPOTENTIOMETRY
TITLE	LABEL	PCN porous carbon - GCD rate performance	&Title
DATE	LABEL	7/7/2026	&Date
TIME	LABEL	12:00:00	&Time
NOTES	LINES	8	CC0 1.0 open data - Zhang and Wei (USN), doi:10.18710/F4NFMJ
Data: Zhang and Wei, Univ. of South-Eastern Norway (CC0 1.0).
Electrochemical and Structural Data of Carbon-Based Materials
for Energy Storage. doi:10.18710/F4NFMJ
Capacity table: 95 real cycles at stepped current density
(0.1 - 2 A/g rate test). Waveform: first cycle at 0.1 A/g,
decimated to 0.5 s sampling. Current column is the applied
specific current (+/-0.1 A/g); capacities are per gram.
Charge capacities not in source data, so CE is unavailable.
CURVE	TABLE	7852
Pt	T	Vf	Im
#	s	V vs. Ref.	A
0	0.1	0.2012	0.1
1	0.6	0.201	0.1
2	1.1	0.2009	0.1
3	1.6	0.2007	0.1
4	2.1	0.2006	0.1
5	2.6	0.2004	0.1
6	3.1	0.2003	0.1
7	3.6	0.2002	0.1
8	4.1	0.2	0.1
9	4.6	0.2368	0.1
10	5.1	0.2395	0.1
11	5.6	0.2417	0.1
12	6.1	0.2437	0.1
13	6.6	0.2456	0.1
14	7.1	0.2474	0.1
15	7.6	0.2491	0.1
16	8.1	0.2507	0.1
17	8.6	0.2523	0.1
18	9.1	0.2538	0.1
19	9.6	0.2553	0.1
20	10.1	0.2568	0.1
21	10.6	0.2582	0.1
22	11.1	0.2596	0.1
23	11.6	0.261	0.1
24	12.1	0.2623	0.1
25	12.6	0.2636	0.1
26	13.1	0.2649	0.1
27	13.6	0.2661	0.1
28	14.1	0.2673	0.1
29	14.6	0.2685	0.1
30	15.1	0.2697	0.1
31	15.6	0.2708	0.1
32	16.1	0.2719	0.1
33	16.6	0.273	0.1
34	17.1	0.2741	0.1
35	17.6	0.2752	0.1
36	18.1	0.2763	0.1
37	18.6	0.2773	0.1
38	19.1	0.2783	0.1
39	19.6	0.2793	0.1
40	20.1	0.2803	0.1
41	20.6	0.2813	0.1
42	21.1	0.2823	0.1
43	21.6	0.2833	0.1
44	22.1	0.2842	0.1
45	22.6	0.2852	0.1
46	23.1	0.2862	0.1
47	23.6	0.2871	0.1
48	24.1	0.2881	0.1
49	24.6	0.289	0.1
50	25.1	0.2899	0.1
51	25.6	0.2908	0.1
52	26.1	0.2917	0.1
53	26.6	0.2926	0.1
54	27.1	0.2935	0.1
55	27.6	0.2944	0.1
56	28.1	0.2953	0.1
57	28.6	0.2962	0.1
58	29.1	0.2971	0.1
59	29.6	0.2979	0.1
60	30.1	0.2988	0.1
61	30.6	0.2997	0.1
62	31.1	0.3006	0.1
63	31.6	0.3014	0.1
64	32.1	0.3023	0.1
65	32.6	0.3032	0.1
66	33.1	0.304	0.1
67	33.6	0.3049	0.1
68	34.1	0.3057	0.1
69	34.6	0.3066	0.1
70	35.1	0.3074	0.1
71	35.6	0.3082	0.1
72	36.1	0.3091	0.1
73	36.6	0.3099	0.1
74	37.1	0.3108	0.1
75	37.6	0.3116	0.1
76	38.1	0.3125	0.1
77	38.6	0.3133	0.1
78	39.1	0.3141	0.1
79	39.6	0.3149	0.1
80	40.1	0.3157	0.1
81	40.6	0.3166	0.1
82	41.1	0.3174	0.1
83	41.6	0.3182	0.1
84	42.1	0.319	0.1
85	42.6	0.3198	0.1
86	43.1	0.3206	0.1
87	43.6	0.3214	0.1
88	44.1	0.3223	0.1
89	44.6	0.3231	0.1
90	45.1	0.3239	0.1
91	45.6	0.3247	0.1
92	46.1	0.3255	0.1
93	46.6	0.3263	0.1
94	47.1	0.3271	0.1
95	47.6	0.3279	0.1
96	48.1	0.3287	0.1
97	48.6	0.3295	0.1
98	49.1	0.3303	0.1
99	49.6	0.3311	0.1
100	50.1	0.3319	0.1
101	50.6	0.3326	0.1
102	51.1	0.3334	0.1
103	51.6	0.3342	0.1
104	52.1	0.3351	0.1
105	52.6	0.3359	0.1
106	53.1	0.3366	0.1
107	53.6	0.3374	0.1
108	54.1	0.3382	0.1
109	54.6	0.339	0.1
110	55.1	0.3397	0.1
111	55.6	0.3405	0.1
112	56.1	0.3413	0.1
113	56.6	0.3421	0.1
114	57.1	0.3428	0.1
115	57.6	0.3436	0.1
116	58.1	0.3444	0.1
117	58.6	0.3451	0.1
118	59.1	0.3459	0.1
119	59.6	0.3467	0.1
120	60.1	0.3475	0.1
121	60.6	0.3482	0.1
122	61.1	0.349	0.1
123	61.6	0.3497	0.1
124	62.1	0.3505	0.1
125	62.6	0.3513	0.1
126	63.1	0.352	0.1
127	63.6	0.3528	0.1
128	64.1	0.3535	0.1
129	64.6	0.3543	0.1
130	65.1	0.355	0.1
131	65.6	0.3558	0.1
132	66.1	0.3566	0.1
133	66.6	0.3573	0.1
134	67.1	0.3581	0.1
135	67.6	0.3588	0.1
136	68.1	0.3596	0.1
137	68.6	0.3603	0.1
138	69.1	0.3611	0.1
139	69.6	0.3618	0.1
140	70.1	0.3626	0.1
141	70.6	0.3633	0.1
142	71.1	0.3641	0.1
143	71.6	0.3648	0.1
144	72.1	0.3655	0.1
145	72.6	0.3663	0.1
146	73.1	0.367	0.1
147	73.6	0.3678	0.1
148	74.1	0.3685	0.1
149	74.6	0.3692	0.1
150	75.1	0.37	0.1
151	75.6	0.3707	0.1
152	76.1	0.3715	0.1
153	76.6	0.3722	0.1
154	77.1	0.3729	0.1
155	77.6	0.3737	0.1
156	78.1	0.3744	0.1
157	78.6	0.3751	0.1
158	79.1	0.3759	0.1
159	79.6	0.3766	0.1
160	80.1	0.3773	0.1
161	80.6	0.3781	0.1
162	81.1	0.3788	0.1
163	81.6	0.3795	0.1
164	82.1	0.3803	0.1
165	82.6	0.381	0.1
166	83.1	0.3817	0.1
167	83.6	0.3825	0.1
168	84.1	0.3832	0.1
169	84.6	0.384	0.1
170	85.1	0.3847	0.1
171	85.6	0.3854	0.1
172	86.1	0.3861	0.1
173	86.6	0.3869	0.1
174	87.1	0.3876	0.1
175	87.6	0.3883	0.1
176	88.1	0.389	0.1
177	88.6	0.3897	0.1
178	89.1	0.3905	0.1
179	89.6	0.3912	0.1
180	90.1	0.3919	0.1
181	90.6	0.3926	0.1
182	91.1	0.3933	0.1
183	91.6	0.394	0.1
184	92.1	0.3948	0.1
185	92.6	0.3955	0.1
186	93.1	0.3962	0.1
187	93.6	0.3969	0.1
188	94.1	0.3976	0.1
189	94.6	0.3983	0.1
190	95.1	0.3991	0.1
191	95.6	0.3998	0.1
192	96.1	0.4005	0.1
193	96.6	0.4012	0.1
194	97.1	0.4019	0.1
195	97.6	0.4026	0.1
196	98.1	0.4033	0.1
197	98.6	0.404	0.1
198	99.1	0.4047	0.1
199	99.6	0.4054	0.1
200	100.1	0.4061	0.1
201	100.6	0.4069	0.1
202	101.1	0.4076	0.1
203	101.6	0.4083	0.1
204	102.1	0.409	0.1
205	102.6	0.4097	0.1
206	103.1	0.4104	0.1
207	103.6	0.4111	0.1
208	104.1	0.4118	0.1
209	104.6	0.4125	0.1
210	105.1	0.4132	0.1
211	105.6	0.4139	0.1
212	106.1	0.4146	0.1
213	106.6	0.4153	0.1
214	107.1	0.416	0.1
215	107.6	0.4167	0.1
216	108.1	0.4174	0.1
217	108.6	0.4181	0.1
218	109.1	0.4188	0.1
219	109.6	0.4195	0.1
220	110.1	0.4202	0.1
221	110.6	0.4209	0.1
222	111.1	0.4216	0.1
223	111.6	0.4223	0.1
224	112.1	0.423	0.1
225	112.6	0.4237	0.1
226	113.1	0.4244	0.1
227	113.6	0.4251	0.1
228	114.1	0.4258	0.1
229	114.6	0.4265	0.1
230	115.1	0.4272	0.1
231	115.6	0.4279	0.1
232	116.1	0.4286	0.1
233	116.6	0.4293	0.1
234	117.1	0.43	0.1
235	117.6	0.4307	0.1
236	118.1	0.4314	0.1
237	118.6	0.4321	0.1
238	119.1	0.4328	0.1
239	119.6	0.4335	0.1
240	120.1	0.4342	0.1
241	120.6	0.4349	0.1
242	121.1	0.4356	0.1
243	121.6	0.4363	0.1
244	122.1	0.437	0.1
245	122.6	0.4377	0.1
246	123.1	0.4384	0.1
247	123.6	0.439	0.1
248	124.1	0.4397	0.1
249	124.6	0.4404	0.1
250	125.1	0.4411	0.1
251	125.6	0.4418	0.1
252	126.1	0.4425	0.1
253	126.6	0.4432	0.1
254	127.1	0.4439	0.1
255	127.6	0.4446	0.1
256	128.1	0.4452	0.1
257	128.6	0.4459	0.1
258	129.1	0.4466	0.1
259	129.6	0.4473	0.1
260	130.1	0.448	0.1
261	130.6	0.4487	0.1
262	131.1	0.4494	0.1
263	131.6	0.45	0.1
264	132.1	0.4507	0.1
265	132.6	0.4514	0.1
266	133.1	0.4521	0.1
267	133.6	0.4528	0.1
268	134.1	0.4535	0.1
269	134.6	0.4541	0.1
270	135.1	0.4548	0.1
271	135.6	0.4555	0.1
272	136.1	0.4562	0.1
273	136.6	0.4569	0.1
274	137.1	0.4576	0.1
275	137.6	0.4583	0.1
276	138.1	0.4589	0.1
277	138.6	0.4596	0.1
278	139.1	0.4603	0.1
279	139.6	0.461	0.1
280	140.1	0.4617	0.1
281	140.6	0.4623	0.1
282	141.1	0.463	0.1
283	141.6	0.4637	0.1
284	142.1	0.4644	0.1
285	142.6	0.465	0.1
286	143.1	0.4657	0.1
287	143.6	0.4664	0.1
288	144.1	0.4671	0.1
289	144.6	0.4678	0.1
290	145.1	0.4684	0.1
291	145.6	0.4691	0.1
292	146.1	0.4698	0.1
293	146.6	0.4705	0.1
294	147.1	0.4711	0.1
295	147.6	0.4718	0.1
296	148.1	0.4725	0.1
297	148.6	0.4732	0.1
298	149.1	0.4738	0.1
299	149.6	0.4745	0.1
300	150.1	0.4752	0.1
301	150.6	0.4759	0.1
302	151.1	0.4765	0.1
303	151.6	0.4772	0.1
304	152.1	0.4779	0.1
305	152.6	0.4786	0.1
306	153.1	0.4793	0.1
307	153.6	0.48	0.1
308	154.1	0.4807	0.1
309	154.6	0.4813	0.1
310	155.1	0.482	0.1
311	155.6	0.4827	0.1
312	156.1	0.4833	0.1
313	156.6	0.484	0.1
314	157.1	0.4847	0.1
315	157.6	0.4854	0.1
316	158.1	0.486	0.1
317	158.6	0.4867	0.1
318	159.1	0.4874	0.1
319	159.6	0.488	0.1
320	160.1	0.4887	0.1
321	160.6	0.4894	0.1
322	161.1	0.4901	0.1
323	161.6	0.4907	0.1
324	162.1	0.4914	0.1
325	162.6	0.4921	0.1
326	163.1	0.4928	0.1
327	163.6	0.4934	0.1
328	164.1	0.4941	0.1
329	164.6	0.4948	0.1
330	165.1	0.4954	0.1
331	165.6	0.4961	0.1
332	166.1	0.4968	0.1
333	166.6	0.4974	0.1
334	167.1	0.4981	0.1
335	167.6	0.4988	0.1
336	168.1	0.4994	0.1
337	168.6	0.5001	0.1
338	169.1	0.5008	0.1
339	169.6	0.5014	0.1
340	170.1	0.5021	0.1
341	170.6	0.5028	0.1
342	171.1	0.5035	0.1
343	171.6	0.5041	0.1
344	172.1	0.5048	0.1
345	172.6	0.5055	0.1
346	173.1	0.5061	0.1
347	173.6	0.5068	0.1
348	174.1	0.5075	0.1
349	174.6	0.5081	0.1
350	175.1	0.5088	0.1
351	175.6	0.5095	0.1
352	176.1	0.5101	0.1
353	176.6	0.5108	0.1
354	177.1	0.5114	0.1
355	177.6	0.5121	0.1
356	178.1	0.5128	0.1
357	178.6	0.5134	0.1
358	179.1	0.5141	0.1
359	179.6	0.5148	0.1
360	180.1	0.5154	0.1
361	180.6	0.5161	0.1
362	181.1	0.5168	0.1
363	181.6	0.5174	0.1
364	182.1	0.5181	0.1
365	182.6	0.5188	0.1
366	183.1	0.5194	0.1
367	183.6	0.5201	0.1
368	184.1	0.5207	0.1
369	184.6	0.5214	0.1
370	185.1	0.5221	0.1
371	185.6	0.5227	0.1
372	186.1	0.5234	0.1
373	186.6	0.5241	0.1
374	187.1	0.5247	0.1
375	187.6	0.5254	0.1
376	188.1	0.526	0.1
377	188.6	0.5267	0.1
378	189.1	0.5274	0.1
379	189.6	0.528	0.1
380	190.1	0.5287	0.1
381	190.6	0.5294	0.1
382	191.1	0.5301	0.1
383	191.6	0.5307	0.1
384	192.1	0.5314	0.1
385	192.6	0.532	0.1
386	193.1	0.5327	0.1
387	193.6	0.5334	0.1
388	194.1	0.534	0.1
389	194.6	0.5347	0.1
390	195.1	0.5353	0.1
391	195.6	0.536	0.1
392	196.1	0.5367	0.1
393	196.6	0.5373	0.1
394	197.1	0.538	0.1
395	197.6	0.5386	0.1
396	198.1	0.5393	0.1
397	198.6	0.54	0.1
398	199.1	0.5406	0.1
399	199.6	0.5413	0.1
400	200.1	0.5419	0.1
401	200.6	0.5426	0.1
402	201.1	0.5433	0.1
403	201.6	0.5439	0.1
404	202.1	0.5446	0.1
405	202.6	0.5452	0.1
406	203.1	0.5459	0.1
407	203.6	0.5465	0.1
408	204.1	0.5472	0.1
409	204.6	0.5479	0.1
410	205.1	0.5485	0.1
411	205.6	0.5492	0.1
412	206.1	0.5498	0.1
413	206.6	0.5505	0.1
414	207.1	0.5512	0.1
415	207.6	0.5518	0.1
416	208.1	0.5525	0.1
417	208.6	0.5531	0.1
418	209.1	0.5538	0.1
419	209.6	0.5544	0.1
420	210.1	0.5551	0.1
421	210.6	0.5558	0.1
422	211.1	0.5564	0.1
423	211.6	0.5571	0.1
424	212.1	0.5577	0.1
425	212.6	0.5584	0.1
426	213.1	0.559	0.1
427	213.6	0.5597	0.1
428	214.1	0.5603	0.1
429	214.6	0.561	0.1
430	215.1	0.5616	0.1
431	215.6	0.5623	0.1
432	216.1	0.563	0.1
433	216.6	0.5636	0.1
434	217.1	0.5643	0.1
435	217.6	0.5649	0.1
436	218.1	0.5656	0.1
437	218.6	0.5662	0.1
438	219.1	0.5669	0.1
439	219.6	0.5675	0.1
440	220.1	0.5682	0.1
441	220.6	0.5688	0.1
442	221.1	0.5695	0.1
443	221.6	0.5701	0.1
444	222.1	0.5708	0.1
445	222.6	0.5714	0.1
446	223.1	0.5721	0.1
447	223.6	0.5727	0.1
448	224.1	0.5734	0.1
449	224.6	0.5741	0.1
450	225.1	0.5747	0.1
451	225.6	0.5754	0.1
452	226.1	0.576	0.1
453	226.6	0.5767	0.1
454	227.1	0.5773	0.1
455	227.6	0.578	0.1
456	228.1	0.5787	0.1
457	228.6	0.5793	0.1
458	229.1	0.58	0.1
459	229.6	0.5806	0.1
460	230.1	0.5813	0.1
461	230.6	0.5819	0.1
462	231.1	0.5826	0.1
463	231.6	0.5832	0.1
464	232.1	0.5839	0.1
465	232.6	0.5845	0.1
466	233.1	0.5852	0.1
467	233.6	0.5858	0.1
468	234.1	0.5865	0.1
469	234.6	0.5871	0.1
470	235.1	0.5878	0.1
471	235.6	0.5884	0.1
472	236.1	0.5891	0.1
473	236.6	0.5897	0.1
474	237.1	0.5904	0.1
475	237.6	0.591	0.1
476	238.1	0.5917	0.1
477	238.6	0.5923	0.1
478	239.1	0.593	0.1
479	239.6	0.5936	0.1
480	240.1	0.5943	0.1
481	240.6	0.5949	0.1
482	241.1	0.5956	0.1
483	241.6	0.5962	0.1
484	242.1	0.5969	0.1
485	242.6	0.5975	0.1
486	243.1	0.5982	0.1
487	243.6	0.5988	0.1
488	244.1	0.5995	0.1
489	244.6	0.6001	0.1
490	245.1	0.6008	0.1
491	245.6	0.6014	0.1
492	246.1	0.6021	0.1
493	246.6	0.6027	0.1
494	247.1	0.6034	0.1
495	247.6	0.604	0.1
496	248.1	0.6047	0.1
497	248.6	0.6053	0.1
498	249.1	0.606	0.1
499	249.6	0.6066	0.1
500	250.1	0.6073	0.1
501	250.6	0.6079	0.1
502	251.1	0.6086	0.1
503	251.6	0.6092	0.1
504	252.1	0.6098	0.1
505	252.6	0.6105	0.1
506	253.1	0.6111	0.1
507	253.6	0.6118	0.1
508	254.1	0.6124	0.1
509	254.6	0.6131	0.1
510	255.1	0.6137	0.1
511	255.6	0.6144	0.1
512	256.1	0.615	0.1
513	256.6	0.6157	0.1
514	257.1	0.6163	0.1
515	257.6	0.617	0.1
516	258.1	0.6176	0.1
517	258.6	0.6182	0.1
518	259.1	0.6189	0.1
519	259.6	0.6195	0.1
520	260.1	0.6202	0.1
521	260.6	0.6208	0.1
522	261.1	0.6215	0.1
523	261.6	0.6221	0.1
524	262.1	0.6228	0.1
525	262.6	0.6234	0.1
526	263.1	0.6241	0.1
527	263.6	0.6247	0.1
528	264.1	0.6254	0.1
529	264.6	0.626	0.1
530	265.1	0.6267	0.1
531	265.6	0.6273	0.1
532	266.1	0.628	0.1
533	266.6	0.6286	0.1
534	267.1	0.6293	0.1
535	267.6	0.6299	0.1
536	268.1	0.6306	0.1
537	268.6	0.6312	0.1
538	269.1	0.6318	0.1
539	269.6	0.6325	0.1
540	270.1	0.6331	0.1
541	270.6	0.6338	0.1
542	271.1	0.6344	0.1
543	271.6	0.6351	0.1
544	272.1	0.6357	0.1
545	272.6	0.6364	0.1
546	273.1	0.637	0.1
547	273.6	0.6376	0.1
548	274.1	0.6383	0.1
549	274.6	0.6389	0.1
550	275.1	0.6396	0.1
551	275.6	0.6402	0.1
552	276.1	0.6409	0.1
553	276.6	0.6415	0.1
554	277.1	0.6421	0.1
555	277.6	0.6428	0.1
556	278.1	0.6434	0.1
557	278.6	0.6441	0.1
558	279.1	0.6447	0.1
559	279.6	0.6453	0.1
560	280.1	0.646	0.1
561	280.6	0.6466	0.1
562	281.1	0.6473	0.1
563	281.6	0.6479	0.1
564	282.1	0.6486	0.1
565	282.6	0.6492	0.1
566	283.1	0.6499	0.1
567	283.6	0.6505	0.1
568	284.1	0.6512	0.1
569	284.6	0.6518	0.1
570	285.1	0.6524	0.1
571	285.6	0.6531	0.1
572	286.1	0.6537	0.1
573	286.6	0.6544	0.1
574	287.1	0.655	0.1
575	287.6	0.6556	0.1
576	288.1	0.6563	0.1
577	288.6	0.6569	0.1
578	289.1	0.6576	0.1
579	289.6	0.6582	0.1
580	290.1	0.6588	0.1
581	290.6	0.6595	0.1
582	291.1	0.6601	0.1
583	291.6	0.6608	0.1
584	292.1	0.6614	0.1
585	292.6	0.6621	0.1
586	293.1	0.6627	0.1
587	293.6	0.6633	0.1
588	294.1	0.664	0.1
589	294.6	0.6646	0.1
590	295.1	0.6652	0.1
591	295.6	0.6659	0.1
592	296.1	0.6665	0.1
593	296.6	0.6672	0.1
594	297.1	0.6678	0.1
595	297.6	0.6684	0.1
596	298.1	0.6691	0.1
597	298.6	0.6697	0.1
598	299.1	0.6704	0.1
599	299.6	0.671	0.1
600	300.1	0.6717	0.1
601	300.6	0.6723	0.1
602	301.1	0.6729	0.1
603	301.6	0.6736	0.1
604	302.1	0.6742	0.1
605	302.6	0.6749	0.1
606	303.1	0.6755	0.1
607	303.6	0.6762	0.1
608	304.1	0.6768	0.1
609	304.6	0.6774	0.1
610	305.1	0.6781	0.1
611	305.6	0.6787	0.1
612	306.1	0.6794	0.1
613	306.6	0.68	0.1
614	307.1	0.6806	0.1
615	307.6	0.6813	0.1
616	308.1	0.6819	0.1
617	308.6	0.6826	0.1
618	309.1	0.6832	0.1
619	309.6	0.6838	0.1
620	310.1	0.6845	0.1
621	310.6	0.6851	0.1
622	311.1	0.6857	0.1
623	311.6	0.6864	0.1
624	312.1	0.687	0.1
625	312.6	0.6877	0.1
626	313.1	0.6883	0.1
627	313.6	0.6889	0.1
628	314.1	0.6896	0.1
629	314.6	0.6902	0.1
630	315.1	0.6908	0.1
631	315.6	0.6915	0.1
632	316.1	0.6921	0.1
633	316.6	0.6928	0.1
634	317.1	0.6934	0.1
635	317.6	0.694	0.1
636	318.1	0.6947	0.1
637	318.6	0.6953	0.1
638	319.1	0.6959	0.1
639	319.6	0.6966	0.1
640	320.1	0.6972	0.1
641	320.6	0.6979	0.1
642	321.1	0.6985	0.1
643	321.6	0.6991	0.1
644	322.1	0.6998	0.1
645	322.6	0.7004	0.1
646	323.1	0.701	0.1
647	323.6	0.7017	0.1
648	324.1	0.7023	0.1
649	324.6	0.7029	0.1
650	325.1	0.7036	0.1
651	325.6	0.7042	0.1
652	326.1	0.7048	0.1
653	326.6	0.7055	0.1
654	327.1	0.7061	0.1
655	327.6	0.7067	0.1
656	328.1	0.7074	0.1
657	328.6	0.708	0.1
658	329.1	0.7086	0.1
659	329.6	0.7093	0.1
660	330.1	0.7099	0.1
661	330.6	0.7105	0.1
662	331.1	0.7112	0.1
663	331.6	0.7118	0.1
664	332.1	0.7124	0.1
665	332.6	0.7131	0.1
666	333.1	0.7137	0.1
667	333.6	0.7143	0.1
668	334.1	0.715	0.1
669	334.6	0.7156	0.1
670	335.1	0.7162	0.1
671	335.6	0.7168	0.1
672	336.1	0.7175	0.1
673	336.6	0.7181	0.1
674	337.1	0.7187	0.1
675	337.6	0.7194	0.1
676	338.1	0.72	0.1
677	338.6	0.7207	0.1
678	339.1	0.7213	0.1
679	339.6	0.7219	0.1
680	340.1	0.7225	0.1
681	340.6	0.7232	0.1
682	341.1	0.7238	0.1
683	341.6	0.7245	0.1
684	342.1	0.7251	0.1
685	342.6	0.7257	0.1
686	343.1	0.7264	0.1
687	343.6	0.727	0.1
688	344.1	0.7276	0.1
689	344.6	0.7283	0.1
690	345.1	0.7289	0.1
691	345.6	0.7295	0.1
692	346.1	0.7301	0.1
693	346.6	0.7308	0.1
694	347.1	0.7314	0.1
695	347.6	0.732	0.1
696	348.1	0.7327	0.1
697	348.6	0.7333	0.1
698	349.1	0.7339	0.1
699	349.6	0.7346	0.1
700	350.1	0.7352	0.1
701	350.6	0.7358	0.1
702	351.1	0.7364	0.1
703	351.6	0.7371	0.1
704	352.1	0.7377	0.1
705	352.6	0.7383	0.1
706	353.1	0.7389	0.1
707	353.6	0.7396	0.1
708	354.1	0.7402	0.1
709	354.6	0.7408	0.1
710	355.1	0.7414	0.1
711	355.6	0.7421	0.1
712	356.1	0.7427	0.1
713	356.6	0.7433	0.1
714	357.1	0.744	0.1
715	357.6	0.7446	0.1
716	358.1	0.7452	0.1
717	358.6	0.7458	0.1
718	359.1	0.7465	0.1
719	359.6	0.7471	0.1
720	360.1	0.7477	0.1
721	360.6	0.7483	0.1
722	361.1	0.7489	0.1
723	361.6	0.7496	0.1
724	362.1	0.7502	0.1
725	362.6	0.7508	0.1
726	363.1	0.7514	0.1
727	363.6	0.7521	0.1
728	364.1	0.7527	0.1
729	364.6	0.7533	0.1
730	365.1	0.7539	0.1
731	365.6	0.7545	0.1
732	366.1	0.7552	0.1
733	366.6	0.7558	0.1
734	367.1	0.7564	0.1
735	367.6	0.757	0.1
736	368.1	0.7576	0.1
737	368.6	0.7583	0.1
738	369.1	0.7589	0.1
739	369.6	0.7595	0.1
740	370.1	0.7601	0.1
741	370.6	0.7607	0.1
742	371.1	0.7614	0.1
743	371.6	0.762	0.1
744	372.1	0.7626	0.1
745	372.6	0.7632	0.1
746	373.1	0.7638	0.1
747	373.6	0.7644	0.1
748	374.1	0.765	0.1
749	374.6	0.7657	0.1
750	375.1	0.7663	0.1
751	375.6	0.7669	0.1
752	376.1	0.7676	0.1
753	376.6	0.7682	0.1
754	377.1	0.7688	0.1
755	377.6	0.7694	0.1
756	378.1	0.77	0.1
757	378.6	0.7706	0.1
758	379.1	0.7713	0.1
759	379.6	0.7719	0.1
760	380.1	0.7725	0.1
761	380.6	0.7731	0.1
762	381.1	0.7737	0.1
763	381.6	0.7743	0.1
764	382.1	0.7749	0.1
765	382.6	0.7755	0.1
766	383.1	0.7761	0.1
767	383.6	0.7768	0.1
768	384.1	0.7774	0.1
769	384.6	0.778	0.1
770	385.1	0.7786	0.1
771	385.6	0.7792	0.1
772	386.1	0.7798	0.1
773	386.6	0.7804	0.1
774	387.1	0.781	0.1
775	387.6	0.7816	0.1
776	388.1	0.7822	0.1
777	388.6	0.7828	0.1
778	389.1	0.7834	0.1
779	389.6	0.7841	0.1
780	390.1	0.7847	0.1
781	390.6	0.7853	0.1
782	391.1	0.7859	0.1
783	391.6	0.7865	0.1
784	392.1	0.7871	0.1
785	392.6	0.7877	0.1
786	393.1	0.7883	0.1
787	393.6	0.7889	0.1
788	394.1	0.7895	0.1
789	394.6	0.7901	0.1
790	395.1	0.7907	0.1
791	395.6	0.7913	0.1
792	396.1	0.7919	0.1
793	396.6	0.7925	0.1
794	397.1	0.7931	0.1
795	397.6	0.7937	0.1
796	398.1	0.7943	0.1
797	398.6	0.7949	0.1
798	399.1	0.7955	0.1
799	399.6	0.7961	0.1
800	400.1	0.7966	0.1
801	400.6	0.7972	0.1
802	401.1	0.7978	0.1
803	401.6	0.7984	0.1
804	402.1	0.799	0.1
805	402.6	0.7996	0.1
806	403.1	0.8002	0.1
807	403.6	0.8008	0.1
808	404.1	0.8014	0.1
809	404.6	0.802	0.1
810	405.1	0.8026	0.1
811	405.6	0.8032	0.1
812	406.1	0.8038	0.1
813	406.6	0.8043	0.1
814	407.1	0.8049	0.1
815	407.6	0.8055	0.1
816	408.1	0.8061	0.1
817	408.6	0.8067	0.1
818	409.1	0.8073	0.1
819	409.6	0.8079	0.1
820	410.1	0.8084	0.1
821	410.6	0.809	0.1
822	411.1	0.8096	0.1
823	411.6	0.8102	0.1
824	412.1	0.8108	0.1
825	412.6	0.8114	0.1
826	413.1	0.812	0.1
827	413.6	0.8126	0.1
828	414.1	0.8132	0.1
829	414.6	0.8137	0.1
830	415.1	0.8143	0.1
831	415.6	0.8149	0.1
832	416.1	0.8155	0.1
833	416.6	0.8161	0.1
834	417.1	0.8167	0.1
835	417.6	0.8173	0.1
836	418.1	0.8178	0.1
837	418.6	0.8184	0.1
838	419.1	0.819	0.1
839	419.6	0.8195	0.1
840	420.1	0.8201	0.1
841	420.6	0.8207	0.1
842	421.1	0.8213	0.1
843	421.6	0.8219	0.1
844	422.1	0.8224	0.1
845	422.6	0.823	0.1
846	423.1	0.8236	0.1
847	423.6	0.8242	0.1
848	424.1	0.8247	0.1
849	424.6	0.8253	0.1
850	425.1	0.8259	0.1
851	425.6	0.8264	0.1
852	426.1	0.827	0.1
853	426.6	0.8276	0.1
854	427.1	0.8282	0.1
855	427.6	0.8287	0.1
856	428.1	0.8293	0.1
857	428.6	0.8299	0.1
858	429.1	0.8304	0.1
859	429.6	0.831	0.1
860	430.1	0.8316	0.1
861	430.6	0.8321	0.1
862	431.1	0.8327	0.1
863	431.6	0.8333	0.1
864	432.1	0.8338	0.1
865	432.6	0.8344	0.1
866	433.1	0.835	0.1
867	433.6	0.8355	0.1
868	434.1	0.8361	0.1
869	434.6	0.8366	0.1
870	435.1	0.8372	0.1
871	435.6	0.8378	0.1
872	436.1	0.8383	0.1
873	436.6	0.8389	0.1
874	437.1	0.8395	0.1
875	437.6	0.84	0.1
876	438.1	0.8406	0.1
877	438.6	0.8411	0.1
878	439.1	0.8417	0.1
879	439.6	0.8423	0.1
880	440.1	0.8428	0.1
881	440.6	0.8434	0.1
882	441.1	0.8439	0.1
883	441.6	0.8445	0.1
884	442.1	0.845	0.1
885	442.6	0.8456	0.1
886	443.1	0.8462	0.1
887	443.6	0.8467	0.1
888	444.1	0.8473	0.1
889	444.6	0.8478	0.1
890	445.1	0.8484	0.1
891	445.6	0.8489	0.1
892	446.1	0.8495	0.1
893	446.6	0.85	0.1
894	447.1	0.8506	0.1
895	447.6	0.8512	0.1
896	448.1	0.8517	0.1
897	448.6	0.8523	0.1
898	449.1	0.8528	0.1
899	449.6	0.8534	0.1
900	450.1	0.8539	0.1
901	450.6	0.8545	0.1
902	451.1	0.855	0.1
903	451.6	0.8556	0.1
904	452.1	0.8561	0.1
905	452.6	0.8566	0.1
906	453.1	0.8572	0.1
907	453.6	0.8577	0.1
908	454.1	0.8583	0.1
909	454.6	0.8589	0.1
910	455.1	0.8594	0.1
911	455.6	0.8599	0.1
912	456.1	0.8605	0.1
913	456.6	0.861	0.1
914	457.1	0.8616	0.1
915	457.6	0.8621	0.1
916	458.1	0.8627	0.1
917	458.6	0.8632	0.1
918	459.1	0.8638	0.1
919	459.6	0.8643	0.1
920	460.1	0.8649	0.1
921	460.6	0.8654	0.1
922	461.1	0.866	0.1
923	461.6	0.8665	0.1
924	462.1	0.867	0.1
925	462.6	0.8676	0.1
926	463.1	0.8681	0.1
927	463.6	0.8687	0.1
928	464.1	0.8692	0.1
929	464.6	0.8697	0.1
930	465.1	0.8703	0.1
931	465.6	0.8708	0.1
932	466.1	0.8713	0.1
933	466.6	0.8719	0.1
934	467.1	0.8724	0.1
935	467.6	0.873	0.1
936	468.1	0.8735	0.1
937	468.6	0.874	0.1
938	469.1	0.8746	0.1
939	469.6	0.8751	0.1
940	470.1	0.8757	0.1
941	470.6	0.8762	0.1
942	471.1	0.8767	0.1
943	471.6	0.8772	0.1
944	472.1	0.8778	0.1
945	472.6	0.8783	0.1
946	473.1	0.8788	0.1
947	473.6	0.8794	0.1
948	474.1	0.8799	0.1
949	474.6	0.8804	0.1
950	475.1	0.881	0.1
951	475.6	0.8815	0.1
952	476.1	0.882	0.1
953	476.6	0.8826	0.1
954	477.1	0.8831	0.1
955	477.6	0.8836	0.1
956	478.1	0.8841	0.1
957	478.6	0.8847	0.1
958	479.1	0.8852	0.1
959	479.6	0.8857	0.1
960	480.1	0.8863	0.1
961	480.6	0.8868	0.1
962	481.1	0.8873	0.1
963	481.6	0.8879	0.1
964	482.1	0.8884	0.1
965	482.6	0.8889	0.1
966	483.1	0.8895	0.1
967	483.6	0.89	0.1
968	484.1	0.8905	0.1
969	484.6	0.891	0.1
970	485.1	0.8916	0.1
971	485.6	0.8921	0.1
972	486.1	0.8926	0.1
973	486.6	0.8931	0.1
974	487.1	0.8937	0.1
975	487.6	0.8942	0.1
976	488.1	0.8947	0.1
977	488.6	0.8952	0.1
978	489.1	0.8958	0.1
979	489.6	0.8963	0.1
980	490.1	0.8968	0.1
981	490.6	0.8973	0.1
982	491.1	0.8978	0.1
983	491.6	0.8984	0.1
984	492.1	0.8989	0.1
985	492.6	0.8994	0.1
986	493.1	0.8999	0.1
987	493.6	0.9005	0.1
988	494.1	0.901	0.1
989	494.6	0.9015	0.1
990	495.1	0.902	0.1
991	495.6	0.9025	0.1
992	496.1	0.9031	0.1
993	496.6	0.9036	0.1
994	497.1	0.9041	0.1
995	497.6	0.9046	0.1
996	498.1	0.9051	0.1
997	498.6	0.9056	0.1
998	499.1	0.9062	0.1
999	499.6	0.9067	0.1
1000	500.1	0.9072	0.1
1001	500.6	0.9078	0.1
1002	501.1	0.9083	0.1
1003	501.6	0.9088	0.1
1004	502.1	0.9093	0.1
1005	502.6	0.9098	0.1
1006	503.1	0.9104	0.1
1007	503.6	0.9109	0.1
1008	504.1	0.9114	0.1
1009	504.6	0.9119	0.1
1010	505.1	0.9124	0.1
1011	505.6	0.913	0.1
1012	506.1	0.9135	0.1
1013	506.6	0.914	0.1
1014	507.1	0.9145	0.1
1015	507.6	0.915	0.1
1016	508.1	0.9155	0.1
1017	508.6	0.916	0.1
1018	509.1	0.9166	0.1
1019	509.6	0.9171	0.1
1020	510.1	0.9176	0.1
1021	510.6	0.9181	0.1
1022	511.1	0.9186	0.1
1023	511.6	0.9191	0.1
1024	512.1	0.9196	0.1
1025	512.6	0.9201	0.1
1026	513.1	0.9207	0.1
1027	513.6	0.9212	0.1
1028	514.1	0.9217	0.1
1029	514.6	0.9222	0.1
1030	515.1	0.9227	0.1
1031	515.6	0.9232	0.1
1032	516.1	0.9237	0.1
1033	516.6	0.9242	0.1
1034	517.1	0.9248	0.1
1035	517.6	0.9253	0.1
1036	518.1	0.9258	0.1
1037	518.6	0.9263	0.1
1038	519.1	0.9268	0.1
1039	519.6	0.9273	0.1
1040	520.1	0.9278	0.1
1041	520.6	0.9283	0.1
1042	521.1	0.9288	0.1
1043	521.6	0.9293	0.1
1044	522.1	0.9298	0.1
1045	522.6	0.9304	0.1
1046	523.1	0.9309	0.1
1047	523.6	0.9314	0.1
1048	524.1	0.9319	0.1
1049	524.6	0.9324	0.1
1050	525.1	0.9329	0.1
1051	525.6	0.9334	0.1
1052	526.1	0.9339	0.1
1053	526.6	0.9344	0.1
1054	527.1	0.9349	0.1
1055	527.6	0.9354	0.1
1056	528.1	0.936	0.1
1057	528.6	0.9365	0.1
1058	529.1	0.937	0.1
1059	529.6	0.9375	0.1
1060	530.1	0.938	0.1
1061	530.6	0.9385	0.1
1062	531.1	0.939	0.1
1063	531.6	0.9395	0.1
1064	532.1	0.94	0.1
1065	532.6	0.9405	0.1
1066	533.1	0.941	0.1
1067	533.6	0.9415	0.1
1068	534.1	0.942	0.1
1069	534.6	0.9425	0.1
1070	535.1	0.943	0.1
1071	535.6	0.9435	0.1
1072	536.1	0.944	0.1
1073	536.6	0.9445	0.1
1074	537.1	0.945	0.1
1075	537.6	0.9455	0.1
1076	538.1	0.946	0.1
1077	538.6	0.9465	0.1
1078	539.1	0.947	0.1
1079	539.6	0.9475	0.1
1080	540.1	0.948	0.1
1081	540.6	0.9485	0.1
1082	541.1	0.949	0.1
1083	541.6	0.9495	0.1
1084	542.1	0.95	0.1
1085	542.6	0.9505	0.1
1086	543.1	0.951	0.1
1087	543.6	0.9515	0.1
1088	544.1	0.952	0.1
1089	544.6	0.9525	0.1
1090	545.1	0.953	0.1
1091	545.6	0.9535	0.1
1092	546.1	0.954	0.1
1093	546.6	0.9545	0.1
1094	547.1	0.955	0.1
1095	547.6	0.9555	0.1
1096	548.1	0.9561	0.1
1097	548.6	0.9566	0.1
1098	549.1	0.9571	0.1
1099	549.6	0.9576	0.1
1100	550.1	0.9581	0.1
1101	550.6	0.9586	0.1
1102	551.1	0.9591	0.1
1103	551.6	0.9596	0.1
1104	552.1	0.9601	0.1
1105	552.6	0.9606	0.1
1106	553.1	0.9611	0.1
1107	553.6	0.9616	0.1
1108	554.1	0.9621	0.1
1109	554.6	0.9626	0.1
1110	555.1	0.963	0.1
1111	555.6	0.9635	0.1
1112	556.1	0.964	0.1
1113	556.6	0.9645	0.1
1114	557.1	0.965	0.1
1115	557.6	0.9655	0.1
1116	558.1	0.966	0.1
1117	558.6	0.9665	0.1
1118	559.1	0.967	0.1
1119	559.6	0.9675	0.1
1120	560.1	0.968	0.1
1121	560.6	0.9685	0.1
1122	561.1	0.969	0.1
1123	561.6	0.9695	0.1
1124	562.1	0.97	0.1
1125	562.6	0.9704	0.1
1126	563.1	0.971	0.1
1127	563.6	0.9715	0.1
1128	564.1	0.9719	0.1
1129	564.6	0.9724	0.1
1130	565.1	0.9729	0.1
1131	565.6	0.9734	0.1
1132	566.1	0.9739	0.1
1133	566.6	0.9744	0.1
1134	567.1	0.9749	0.1
1135	567.6	0.9754	0.1
1136	568.1	0.9759	0.1
1137	568.6	0.9764	0.1
1138	569.1	0.9769	0.1
1139	569.6	0.9773	0.1
1140	570.1	0.9778	0.1
1141	570.6	0.9783	0.1
1142	571.1	0.9788	0.1
1143	571.6	0.9793	0.1
1144	572.1	0.9798	0.1
1145	572.6	0.9803	0.1
1146	573.1	0.9808	0.1
1147	573.6	0.9813	0.1
1148	574.1	0.9817	0.1
1149	574.6	0.9822	0.1
1150	575.1	0.9827	0.1
1151	575.6	0.9832	0.1
1152	576.1	0.9837	0.1
1153	576.6	0.9842	0.1
1154	577.1	0.9847	0.1
1155	577.6	0.9852	0.1
1156	578.1	0.9857	0.1
1157	578.6	0.9862	0.1
1158	579.1	0.9867	0.1
1159	579.6	0.9872	0.1
1160	580.1	0.9876	0.1
1161	580.6	0.9881	0.1
1162	581.1	0.9886	0.1
1163	581.6	0.9891	0.1
1164	582.1	0.9896	0.1
1165	582.6	0.9901	0.1
1166	583.1	0.9906	0.1
1167	583.6	0.9911	0.1
1168	584.1	0.9915	0.1
1169	584.6	0.992	0.1
1170	585.1	0.9925	0.1
1171	585.6	0.993	0.1
1172	586.1	0.9935	0.1
1173	586.6	0.994	0.1
1174	587.1	0.9945	0.1
1175	587.6	0.995	0.1
1176	588.1	0.9954	0.1
1177	588.6	0.9959	0.1
1178	589.1	0.9964	0.1
1179	589.6	0.9969	0.1
1180	590.1	0.9974	0.1
1181	590.6	0.9979	0.1
1182	591.1	0.9984	0.1
1183	591.6	0.9989	0.1
1184	592.1	0.9993	0.1
1185	592.6	0.9998	0.1
1186	593.1	1	0.1
1187	593.6	1.001	0.1
1188	594.1	1.001	0.1
1189	594.6	1.002	0.1
1190	595.1	1.002	0.1
1191	595.6	1.003	0.1
1192	596.1	1.003	0.1
1193	596.6	1.004	0.1
1194	597.1	1.004	0.1
1195	597.6	1.005	0.1
1196	598.1	1.005	0.1
1197	598.6	1.006	0.1
1198	599.1	1.006	0.1
1199	599.6	1.007	0.1
1200	600.1	1.007	0.1
1201	600.6	1.008	0.1
1202	601.1	1.008	0.1
1203	601.6	1.009	0.1
1204	602.1	1.009	0.1
1205	602.6	1.01	0.1
1206	603.1	1.01	0.1
1207	603.6	1.011	0.1
1208	604.1	1.011	0.1
1209	604.6	1.012	0.1
1210	605.1	1.012	0.1
1211	605.6	1.013	0.1
1212	606.1	1.013	0.1
1213	606.6	1.014	0.1
1214	607.1	1.014	0.1
1215	607.6	1.014	0.1
1216	608.1	1.015	0.1
1217	608.6	1.015	0.1
1218	609.1	1.016	0.1
1219	609.6	1.016	0.1
1220	610.1	1.017	0.1
1221	610.6	1.017	0.1
1222	611.1	1.018	0.1
1223	611.6	1.018	0.1
1224	612.1	1.019	0.1
1225	612.6	1.019	0.1
1226	613.1	1.02	0.1
1227	613.6	1.02	0.1
1228	614.1	1.021	0.1
1229	614.6	1.021	0.1
1230	615.1	1.022	0.1
1231	615.6	1.022	0.1
1232	616.1	1.023	0.1
1233	616.6	1.023	0.1
1234	617.1	1.024	0.1
1235	617.6	1.024	0.1
1236	618.1	1.025	0.1
1237	618.6	1.025	0.1
1238	619.1	1.026	0.1
1239	619.6	1.026	0.1
1240	620.1	1.027	0.1
1241	620.6	1.027	0.1
1242	621.1	1.028	0.1
1243	621.6	1.028	0.1
1244	622.1	1.029	0.1
1245	622.6	1.029	0.1
1246	623.1	1.03	0.1
1247	623.6	1.03	0.1
1248	624.1	1.03	0.1
1249	624.6	1.031	0.1
1250	625.1	1.031	0.1
1251	625.6	1.032	0.1
1252	626.1	1.032	0.1
1253	626.6	1.033	0.1
1254	627.1	1.033	0.1
1255	627.6	1.034	0.1
1256	628.1	1.034	0.1
1257	628.6	1.035	0.1
1258	629.1	1.035	0.1
1259	629.6	1.036	0.1
1260	630.1	1.036	0.1
1261	630.6	1.037	0.1
1262	631.1	1.037	0.1
1263	631.6	1.038	0.1
1264	632.1	1.038	0.1
1265	632.6	1.039	0.1
1266	633.1	1.039	0.1
1267	633.6	1.04	0.1
1268	634.1	1.04	0.1
1269	634.6	1.041	0.1
1270	635.1	1.041	0.1
1271	635.6	1.042	0.1
1272	636.1	1.042	0.1
1273	636.6	1.043	0.1
1274	637.1	1.043	0.1
1275	637.6	1.044	0.1
1276	638.1	1.044	0.1
1277	638.6	1.045	0.1
1278	639.1	1.045	0.1
1279	639.6	1.045	0.1
1280	640.1	1.046	0.1
1281	640.6	1.046	0.1
1282	641.1	1.047	0.1
1283	641.6	1.047	0.1
1284	642.1	1.048	0.1
1285	642.6	1.048	0.1
1286	643.1	1.049	0.1
1287	643.6	1.049	0.1
1288	644.1	1.05	0.1
1289	644.6	1.05	0.1
1290	645.1	1.051	0.1
1291	645.6	1.051	0.1
1292	646.1	1.052	0.1
1293	646.6	1.052	0.1
1294	647.1	1.053	0.1
1295	647.6	1.053	0.1
1296	648.1	1.054	0.1
1297	648.6	1.054	0.1
1298	649.1	1.055	0.1
1299	649.6	1.055	0.1
1300	650.1	1.056	0.1
1301	650.6	1.056	0.1
1302	651.1	1.057	0.1
1303	651.6	1.057	0.1
1304	652.1	1.058	0.1
1305	652.6	1.058	0.1
1306	653.1	1.059	0.1
1307	653.6	1.059	0.1
1308	654.1	1.059	0.1
1309	654.6	1.06	0.1
1310	655.1	1.06	0.1
1311	655.6	1.061	0.1
1312	656.1	1.061	0.1
1313	656.6	1.062	0.1
1314	657.1	1.062	0.1
1315	657.6	1.063	0.1
1316	658.1	1.063	0.1
1317	658.6	1.064	0.1
1318	659.1	1.064	0.1
1319	659.6	1.065	0.1
1320	660.1	1.065	0.1
1321	660.6	1.066	0.1
1322	661.1	1.066	0.1
1323	661.6	1.067	0.1
1324	662.1	1.067	0.1
1325	662.6	1.068	0.1
1326	663.1	1.068	0.1
1327	663.6	1.069	0.1
1328	664.1	1.069	0.1
1329	664.6	1.07	0.1
1330	665.1	1.07	0.1
1331	665.6	1.071	0.1
1332	666.1	1.071	0.1
1333	666.6	1.071	0.1
1334	667.1	1.072	0.1
1335	667.6	1.072	0.1
1336	668.1	1.073	0.1
1337	668.6	1.073	0.1
1338	669.1	1.074	0.1
1339	669.6	1.074	0.1
1340	670.1	1.075	0.1
1341	670.6	1.075	0.1
1342	671.1	1.076	0.1
1343	671.6	1.076	0.1
1344	672.1	1.077	0.1
1345	672.6	1.077	0.1
1346	673.1	1.078	0.1
1347	673.6	1.078	0.1
1348	674.1	1.079	0.1
1349	674.6	1.079	0.1
1350	675.1	1.08	0.1
1351	675.6	1.08	0.1
1352	676.1	1.081	0.1
1353	676.6	1.081	0.1
1354	677.1	1.082	0.1
1355	677.6	1.082	0.1
1356	678.1	1.082	0.1
1357	678.6	1.083	0.1
1358	679.1	1.083	0.1
1359	679.6	1.084	0.1
1360	680.1	1.084	0.1
1361	680.6	1.085	0.1
1362	681.1	1.085	0.1
1363	681.6	1.086	0.1
1364	682.1	1.086	0.1
1365	682.6	1.087	0.1
1366	683.1	1.087	0.1
1367	683.6	1.088	0.1
1368	684.1	1.088	0.1
1369	684.6	1.089	0.1
1370	685.1	1.089	0.1
1371	685.6	1.09	0.1
1372	686.1	1.09	0.1
1373	686.6	1.091	0.1
1374	687.1	1.091	0.1
1375	687.6	1.092	0.1
1376	688.1	1.092	0.1
1377	688.6	1.093	0.1
1378	689.1	1.093	0.1
1379	689.6	1.093	0.1
1380	690.1	1.094	0.1
1381	690.6	1.094	0.1
1382	691.1	1.095	0.1
1383	691.6	1.095	0.1
1384	692.1	1.096	0.1
1385	692.6	1.096	0.1
1386	693.1	1.097	0.1
1387	693.6	1.097	0.1
1388	694.1	1.098	0.1
1389	694.6	1.098	0.1
1390	695.1	1.099	0.1
1391	695.6	1.099	0.1
1392	696.1	1.1	0.1
1393	696.6	1.1	0.1
1394	697.1	1.101	0.1
1395	697.6	1.101	0.1
1396	698.1	1.102	0.1
1397	698.6	1.102	0.1
1398	699.1	1.103	0.1
1399	699.6	1.103	0.1
1400	700.1	1.104	0.1
1401	700.6	1.104	0.1
1402	701.1	1.104	0.1
1403	701.6	1.105	0.1
1404	702.1	1.105	0.1
1405	702.6	1.106	0.1
1406	703.1	1.106	0.1
1407	703.6	1.107	0.1
1408	704.1	1.107	0.1
1409	704.6	1.108	0.1
1410	705.1	1.108	0.1
1411	705.6	1.109	0.1
1412	706.1	1.109	0.1
1413	706.6	1.11	0.1
1414	707.1	1.11	0.1
1415	707.6	1.111	0.1
1416	708.1	1.111	0.1
1417	708.6	1.112	0.1
1418	709.1	1.112	0.1
1419	709.6	1.113	0.1
1420	710.1	1.113	0.1
1421	710.6	1.113	0.1
1422	711.1	1.114	0.1
1423	711.6	1.114	0.1
1424	712.1	1.115	0.1
1425	712.6	1.115	0.1
1426	713.1	1.116	0.1
1427	713.6	1.116	0.1
1428	714.1	1.117	0.1
1429	714.6	1.117	0.1
1430	715.1	1.118	0.1
1431	715.6	1.118	0.1
1432	716.1	1.119	0.1
1433	716.6	1.119	0.1
1434	717.1	1.12	0.1
1435	717.6	1.12	0.1
1436	718.1	1.121	0.1
1437	718.6	1.121	0.1
1438	719.1	1.122	0.1
1439	719.6	1.122	0.1
1440	720.1	1.122	0.1
1441	720.6	1.123	0.1
1442	721.1	1.123	0.1
1443	721.6	1.124	0.1
1444	722.1	1.124	0.1
1445	722.6	1.125	0.1
1446	723.1	1.125	0.1
1447	723.6	1.126	0.1
1448	724.1	1.126	0.1
1449	724.6	1.127	0.1
1450	725.1	1.127	0.1
1451	725.6	1.128	0.1
1452	726.1	1.128	0.1
1453	726.6	1.129	0.1
1454	727.1	1.129	0.1
1455	727.6	1.13	0.1
1456	728.1	1.13	0.1
1457	728.6	1.131	0.1
1458	729.1	1.131	0.1
1459	729.6	1.132	0.1
1460	730.1	1.132	0.1
1461	730.6	1.132	0.1
1462	731.1	1.133	0.1
1463	731.6	1.133	0.1
1464	732.1	1.134	0.1
1465	732.6	1.134	0.1
1466	733.1	1.135	0.1
1467	733.6	1.135	0.1
1468	734.1	1.136	0.1
1469	734.6	1.136	0.1
1470	735.1	1.137	0.1
1471	735.6	1.137	0.1
1472	736.1	1.138	0.1
1473	736.6	1.138	0.1
1474	737.1	1.139	0.1
1475	737.6	1.139	0.1
1476	738.1	1.14	0.1
1477	738.6	1.14	0.1
1478	739.1	1.141	0.1
1479	739.6	1.141	0.1
1480	740.1	1.141	0.1
1481	740.6	1.142	0.1
1482	741.1	1.142	0.1
1483	741.6	1.143	0.1
1484	742.1	1.143	0.1
1485	742.6	1.144	0.1
1486	743.1	1.144	0.1
1487	743.6	1.145	0.1
1488	744.1	1.145	0.1
1489	744.6	1.146	0.1
1490	745.1	1.146	0.1
1491	745.6	1.147	0.1
1492	746.1	1.147	0.1
1493	746.6	1.148	0.1
1494	747.1	1.148	0.1
1495	747.6	1.149	0.1
1496	748.1	1.149	0.1
1497	748.6	1.15	0.1
1498	749.1	1.15	0.1
1499	749.6	1.151	0.1
1500	750.1	1.151	0.1
1501	750.6	1.152	0.1
1502	751.1	1.152	0.1
1503	751.6	1.152	0.1
1504	752.1	1.153	0.1
1505	752.6	1.153	0.1
1506	753.1	1.154	0.1
1507	753.6	1.154	0.1
1508	754.1	1.155	0.1
1509	754.6	1.155	0.1
1510	755.1	1.156	0.1
1511	755.6	1.156	0.1
1512	756.1	1.157	0.1
1513	756.6	1.157	0.1
1514	757.1	1.158	0.1
1515	757.6	1.158	0.1
1516	758.1	1.159	0.1
1517	758.6	1.159	0.1
1518	759.1	1.16	0.1
1519	759.6	1.16	0.1
1520	760.1	1.161	0.1
1521	760.6	1.161	0.1
1522	761.1	1.161	0.1
1523	761.6	1.162	0.1
1524	762.1	1.162	0.1
1525	762.6	1.163	0.1
1526	763.1	1.163	0.1
1527	763.6	1.164	0.1
1528	764.1	1.164	0.1
1529	764.6	1.165	0.1
1530	765.1	1.165	0.1
1531	765.6	1.166	0.1
1532	766.1	1.166	0.1
1533	766.6	1.167	0.1
1534	767.1	1.167	0.1
1535	767.6	1.168	0.1
1536	768.1	1.168	0.1
1537	768.6	1.169	0.1
1538	769.1	1.169	0.1
1539	769.6	1.17	0.1
1540	770.1	1.17	0.1
1541	770.6	1.171	0.1
1542	771.1	1.171	0.1
1543	771.6	1.171	0.1
1544	772.1	1.172	0.1
1545	772.6	1.172	0.1
1546	773.1	1.173	0.1
1547	773.6	1.173	0.1
1548	774.1	1.174	0.1
1549	774.6	1.174	0.1
1550	775.1	1.175	0.1
1551	775.6	1.175	0.1
1552	776.1	1.176	0.1
1553	776.6	1.176	0.1
1554	777.1	1.177	0.1
1555	777.6	1.177	0.1
1556	778.1	1.178	0.1
1557	778.6	1.178	0.1
1558	779.1	1.179	0.1
1559	779.6	1.179	0.1
1560	780.1	1.18	0.1
1561	780.6	1.18	0.1
1562	781.1	1.181	0.1
1563	781.6	1.181	0.1
1564	782.1	1.181	0.1
1565	782.6	1.182	0.1
1566	783.1	1.182	0.1
1567	783.6	1.183	0.1
1568	784.1	1.183	0.1
1569	784.6	1.184	0.1
1570	785.1	1.184	0.1
1571	785.6	1.185	0.1
1572	786.1	1.185	0.1
1573	786.6	1.186	0.1
1574	787.1	1.186	0.1
1575	787.6	1.187	0.1
1576	788.1	1.187	0.1
1577	788.6	1.188	0.1
1578	789.1	1.188	0.1
1579	789.6	1.189	0.1
1580	790.1	1.189	0.1
1581	790.6	1.19	0.1
1582	791.1	1.19	0.1
1583	791.6	1.191	0.1
1584	792.1	1.191	0.1
1585	792.6	1.191	0.1
1586	793.1	1.192	0.1
1587	793.6	1.192	0.1
1588	794.1	1.193	0.1
1589	794.6	1.193	0.1
1590	795.1	1.194	0.1
1591	795.6	1.194	0.1
1592	796.1	1.195	0.1
1593	796.6	1.195	0.1
1594	797.1	1.196	0.1
1595	797.6	1.196	0.1
1596	798.1	1.197	0.1
1597	798.6	1.197	0.1
1598	799.1	1.198	0.1
1599	799.6	1.198	0.1
1600	800.1	1.199	0.1
1601	800.6	1.199	0.1
1602	801.1	1.2	0.1
1603	801.6	1.2	0.1
1604	802.1	1.201	0.1
1605	802.6	1.201	0.1
1606	803.1	1.202	0.1
1607	803.6	1.202	0.1
1608	804.1	1.203	0.1
1609	804.6	1.203	0.1
1610	805.1	1.204	0.1
1611	805.6	1.204	0.1
1612	806.1	1.204	0.1
1613	806.6	1.205	0.1
1614	807	1.205	0.1
1615	807.5	1.206	0.1
1616	808	1.206	0.1
1617	808.5	1.207	0.1
1618	809	1.207	0.1
1619	809.5	1.208	0.1
1620	810	1.208	0.1
1621	810.5	1.209	0.1
1622	811	1.209	0.1
1623	811.5	1.21	0.1
1624	812	1.21	0.1
1625	812.5	1.211	0.1
1626	813	1.211	0.1
1627	813.5	1.212	0.1
1628	814	1.212	0.1
1629	814.5	1.213	0.1
1630	815	1.213	0.1
1631	815.5	1.214	0.1
1632	816	1.214	0.1
1633	816.5	1.215	0.1
1634	817	1.215	0.1
1635	817.5	1.215	0.1
1636	818	1.216	0.1
1637	818.5	1.216	0.1
1638	819	1.217	0.1
1639	819.5	1.217	0.1
1640	820	1.218	0.1
1641	820.5	1.218	0.1
1642	821	1.219	0.1
1643	821.5	1.219	0.1
1644	822	1.22	0.1
1645	822.5	1.22	0.1
1646	823	1.221	0.1
1647	823.5	1.221	0.1
1648	824	1.222	0.1
1649	824.5	1.222	0.1
1650	825	1.223	0.1
1651	825.5	1.223	0.1
1652	826	1.224	0.1
1653	826.5	1.224	0.1
1654	827	1.225	0.1
1655	827.5	1.225	0.1
1656	828	1.226	0.1
1657	828.5	1.226	0.1
1658	829	1.227	0.1
1659	829.5	1.227	0.1
1660	830	1.228	0.1
1661	830.5	1.228	0.1
1662	831	1.229	0.1
1663	831.5	1.229	0.1
1664	832	1.229	0.1
1665	832.5	1.23	0.1
1666	833	1.23	0.1
1667	833.5	1.231	0.1
1668	834	1.231	0.1
1669	834.5	1.232	0.1
1670	835	1.232	0.1
1671	835.5	1.233	0.1
1672	836	1.233	0.1
1673	836.5	1.234	0.1
1674	837	1.234	0.1
1675	837.5	1.235	0.1
1676	838	1.235	0.1
1677	838.5	1.236	0.1
1678	839	1.236	0.1
1679	839.5	1.237	0.1
1680	840	1.237	0.1
1681	840.5	1.238	0.1
1682	841	1.238	0.1
1683	841.5	1.239	0.1
1684	842	1.239	0.1
1685	842.5	1.24	0.1
1686	843	1.24	0.1
1687	843.5	1.241	0.1
1688	844	1.241	0.1
1689	844.5	1.242	0.1
1690	845	1.242	0.1
1691	845.5	1.243	0.1
1692	846	1.243	0.1
1693	846.5	1.244	0.1
1694	847	1.244	0.1
1695	847.5	1.244	0.1
1696	848	1.245	0.1
1697	848.5	1.245	0.1
1698	849	1.246	0.1
1699	849.5	1.246	0.1
1700	850	1.247	0.1
1701	850.5	1.247	0.1
1702	851	1.248	0.1
1703	851.5	1.248	0.1
1704	852	1.249	0.1
1705	852.5	1.249	0.1
1706	853	1.25	0.1
1707	853.5	1.25	0.1
1708	854	1.251	0.1
1709	854.5	1.251	0.1
1710	855	1.252	0.1
1711	855.5	1.252	0.1
1712	856	1.253	0.1
1713	856.5	1.253	0.1
1714	857	1.254	0.1
1715	857.5	1.254	0.1
1716	858	1.255	0.1
1717	858.5	1.255	0.1
1718	859	1.256	0.1
1719	859.5	1.256	0.1
1720	860	1.257	0.1
1721	860.5	1.257	0.1
1722	861	1.258	0.1
1723	861.5	1.258	0.1
1724	862	1.259	0.1
1725	862.5	1.259	0.1
1726	863	1.26	0.1
1727	863.5	1.26	0.1
1728	864	1.261	0.1
1729	864.5	1.261	0.1
1730	865	1.262	0.1
1731	865.5	1.262	0.1
1732	866	1.262	0.1
1733	866.5	1.263	0.1
1734	867	1.263	0.1
1735	867.5	1.264	0.1
1736	868	1.264	0.1
1737	868.5	1.265	0.1
1738	869	1.265	0.1
1739	869.5	1.266	0.1
1740	870	1.266	0.1
1741	870.5	1.267	0.1
1742	871	1.267	0.1
1743	871.5	1.268	0.1
1744	872	1.268	0.1
1745	872.5	1.269	0.1
1746	873	1.269	0.1
1747	873.5	1.27	0.1
1748	874	1.27	0.1
1749	874.5	1.271	0.1
1750	875	1.271	0.1
1751	875.5	1.272	0.1
1752	876	1.272	0.1
1753	876.5	1.273	0.1
1754	877	1.273	0.1
1755	877.5	1.274	0.1
1756	878	1.274	0.1
1757	878.5	1.275	0.1
1758	879	1.275	0.1
1759	879.5	1.276	0.1
1760	880	1.276	0.1
1761	880.5	1.277	0.1
1762	881	1.277	0.1
1763	881.5	1.278	0.1
1764	882	1.278	0.1
1765	882.5	1.279	0.1
1766	883	1.279	0.1
1767	883.5	1.279	0.1
1768	884	1.28	0.1
1769	884.5	1.28	0.1
1770	885	1.281	0.1
1771	885.5	1.281	0.1
1772	886	1.282	0.1
1773	886.5	1.282	0.1
1774	887	1.283	0.1
1775	887.5	1.283	0.1
1776	888	1.284	0.1
1777	888.5	1.284	0.1
1778	889	1.285	0.1
1779	889.5	1.285	0.1
1780	890	1.286	0.1
1781	890.5	1.286	0.1
1782	891	1.287	0.1
1783	891.5	1.287	0.1
1784	892	1.288	0.1
1785	892.5	1.288	0.1
1786	893	1.289	0.1
1787	893.5	1.289	0.1
1788	894	1.29	0.1
1789	894.5	1.29	0.1
1790	895	1.291	0.1
1791	895.5	1.291	0.1
1792	896	1.292	0.1
1793	896.5	1.292	0.1
1794	897	1.293	0.1
1795	897.5	1.293	0.1
1796	898	1.294	0.1
1797	898.5	1.294	0.1
1798	899	1.295	0.1
1799	899.5	1.295	0.1
1800	900	1.296	0.1
1801	900.5	1.296	0.1
1802	901	1.296	0.1
1803	901.5	1.297	0.1
1804	902	1.297	0.1
1805	902.5	1.298	0.1
1806	903	1.298	0.1
1807	903.5	1.299	0.1
1808	904	1.299	0.1
1809	904.5	1.3	0.1
1810	905	1.3	0.1
1811	905.5	1.301	0.1
1812	906	1.301	0.1
1813	906.5	1.302	0.1
1814	907	1.302	0.1
1815	907.5	1.303	0.1
1816	908	1.303	0.1
1817	908.5	1.304	0.1
1818	909	1.304	0.1
1819	909.5	1.305	0.1
1820	910	1.305	0.1
1821	910.5	1.306	0.1
1822	911	1.306	0.1
1823	911.5	1.307	0.1
1824	912	1.307	0.1
1825	912.5	1.308	0.1
1826	913	1.308	0.1
1827	913.5	1.309	0.1
1828	914	1.309	0.1
1829	914.5	1.31	0.1
1830	915	1.31	0.1
1831	915.5	1.311	0.1
1832	916	1.311	0.1
1833	916.5	1.312	0.1
1834	917	1.312	0.1
1835	917.5	1.312	0.1
1836	918	1.313	0.1
1837	918.5	1.313	0.1
1838	919	1.314	0.1
1839	919.5	1.314	0.1
1840	920	1.315	0.1
1841	920.5	1.315	0.1
1842	921	1.316	0.1
1843	921.5	1.316	0.1
1844	922	1.317	0.1
1845	922.5	1.317	0.1
1846	923	1.318	0.1
1847	923.5	1.318	0.1
1848	924	1.319	0.1
1849	924.5	1.319	0.1
1850	925	1.32	0.1
1851	925.5	1.32	0.1
1852	926	1.321	0.1
1853	926.5	1.321	0.1
1854	927	1.322	0.1
1855	927.5	1.322	0.1
1856	928	1.323	0.1
1857	928.5	1.323	0.1
1858	929	1.324	0.1
1859	929.5	1.324	0.1
1860	930	1.325	0.1
1861	930.5	1.325	0.1
1862	931	1.325	0.1
1863	931.5	1.326	0.1
1864	932	1.326	0.1
1865	932.5	1.327	0.1
1866	933	1.327	0.1
1867	933.5	1.328	0.1
1868	934	1.328	0.1
1869	934.5	1.329	0.1
1870	935	1.329	0.1
1871	935.5	1.33	0.1
1872	936	1.33	0.1
1873	936.5	1.331	0.1
1874	937	1.331	0.1
1875	937.5	1.332	0.1
1876	938	1.332	0.1
1877	938.5	1.333	0.1
1878	939	1.333	0.1
1879	939.5	1.334	0.1
1880	940	1.334	0.1
1881	940.5	1.335	0.1
1882	941	1.335	0.1
1883	941.5	1.336	0.1
1884	942	1.336	0.1
1885	942.5	1.337	0.1
1886	943	1.337	0.1
1887	943.5	1.337	0.1
1888	944	1.338	0.1
1889	944.5	1.338	0.1
1890	945	1.339	0.1
1891	945.5	1.339	0.1
1892	946	1.34	0.1
1893	946.5	1.34	0.1
1894	947	1.341	0.1
1895	947.5	1.341	0.1
1896	948	1.342	0.1
1897	948.5	1.342	0.1
1898	949	1.343	0.1
1899	949.5	1.343	0.1
1900	950	1.344	0.1
1901	950.5	1.344	0.1
1902	951	1.345	0.1
1903	951.5	1.345	0.1
1904	952	1.346	0.1
1905	952.5	1.346	0.1
1906	953	1.347	0.1
1907	953.5	1.347	0.1
1908	954	1.348	0.1
1909	954.5	1.348	0.1
1910	955	1.349	0.1
1911	955.5	1.349	0.1
1912	956	1.349	0.1
1913	956.5	1.35	0.1
1914	957	1.35	0.1
1915	957.5	1.351	0.1
1916	958	1.351	0.1
1917	958.5	1.352	0.1
1918	959	1.352	0.1
1919	959.5	1.353	0.1
1920	960	1.353	0.1
1921	960.5	1.354	0.1
1922	961	1.354	0.1
1923	961.5	1.355	0.1
1924	962	1.355	0.1
1925	962.5	1.356	0.1
1926	963	1.356	0.1
1927	963.5	1.357	0.1
1928	964	1.357	0.1
1929	964.5	1.358	0.1
1930	965	1.358	0.1
1931	965.5	1.359	0.1
1932	966	1.359	0.1
1933	966.5	1.359	0.1
1934	967	1.36	0.1
1935	967.5	1.36	0.1
1936	968	1.361	0.1
1937	968.5	1.361	0.1
1938	969	1.362	0.1
1939	969.5	1.362	0.1
1940	970	1.363	0.1
1941	970.5	1.363	0.1
1942	971	1.364	0.1
1943	971.5	1.364	0.1
1944	972	1.365	0.1
1945	972.5	1.365	0.1
1946	973	1.366	0.1
1947	973.5	1.366	0.1
1948	974	1.367	0.1
1949	974.5	1.367	0.1
1950	975	1.368	0.1
1951	975.5	1.368	0.1
1952	976	1.369	0.1
1953	976.5	1.369	0.1
1954	977	1.369	0.1
1955	977.5	1.37	0.1
1956	978	1.37	0.1
1957	978.5	1.371	0.1
1958	979	1.371	0.1
1959	979.5	1.372	0.1
1960	980	1.372	0.1
1961	980.5	1.373	0.1
1962	981	1.373	0.1
1963	981.5	1.374	0.1
1964	982	1.374	0.1
1965	982.5	1.375	0.1
1966	983	1.375	0.1
1967	983.5	1.376	0.1
1968	984	1.376	0.1
1969	984.5	1.377	0.1
1970	985	1.377	0.1
1971	985.5	1.378	0.1
1972	986	1.378	0.1
1973	986.5	1.378	0.1
1974	987	1.379	0.1
1975	987.5	1.379	0.1
1976	988	1.38	0.1
1977	988.5	1.38	0.1
1978	989	1.381	0.1
1979	989.5	1.381	0.1
1980	990	1.382	0.1
1981	990.5	1.382	0.1
1982	991	1.383	0.1
1983	991.5	1.383	0.1
1984	992	1.384	0.1
1985	992.5	1.384	0.1
1986	993	1.385	0.1
1987	993.5	1.385	0.1
1988	994	1.385	0.1
1989	994.5	1.386	0.1
1990	995	1.386	0.1
1991	995.5	1.387	0.1
1992	996	1.387	0.1
1993	996.5	1.388	0.1
1994	997	1.388	0.1
1995	997.5	1.389	0.1
1996	998	1.389	0.1
1997	998.5	1.39	0.1
1998	999	1.39	0.1
1999	999.5	1.391	0.1
2000	1000	1.391	0.1
2001	1001	1.392	0.1
2002	1001	1.392	0.1
2003	1002	1.393	0.1
2004	1002	1.393	0.1
2005	1003	1.393	0.1
2006	1003	1.394	0.1
2007	1004	1.394	0.1
2008	1004	1.395	0.1
2009	1005	1.395	0.1
2010	1005	1.396	0.1
2011	1006	1.396	0.1
2012	1006	1.397	0.1
2013	1007	1.397	0.1
2014	1007	1.398	0.1
2015	1008	1.398	0.1
2016	1008	1.399	0.1
2017	1009	1.399	0.1
2018	1009	1.4	0.1
2019	1010	1.4	0.1
2020	1010	1.4	0.1
2021	1011	1.401	0.1
2022	1011	1.401	0.1
2023	1012	1.402	0.1
2024	1012	1.402	0.1
2025	1012	1.403	0.1
2026	1013	1.403	0.1
2027	1013	1.404	0.1
2028	1014	1.404	0.1
2029	1014	1.405	0.1
2030	1015	1.405	0.1
2031	1015	1.406	0.1
2032	1016	1.406	0.1
2033	1016	1.407	0.1
2034	1017	1.407	0.1
2035	1017	1.407	0.1
2036	1018	1.408	0.1
2037	1018	1.408	0.1
2038	1019	1.409	0.1
2039	1019	1.409	0.1
2040	1020	1.41	0.1
2041	1020	1.41	0.1
2042	1021	1.411	0.1
2043	1021	1.411	0.1
2044	1022	1.412	0.1
2045	1022	1.412	0.1
2046	1023	1.412	0.1
2047	1023	1.413	0.1
2048	1024	1.413	0.1
2049	1024	1.414	0.1
2050	1025	1.414	0.1
2051	1025	1.415	0.1
2052	1026	1.415	0.1
2053	1026	1.416	0.1
2054	1027	1.416	0.1
2055	1027	1.417	0.1
2056	1028	1.417	0.1
2057	1028	1.418	0.1
2058	1029	1.418	0.1
2059	1029	1.418	0.1
2060	1030	1.419	0.1
2061	1030	1.419	0.1
2062	1031	1.42	0.1
2063	1031	1.42	0.1
2064	1032	1.421	0.1
2065	1032	1.421	0.1
2066	1033	1.422	0.1
2067	1033	1.422	0.1
2068	1034	1.423	0.1
2069	1034	1.423	0.1
2070	1035	1.423	0.1
2071	1035	1.424	0.1
2072	1036	1.424	0.1
2073	1036	1.425	0.1
2074	1037	1.425	0.1
2075	1037	1.426	0.1
2076	1038	1.426	0.1
2077	1038	1.427	0.1
2078	1039	1.427	0.1
2079	1039	1.428	0.1
2080	1040	1.428	0.1
2081	1040	1.428	0.1
2082	1041	1.429	0.1
2083	1041	1.429	0.1
2084	1042	1.43	0.1
2085	1042	1.43	0.1
2086	1043	1.431	0.1
2087	1043	1.431	0.1
2088	1044	1.432	0.1
2089	1044	1.432	0.1
2090	1045	1.433	0.1
2091	1045	1.433	0.1
2092	1046	1.433	0.1
2093	1046	1.434	0.1
2094	1047	1.434	0.1
2095	1047	1.435	0.1
2096	1048	1.435	0.1
2097	1048	1.436	0.1
2098	1049	1.436	0.1
2099	1049	1.437	0.1
2100	1050	1.437	0.1
2101	1050	1.437	0.1
2102	1051	1.438	0.1
2103	1051	1.438	0.1
2104	1052	1.439	0.1
2105	1052	1.439	0.1
2106	1053	1.44	0.1
2107	1053	1.44	0.1
2108	1054	1.441	0.1
2109	1054	1.441	0.1
2110	1055	1.441	0.1
2111	1055	1.442	0.1
2112	1056	1.442	0.1
2113	1056	1.443	0.1
2114	1057	1.443	0.1
2115	1057	1.444	0.1
2116	1058	1.444	0.1
2117	1058	1.445	0.1
2118	1059	1.445	0.1
2119	1059	1.446	0.1
2120	1060	1.446	0.1
2121	1060	1.446	0.1
2122	1061	1.447	0.1
2123	1061	1.447	0.1
2124	1062	1.448	0.1
2125	1062	1.448	0.1
2126	1063	1.449	0.1
2127	1063	1.449	0.1
2128	1064	1.449	0.1
2129	1064	1.45	0.1
2130	1065	1.45	0.1
2131	1065	1.451	0.1
2132	1066	1.451	0.1
2133	1066	1.452	0.1
2134	1067	1.452	0.1
2135	1067	1.453	0.1
2136	1068	1.453	0.1
2137	1068	1.453	0.1
2138	1069	1.454	0.1
2139	1069	1.454	0.1
2140	1070	1.455	0.1
2141	1070	1.455	0.1
2142	1071	1.456	0.1
2143	1071	1.456	0.1
2144	1072	1.456	0.1
2145	1072	1.457	0.1
2146	1073	1.457	0.1
2147	1073	1.458	0.1
2148	1074	1.458	0.1
2149	1074	1.459	0.1
2150	1075	1.459	0.1
2151	1075	1.46	0.1
2152	1076	1.46	0.1
2153	1076	1.46	0.1
2154	1077	1.461	0.1
2155	1077	1.461	0.1
2156	1078	1.462	0.1
2157	1078	1.462	0.1
2158	1079	1.463	0.1
2159	1079	1.463	0.1
2160	1080	1.463	0.1
2161	1080	1.464	0.1
2162	1081	1.464	0.1
2163	1081	1.465	0.1
2164	1082	1.465	0.1
2165	1082	1.466	0.1
2166	1083	1.466	0.1
2167	1083	1.466	0.1
2168	1084	1.467	0.1
2169	1084	1.467	0.1
2170	1085	1.468	0.1
2171	1085	1.468	0.1
2172	1086	1.469	0.1
2173	1086	1.469	0.1
2174	1087	1.469	0.1
2175	1087	1.47	0.1
2176	1088	1.47	0.1
2177	1088	1.471	0.1
2178	1089	1.471	0.1
2179	1089	1.472	0.1
2180	1090	1.472	0.1
2181	1090	1.472	0.1
2182	1091	1.473	0.1
2183	1091	1.473	0.1
2184	1092	1.474	0.1
2185	1092	1.474	0.1
2186	1093	1.475	0.1
2187	1093	1.475	0.1
2188	1094	1.475	0.1
2189	1094	1.476	0.1
2190	1095	1.476	0.1
2191	1095	1.477	0.1
2192	1096	1.477	0.1
2193	1096	1.477	0.1
2194	1097	1.478	0.1
2195	1097	1.478	0.1
2196	1098	1.479	0.1
2197	1098	1.479	0.1
2198	1099	1.48	0.1
2199	1099	1.48	0.1
2200	1100	1.48	0.1
2201	1100	1.481	0.1
2202	1101	1.481	0.1
2203	1101	1.482	0.1
2204	1102	1.482	0.1
2205	1102	1.482	0.1
2206	1103	1.483	0.1
2207	1103	1.483	0.1
2208	1104	1.484	0.1
2209	1104	1.484	0.1
2210	1105	1.485	0.1
2211	1105	1.485	0.1
2212	1106	1.485	0.1
2213	1106	1.486	0.1
2214	1107	1.486	0.1
2215	1107	1.487	0.1
2216	1108	1.487	0.1
2217	1108	1.487	0.1
2218	1109	1.488	0.1
2219	1109	1.488	0.1
2220	1110	1.489	0.1
2221	1110	1.489	0.1
2222	1111	1.489	0.1
2223	1111	1.49	0.1
2224	1112	1.49	0.1
2225	1112	1.491	0.1
2226	1113	1.491	0.1
2227	1113	1.492	0.1
2228	1114	1.492	0.1
2229	1114	1.492	0.1
2230	1115	1.493	0.1
2231	1115	1.493	0.1
2232	1116	1.494	0.1
2233	1116	1.494	0.1
2234	1117	1.494	0.1
2235	1117	1.495	0.1
2236	1118	1.495	0.1
2237	1118	1.496	0.1
2238	1119	1.496	0.1
2239	1119	1.496	0.1
2240	1120	1.497	0.1
2241	1120	1.497	0.1
2242	1121	1.498	0.1
2243	1121	1.498	0.1
2244	1122	1.498	0.1
2245	1122	1.499	0.1
2246	1123	1.499	0.1
2247	1123	1.5	0.1
2248	1124	1.5	0.1
2249	1124	1.5	0.1
2250	1125	1.501	0.1
2251	1125	1.501	0.1
2252	1126	1.502	0.1
2253	1126	1.502	0.1
2254	1127	1.502	0.1
2255	1127	1.503	0.1
2256	1128	1.503	0.1
2257	1128	1.504	0.1
2258	1129	1.504	0.1
2259	1129	1.504	0.1
2260	1130	1.505	0.1
2261	1130	1.505	0.1
2262	1131	1.506	0.1
2263	1131	1.506	0.1
2264	1132	1.506	0.1
2265	1132	1.507	0.1
2266	1133	1.507	0.1
2267	1133	1.507	0.1
2268	1134	1.508	0.1
2269	1134	1.508	0.1
2270	1135	1.509	0.1
2271	1135	1.509	0.1
2272	1136	1.509	0.1
2273	1136	1.51	0.1
2274	1137	1.51	0.1
2275	1137	1.511	0.1
2276	1138	1.511	0.1
2277	1138	1.511	0.1
2278	1139	1.512	0.1
2279	1139	1.512	0.1
2280	1140	1.513	0.1
2281	1140	1.513	0.1
2282	1141	1.513	0.1
2283	1141	1.514	0.1
2284	1142	1.514	0.1
2285	1142	1.514	0.1
2286	1143	1.515	0.1
2287	1143	1.515	0.1
2288	1144	1.516	0.1
2289	1144	1.516	0.1
2290	1145	1.516	0.1
2291	1145	1.517	0.1
2292	1146	1.517	0.1
2293	1146	1.518	0.1
2294	1147	1.518	0.1
2295	1147	1.518	0.1
2296	1148	1.519	0.1
2297	1148	1.519	0.1
2298	1149	1.519	0.1
2299	1149	1.52	0.1
2300	1150	1.52	0.1
2301	1150	1.521	0.1
2302	1151	1.521	0.1
2303	1151	1.521	0.1
2304	1152	1.522	0.1
2305	1152	1.522	0.1
2306	1153	1.522	0.1
2307	1153	1.523	0.1
2308	1154	1.523	0.1
2309	1154	1.524	0.1
2310	1155	1.524	0.1
2311	1155	1.524	0.1
2312	1156	1.525	0.1
2313	1156	1.525	0.1
2314	1157	1.525	0.1
2315	1157	1.526	0.1
2316	1158	1.526	0.1
2317	1158	1.526	0.1
2318	1159	1.527	0.1
2319	1159	1.527	0.1
2320	1160	1.528	0.1
2321	1160	1.528	0.1
2322	1161	1.528	0.1
2323	1161	1.529	0.1
2324	1162	1.529	0.1
2325	1162	1.529	0.1
2326	1163	1.53	0.1
2327	1163	1.53	0.1
2328	1164	1.53	0.1
2329	1164	1.531	0.1
2330	1165	1.531	0.1
2331	1165	1.532	0.1
2332	1166	1.532	0.1
2333	1166	1.532	0.1
2334	1167	1.533	0.1
2335	1167	1.533	0.1
2336	1168	1.533	0.1
2337	1168	1.534	0.1
2338	1169	1.534	0.1
2339	1169	1.534	0.1
2340	1170	1.535	0.1
2341	1170	1.535	0.1
2342	1171	1.536	0.1
2343	1171	1.536	0.1
2344	1172	1.536	0.1
2345	1172	1.537	0.1
2346	1173	1.537	0.1
2347	1173	1.537	0.1
2348	1174	1.538	0.1
2349	1174	1.538	0.1
2350	1175	1.538	0.1
2351	1175	1.539	0.1
2352	1176	1.539	0.1
2353	1176	1.539	0.1
2354	1177	1.54	0.1
2355	1177	1.54	0.1
2356	1178	1.54	0.1
2357	1178	1.541	0.1
2358	1179	1.541	0.1
2359	1179	1.542	0.1
2360	1180	1.542	0.1
2361	1180	1.542	0.1
2362	1181	1.543	0.1
2363	1181	1.543	0.1
2364	1182	1.543	0.1
2365	1182	1.544	0.1
2366	1183	1.544	0.1
2367	1183	1.544	0.1
2368	1184	1.545	0.1
2369	1184	1.545	0.1
2370	1185	1.545	0.1
2371	1185	1.546	0.1
2372	1186	1.546	0.1
2373	1186	1.546	0.1
2374	1187	1.547	0.1
2375	1187	1.547	0.1
2376	1188	1.547	0.1
2377	1188	1.548	0.1
2378	1189	1.548	0.1
2379	1189	1.548	0.1
2380	1190	1.549	0.1
2381	1190	1.549	0.1
2382	1191	1.549	0.1
2383	1191	1.55	0.1
2384	1192	1.55	0.1
2385	1192	1.55	0.1
2386	1193	1.551	0.1
2387	1193	1.551	0.1
2388	1194	1.551	0.1
2389	1194	1.552	0.1
2390	1195	1.552	0.1
2391	1195	1.552	0.1
2392	1196	1.553	0.1
2393	1196	1.553	0.1
2394	1197	1.553	0.1
2395	1197	1.554	0.1
2396	1198	1.554	0.1
2397	1198	1.554	0.1
2398	1199	1.555	0.1
2399	1199	1.555	0.1
2400	1200	1.555	0.1
2401	1200	1.556	0.1
2402	1201	1.556	0.1
2403	1201	1.556	0.1
2404	1202	1.557	0.1
2405	1202	1.557	0.1
2406	1203	1.557	0.1
2407	1203	1.558	0.1
2408	1204	1.558	0.1
2409	1204	1.558	0.1
2410	1205	1.559	0.1
2411	1205	1.559	0.1
2412	1206	1.559	0.1
2413	1206	1.56	0.1
2414	1207	1.56	0.1
2415	1207	1.56	0.1
2416	1208	1.56	0.1
2417	1208	1.561	0.1
2418	1209	1.561	0.1
2419	1209	1.561	0.1
2420	1210	1.562	0.1
2421	1210	1.562	0.1
2422	1211	1.562	0.1
2423	1211	1.563	0.1
2424	1212	1.563	0.1
2425	1212	1.563	0.1
2426	1213	1.564	0.1
2427	1213	1.564	0.1
2428	1214	1.564	0.1
2429	1214	1.565	0.1
2430	1215	1.565	0.1
2431	1215	1.565	0.1
2432	1216	1.566	0.1
2433	1216	1.566	0.1
2434	1217	1.566	0.1
2435	1217	1.566	0.1
2436	1218	1.567	0.1
2437	1218	1.567	0.1
2438	1219	1.567	0.1
2439	1219	1.568	0.1
2440	1220	1.568	0.1
2441	1220	1.568	0.1
2442	1221	1.569	0.1
2443	1221	1.569	0.1
2444	1222	1.569	0.1
2445	1222	1.569	0.1
2446	1223	1.57	0.1
2447	1223	1.57	0.1
2448	1224	1.57	0.1
2449	1224	1.571	0.1
2450	1225	1.571	0.1
2451	1225	1.571	0.1
2452	1226	1.572	0.1
2453	1226	1.572	0.1
2454	1227	1.572	0.1
2455	1227	1.573	0.1
2456	1228	1.573	0.1
2457	1228	1.573	0.1
2458	1229	1.573	0.1
2459	1229	1.574	0.1
2460	1230	1.574	0.1
2461	1230	1.574	0.1
2462	1231	1.575	0.1
2463	1231	1.575	0.1
2464	1232	1.575	0.1
2465	1232	1.575	0.1
2466	1233	1.576	0.1
2467	1233	1.576	0.1
2468	1234	1.576	0.1
2469	1234	1.577	0.1
2470	1235	1.577	0.1
2471	1235	1.577	0.1
2472	1236	1.578	0.1
2473	1236	1.578	0.1
2474	1237	1.578	0.1
2475	1237	1.578	0.1
2476	1238	1.579	0.1
2477	1238	1.579	0.1
2478	1239	1.579	0.1
2479	1239	1.58	0.1
2480	1240	1.58	0.1
2481	1240	1.58	0.1
2482	1241	1.58	0.1
2483	1241	1.581	0.1
2484	1242	1.581	0.1
2485	1242	1.581	0.1
2486	1243	1.582	0.1
2487	1243	1.582	0.1
2488	1244	1.582	0.1
2489	1244	1.582	0.1
2490	1245	1.583	0.1
2491	1245	1.583	0.1
2492	1246	1.583	0.1
2493	1246	1.584	0.1
2494	1247	1.584	0.1
2495	1247	1.584	0.1
2496	1248	1.584	0.1
2497	1248	1.585	0.1
2498	1249	1.585	0.1
2499	1249	1.585	0.1
2500	1250	1.586	0.1
2501	1250	1.586	0.1
2502	1251	1.586	0.1
2503	1251	1.586	0.1
2504	1252	1.587	0.1
2505	1252	1.587	0.1
2506	1253	1.587	0.1
2507	1253	1.587	0.1
2508	1254	1.588	0.1
2509	1254	1.588	0.1
2510	1255	1.588	0.1
2511	1255	1.589	0.1
2512	1256	1.589	0.1
2513	1256	1.589	0.1
2514	1257	1.589	0.1
2515	1257	1.59	0.1
2516	1258	1.59	0.1
2517	1258	1.59	0.1
2518	1259	1.59	0.1
2519	1259	1.591	0.1
2520	1260	1.591	0.1
2521	1260	1.591	0.1
2522	1261	1.591	0.1
2523	1261	1.592	0.1
2524	1262	1.592	0.1
2525	1262	1.592	0.1
2526	1263	1.593	0.1
2527	1263	1.593	0.1
2528	1264	1.593	0.1
2529	1264	1.593	0.1
2530	1265	1.594	0.1
2531	1265	1.594	0.1
2532	1266	1.594	0.1
2533	1266	1.594	0.1
2534	1267	1.595	0.1
2535	1267	1.595	0.1
2536	1268	1.595	0.1
2537	1268	1.595	0.1
2538	1269	1.596	0.1
2539	1269	1.596	0.1
2540	1270	1.596	0.1
2541	1270	1.596	0.1
2542	1271	1.597	0.1
2543	1271	1.597	0.1
2544	1272	1.597	0.1
2545	1272	1.598	0.1
2546	1273	1.598	0.1
2547	1273	1.598	0.1
2548	1274	1.598	0.1
2549	1274	1.599	0.1
2550	1275	1.599	0.1
2551	1275	1.599	0.1
2552	1276	1.599	0.1
2553	1276	1.6	0.1
2554	1277	1.6	0.1
2555	1277	1.6	0.1
2556	1278	1.6	0.1
2557	1278	1.601	0.1
2558	1279	1.601	0.1
2559	1279	1.601	0.1
2560	1280	1.601	0.1
2561	1280	1.602	0.1
2562	1281	1.602	0.1
2563	1281	1.602	0.1
2564	1282	1.602	0.1
2565	1282	1.603	0.1
2566	1283	1.603	0.1
2567	1283	1.603	0.1
2568	1284	1.603	0.1
2569	1284	1.604	0.1
2570	1285	1.604	0.1
2571	1285	1.604	0.1
2572	1286	1.604	0.1
2573	1286	1.605	0.1
2574	1287	1.605	0.1
2575	1287	1.605	0.1
2576	1288	1.605	0.1
2577	1288	1.606	0.1
2578	1289	1.606	0.1
2579	1289	1.606	0.1
2580	1290	1.606	0.1
2581	1290	1.607	0.1
2582	1291	1.607	0.1
2583	1291	1.607	0.1
2584	1292	1.607	0.1
2585	1292	1.608	0.1
2586	1293	1.608	0.1
2587	1293	1.608	0.1
2588	1294	1.608	0.1
2589	1294	1.608	0.1
2590	1295	1.609	0.1
2591	1295	1.609	0.1
2592	1296	1.609	0.1
2593	1296	1.609	0.1
2594	1297	1.61	0.1
2595	1297	1.61	0.1
2596	1298	1.61	0.1
2597	1298	1.61	0.1
2598	1299	1.611	0.1
2599	1299	1.611	0.1
2600	1300	1.611	0.1
2601	1300	1.611	0.1
2602	1301	1.612	0.1
2603	1301	1.612	0.1
2604	1302	1.612	0.1
2605	1302	1.612	0.1
2606	1303	1.613	0.1
2607	1303	1.613	0.1
2608	1304	1.613	0.1
2609	1304	1.613	0.1
2610	1305	1.613	0.1
2611	1305	1.614	0.1
2612	1306	1.614	0.1
2613	1306	1.614	0.1
2614	1307	1.614	0.1
2615	1307	1.615	0.1
2616	1308	1.615	0.1
2617	1308	1.615	0.1
2618	1309	1.615	0.1
2619	1309	1.616	0.1
2620	1310	1.616	0.1
2621	1310	1.616	0.1
2622	1311	1.616	0.1
2623	1311	1.617	0.1
2624	1312	1.617	0.1
2625	1312	1.617	0.1
2626	1313	1.617	0.1
2627	1313	1.617	0.1
2628	1314	1.618	0.1
2629	1314	1.618	0.1
2630	1315	1.618	0.1
2631	1315	1.618	0.1
2632	1316	1.619	0.1
2633	1316	1.619	0.1
2634	1317	1.619	0.1
2635	1317	1.619	0.1
2636	1318	1.62	0.1
2637	1318	1.62	0.1
2638	1319	1.62	0.1
2639	1319	1.62	0.1
2640	1320	1.62	0.1
2641	1320	1.621	0.1
2642	1321	1.621	0.1
2643	1321	1.621	0.1
2644	1322	1.621	0.1
2645	1322	1.622	0.1
2646	1323	1.622	0.1
2647	1323	1.622	0.1
2648	1324	1.622	0.1
2649	1324	1.623	0.1
2650	1325	1.623	0.1
2651	1325	1.623	0.1
2652	1326	1.623	0.1
2653	1326	1.623	0.1
2654	1327	1.624	0.1
2655	1327	1.624	0.1
2656	1328	1.624	0.1
2657	1328	1.624	0.1
2658	1329	1.625	0.1
2659	1329	1.625	0.1
2660	1330	1.625	0.1
2661	1330	1.625	0.1
2662	1331	1.625	0.1
2663	1331	1.626	0.1
2664	1332	1.626	0.1
2665	1332	1.626	0.1
2666	1333	1.626	0.1
2667	1333	1.627	0.1
2668	1334	1.627	0.1
2669	1334	1.627	0.1
2670	1335	1.627	0.1
2671	1335	1.628	0.1
2672	1336	1.628	0.1
2673	1336	1.628	0.1
2674	1337	1.628	0.1
2675	1337	1.628	0.1
2676	1338	1.629	0.1
2677	1338	1.629	0.1
2678	1339	1.629	0.1
2679	1339	1.629	0.1
2680	1340	1.63	0.1
2681	1340	1.63	0.1
2682	1341	1.63	0.1
2683	1341	1.63	0.1
2684	1342	1.63	0.1
2685	1342	1.631	0.1
2686	1343	1.631	0.1
2687	1343	1.631	0.1
2688	1344	1.631	0.1
2689	1344	1.632	0.1
2690	1345	1.632	0.1
2691	1345	1.632	0.1
2692	1346	1.632	0.1
2693	1346	1.632	0.1
2694	1347	1.633	0.1
2695	1347	1.633	0.1
2696	1348	1.633	0.1
2697	1348	1.633	0.1
2698	1349	1.634	0.1
2699	1349	1.634	0.1
2700	1350	1.634	0.1
2701	1350	1.634	0.1
2702	1351	1.634	0.1
2703	1351	1.635	0.1
2704	1352	1.635	0.1
2705	1352	1.635	0.1
2706	1353	1.635	0.1
2707	1353	1.636	0.1
2708	1354	1.636	0.1
2709	1354	1.636	0.1
2710	1355	1.636	0.1
2711	1355	1.636	0.1
2712	1356	1.637	0.1
2713	1356	1.637	0.1
2714	1357	1.637	0.1
2715	1357	1.637	0.1
2716	1358	1.638	0.1
2717	1358	1.638	0.1
2718	1359	1.638	0.1
2719	1359	1.638	0.1
2720	1360	1.638	0.1
2721	1360	1.639	0.1
2722	1361	1.639	0.1
2723	1361	1.639	0.1
2724	1362	1.639	0.1
2725	1362	1.64	0.1
2726	1363	1.64	0.1
2727	1363	1.64	0.1
2728	1364	1.64	0.1
2729	1364	1.64	0.1
2730	1365	1.641	0.1
2731	1365	1.641	0.1
2732	1366	1.641	0.1
2733	1366	1.641	0.1
2734	1367	1.642	0.1
2735	1367	1.642	0.1
2736	1368	1.642	0.1
2737	1368	1.642	0.1
2738	1369	1.642	0.1
2739	1369	1.643	0.1
2740	1370	1.643	0.1
2741	1370	1.643	0.1
2742	1371	1.643	0.1
2743	1371	1.644	0.1
2744	1372	1.644	0.1
2745	1372	1.644	0.1
2746	1373	1.644	0.1
2747	1373	1.644	0.1
2748	1374	1.645	0.1
2749	1374	1.645	0.1
2750	1375	1.645	0.1
2751	1375	1.645	0.1
2752	1376	1.646	0.1
2753	1376	1.646	0.1
2754	1377	1.646	0.1
2755	1377	1.646	0.1
2756	1378	1.646	0.1
2757	1378	1.647	0.1
2758	1379	1.647	0.1
2759	1379	1.647	0.1
2760	1380	1.647	0.1
2761	1380	1.648	0.1
2762	1381	1.648	0.1
2763	1381	1.648	0.1
2764	1382	1.648	0.1
2765	1382	1.649	0.1
2766	1383	1.649	0.1
2767	1383	1.649	0.1
2768	1384	1.649	0.1
2769	1384	1.649	0.1
2770	1385	1.65	0.1
2771	1385	1.65	0.1
2772	1386	1.65	0.1
2773	1386	1.65	0.1
2774	1387	1.651	0.1
2775	1387	1.651	0.1
2776	1388	1.651	0.1
2777	1388	1.651	0.1
2778	1389	1.651	0.1
2779	1389	1.652	0.1
2780	1390	1.652	0.1
2781	1390	1.652	0.1
2782	1391	1.652	0.1
2783	1391	1.653	0.1
2784	1392	1.653	0.1
2785	1392	1.653	0.1
2786	1393	1.653	0.1
2787	1393	1.653	0.1
2788	1394	1.654	0.1
2789	1394	1.654	0.1
2790	1395	1.654	0.1
2791	1395	1.654	0.1
2792	1396	1.655	0.1
2793	1396	1.655	0.1
2794	1397	1.655	0.1
2795	1397	1.655	0.1
2796	1398	1.656	0.1
2797	1398	1.656	0.1
2798	1399	1.656	0.1
2799	1399	1.656	0.1
2800	1400	1.656	0.1
2801	1400	1.657	0.1
2802	1401	1.657	0.1
2803	1401	1.657	0.1
2804	1402	1.657	0.1
2805	1402	1.658	0.1
2806	1403	1.658	0.1
2807	1403	1.658	0.1
2808	1404	1.658	0.1
2809	1404	1.658	0.1
2810	1405	1.659	0.1
2811	1405	1.659	0.1
2812	1406	1.659	0.1
2813	1406	1.659	0.1
2814	1407	1.66	0.1
2815	1407	1.66	0.1
2816	1408	1.66	0.1
2817	1408	1.66	0.1
2818	1409	1.661	0.1
2819	1409	1.661	0.1
2820	1410	1.661	0.1
2821	1410	1.661	0.1
2822	1411	1.661	0.1
2823	1411	1.662	0.1
2824	1412	1.662	0.1
2825	1412	1.662	0.1
2826	1413	1.662	0.1
2827	1413	1.663	0.1
2828	1414	1.663	0.1
2829	1414	1.663	0.1
2830	1415	1.663	0.1
2831	1415	1.663	0.1
2832	1416	1.664	0.1
2833	1416	1.664	0.1
2834	1417	1.664	0.1
2835	1417	1.664	0.1
2836	1418	1.665	0.1
2837	1418	1.665	0.1
2838	1419	1.665	0.1
2839	1419	1.665	0.1
2840	1420	1.666	0.1
2841	1420	1.666	0.1
2842	1421	1.666	0.1
2843	1421	1.666	0.1
2844	1422	1.666	0.1
2845	1422	1.667	0.1
2846	1423	1.667	0.1
2847	1423	1.667	0.1
2848	1424	1.667	0.1
2849	1424	1.668	0.1
2850	1425	1.668	0.1
2851	1425	1.668	0.1
2852	1426	1.668	0.1
2853	1426	1.668	0.1
2854	1427	1.669	0.1
2855	1427	1.669	0.1
2856	1428	1.669	0.1
2857	1428	1.669	0.1
2858	1429	1.67	0.1
2859	1429	1.67	0.1
2860	1430	1.67	0.1
2861	1430	1.67	0.1
2862	1431	1.67	0.1
2863	1431	1.671	0.1
2864	1432	1.671	0.1
2865	1432	1.671	0.1
2866	1433	1.671	0.1
2867	1433	1.672	0.1
2868	1434	1.672	0.1
2869	1434	1.672	0.1
2870	1435	1.672	0.1
2871	1435	1.672	0.1
2872	1436	1.673	0.1
2873	1436	1.673	0.1
2874	1437	1.673	0.1
2875	1437	1.673	0.1
2876	1438	1.674	0.1
2877	1438	1.674	0.1
2878	1439	1.674	0.1
2879	1439	1.674	0.1
2880	1440	1.674	0.1
2881	1440	1.675	0.1
2882	1441	1.675	0.1
2883	1441	1.675	0.1
2884	1442	1.675	0.1
2885	1442	1.676	0.1
2886	1443	1.676	0.1
2887	1443	1.676	0.1
2888	1444	1.676	0.1
2889	1444	1.676	0.1
2890	1445	1.677	0.1
2891	1445	1.677	0.1
2892	1446	1.677	0.1
2893	1446	1.677	0.1
2894	1447	1.677	0.1
2895	1447	1.678	0.1
2896	1448	1.678	0.1
2897	1448	1.678	0.1
2898	1449	1.678	0.1
2899	1449	1.679	0.1
2900	1450	1.679	0.1
2901	1450	1.679	0.1
2902	1451	1.679	0.1
2903	1451	1.679	0.1
2904	1452	1.68	0.1
2905	1452	1.68	0.1
2906	1453	1.68	0.1
2907	1453	1.68	0.1
2908	1454	1.68	0.1
2909	1454	1.681	0.1
2910	1455	1.681	0.1
2911	1455	1.681	0.1
2912	1456	1.681	0.1
2913	1456	1.681	0.1
2914	1457	1.682	0.1
2915	1457	1.682	0.1
2916	1458	1.682	0.1
2917	1458	1.682	0.1
2918	1459	1.682	0.1
2919	1459	1.683	0.1
2920	1460	1.683	0.1
2921	1460	1.683	0.1
2922	1461	1.683	0.1
2923	1461	1.683	0.1
2924	1462	1.684	0.1
2925	1462	1.684	0.1
2926	1463	1.684	0.1
2927	1463	1.684	0.1
2928	1464	1.684	0.1
2929	1464	1.685	0.1
2930	1465	1.685	0.1
2931	1465	1.685	0.1
2932	1466	1.685	0.1
2933	1466	1.685	0.1
2934	1467	1.686	0.1
2935	1467	1.686	0.1
2936	1468	1.686	0.1
2937	1468	1.686	0.1
2938	1469	1.686	0.1
2939	1469	1.686	0.1
2940	1470	1.687	0.1
2941	1470	1.687	0.1
2942	1471	1.687	0.1
2943	1471	1.687	0.1
2944	1472	1.687	0.1
2945	1472	1.688	0.1
2946	1473	1.688	0.1
2947	1473	1.688	0.1
2948	1474	1.688	0.1
2949	1474	1.688	0.1
2950	1475	1.688	0.1
2951	1475	1.689	0.1
2952	1476	1.689	0.1
2953	1476	1.689	0.1
2954	1477	1.689	0.1
2955	1477	1.689	0.1
2956	1478	1.69	0.1
2957	1478	1.69	0.1
2958	1479	1.69	0.1
2959	1479	1.69	0.1
2960	1480	1.69	0.1
2961	1480	1.69	0.1
2962	1481	1.691	0.1
2963	1481	1.691	0.1
2964	1482	1.691	0.1
2965	1482	1.691	0.1
2966	1483	1.691	0.1
2967	1483	1.691	0.1
2968	1484	1.692	0.1
2969	1484	1.692	0.1
2970	1485	1.692	0.1
2971	1485	1.692	0.1
2972	1486	1.692	0.1
2973	1486	1.693	0.1
2974	1487	1.693	0.1
2975	1487	1.693	0.1
2976	1488	1.693	0.1
2977	1488	1.693	0.1
2978	1489	1.693	0.1
2979	1489	1.694	0.1
2980	1490	1.694	0.1
2981	1490	1.694	0.1
2982	1491	1.694	0.1
2983	1491	1.694	0.1
2984	1492	1.694	0.1
2985	1492	1.695	0.1
2986	1493	1.695	0.1
2987	1493	1.695	0.1
2988	1494	1.695	0.1
2989	1494	1.695	0.1
2990	1495	1.695	0.1
2991	1495	1.695	0.1
2992	1496	1.696	0.1
2993	1496	1.696	0.1
2994	1497	1.696	0.1
2995	1497	1.696	0.1
2996	1498	1.696	0.1
2997	1498	1.696	0.1
2998	1499	1.697	0.1
2999	1499	1.697	0.1
3000	1500	1.697	0.1
3001	1500	1.697	0.1
3002	1501	1.697	0.1
3003	1501	1.697	0.1
3004	1502	1.697	0.1
3005	1502	1.698	0.1
3006	1503	1.698	0.1
3007	1503	1.698	0.1
3008	1504	1.698	0.1
3009	1504	1.698	0.1
3010	1505	1.698	0.1
3011	1505	1.699	0.1
3012	1506	1.699	0.1
3013	1506	1.699	0.1
3014	1507	1.699	0.1
3015	1507	1.699	0.1
3016	1508	1.699	0.1
3017	1508	1.699	0.1
3018	1509	1.7	0.1
3019	1509	1.7	0.1
3020	1510	1.7	0.1
3021	1510	1.7	0.1
3022	1511	1.7	0.1
3023	1511	1.7	0.1
3024	1512	1.7	0.1
3025	1512	1.701	0.1
3026	1513	1.701	0.1
3027	1513	1.701	0.1
3028	1514	1.701	0.1
3029	1514	1.701	0.1
3030	1515	1.701	0.1
3031	1515	1.702	0.1
3032	1516	1.702	0.1
3033	1516	1.702	0.1
3034	1517	1.702	0.1
3035	1517	1.702	0.1
3036	1518	1.702	0.1
3037	1518	1.702	0.1
3038	1519	1.703	0.1
3039	1519	1.703	0.1
3040	1520	1.703	0.1
3041	1520	1.703	0.1
3042	1521	1.703	0.1
3043	1521	1.703	0.1
3044	1522	1.703	0.1
3045	1522	1.703	0.1
3046	1523	1.704	0.1
3047	1523	1.704	0.1
3048	1524	1.704	0.1
3049	1524	1.704	0.1
3050	1525	1.704	0.1
3051	1525	1.704	0.1
3052	1526	1.704	0.1
3053	1526	1.705	0.1
3054	1527	1.705	0.1
3055	1527	1.705	0.1
3056	1528	1.705	0.1
3057	1528	1.705	0.1
3058	1529	1.705	0.1
3059	1529	1.705	0.1
3060	1530	1.706	0.1
3061	1530	1.706	0.1
3062	1531	1.706	0.1
3063	1531	1.706	0.1
3064	1532	1.706	0.1
3065	1532	1.706	0.1
3066	1533	1.706	0.1
3067	1533	1.706	0.1
3068	1534	1.707	0.1
3069	1534	1.707	0.1
3070	1535	1.707	0.1
3071	1535	1.707	0.1
3072	1536	1.707	0.1
3073	1536	1.707	0.1
3074	1537	1.707	0.1
3075	1537	1.707	0.1
3076	1538	1.708	0.1
3077	1538	1.708	0.1
3078	1539	1.708	0.1
3079	1539	1.708	0.1
3080	1540	1.708	0.1
3081	1540	1.708	0.1
3082	1541	1.708	0.1
3083	1541	1.709	0.1
3084	1542	1.709	0.1
3085	1542	1.709	0.1
3086	1543	1.709	0.1
3087	1543	1.709	0.1
3088	1544	1.709	0.1
3089	1544	1.709	0.1
3090	1545	1.709	0.1
3091	1545	1.71	0.1
3092	1546	1.71	0.1
3093	1546	1.71	0.1
3094	1547	1.71	0.1
3095	1547	1.71	0.1
3096	1548	1.71	0.1
3097	1548	1.71	0.1
3098	1549	1.71	0.1
3099	1549	1.711	0.1
3100	1550	1.711	0.1
3101	1550	1.711	0.1
3102	1551	1.711	0.1
3103	1551	1.711	0.1
3104	1552	1.711	0.1
3105	1552	1.711	0.1
3106	1553	1.711	0.1
3107	1553	1.711	0.1
3108	1554	1.712	0.1
3109	1554	1.712	0.1
3110	1555	1.712	0.1
3111	1555	1.712	0.1
3112	1556	1.712	0.1
3113	1556	1.712	0.1
3114	1557	1.712	0.1
3115	1557	1.712	0.1
3116	1558	1.713	0.1
3117	1558	1.713	0.1
3118	1559	1.713	0.1
3119	1559	1.713	0.1
3120	1560	1.713	0.1
3121	1560	1.713	0.1
3122	1561	1.713	0.1
3123	1561	1.713	0.1
3124	1562	1.713	0.1
3125	1562	1.714	0.1
3126	1563	1.714	0.1
3127	1563	1.714	0.1
3128	1564	1.714	0.1
3129	1564	1.714	0.1
3130	1565	1.714	0.1
3131	1565	1.714	0.1
3132	1566	1.714	0.1
3133	1566	1.715	0.1
3134	1567	1.715	0.1
3135	1567	1.715	0.1
3136	1568	1.715	0.1
3137	1568	1.715	0.1
3138	1569	1.715	0.1
3139	1569	1.715	0.1
3140	1570	1.715	0.1
3141	1570	1.715	0.1
3142	1571	1.716	0.1
3143	1571	1.716	0.1
3144	1572	1.716	0.1
3145	1572	1.716	0.1
3146	1573	1.716	0.1
3147	1573	1.716	0.1
3148	1574	1.716	0.1
3149	1574	1.716	0.1
3150	1575	1.716	0.1
3151	1575	1.717	0.1
3152	1576	1.717	0.1
3153	1576	1.717	0.1
3154	1577	1.717	0.1
3155	1577	1.717	0.1
3156	1578	1.717	0.1
3157	1578	1.717	0.1
3158	1579	1.717	0.1
3159	1579	1.717	0.1
3160	1580	1.718	0.1
3161	1580	1.718	0.1
3162	1581	1.718	0.1
3163	1581	1.718	0.1
3164	1582	1.718	0.1
3165	1582	1.718	0.1
3166	1583	1.718	0.1
3167	1583	1.718	0.1
3168	1584	1.718	0.1
3169	1584	1.719	0.1
3170	1585	1.719	0.1
3171	1585	1.719	0.1
3172	1586	1.719	0.1
3173	1586	1.719	0.1
3174	1587	1.719	0.1
3175	1587	1.719	0.1
3176	1588	1.719	0.1
3177	1588	1.719	0.1
3178	1589	1.72	0.1
3179	1589	1.72	0.1
3180	1590	1.72	0.1
3181	1590	1.72	0.1
3182	1591	1.72	0.1
3183	1591	1.72	0.1
3184	1592	1.72	0.1
3185	1592	1.72	0.1
3186	1593	1.72	0.1
3187	1593	1.721	0.1
3188	1594	1.721	0.1
3189	1594	1.721	0.1
3190	1595	1.721	0.1
3191	1595	1.721	0.1
3192	1596	1.721	0.1
3193	1596	1.721	0.1
3194	1597	1.721	0.1
3195	1597	1.721	0.1
3196	1598	1.721	0.1
3197	1598	1.722	0.1
3198	1599	1.722	0.1
3199	1599	1.722	0.1
3200	1600	1.722	0.1
3201	1600	1.722	0.1
3202	1601	1.722	0.1
3203	1601	1.722	0.1
3204	1602	1.722	0.1
3205	1602	1.722	0.1
3206	1603	1.722	0.1
3207	1603	1.723	0.1
3208	1604	1.723	0.1
3209	1604	1.723	0.1
3210	1605	1.723	0.1
3211	1605	1.723	0.1
3212	1606	1.723	0.1
3213	1606	1.723	0.1
3214	1607	1.723	0.1
3215	1607	1.723	0.1
3216	1608	1.724	0.1
3217	1608	1.724	0.1
3218	1609	1.724	0.1
3219	1609	1.724	0.1
3220	1610	1.724	0.1
3221	1610	1.724	0.1
3222	1611	1.724	0.1
3223	1611	1.724	0.1
3224	1612	1.724	0.1
3225	1612	1.724	0.1
3226	1613	1.725	0.1
3227	1613	1.725	0.1
3228	1614	1.725	0.1
3229	1614	1.725	0.1
3230	1615	1.725	0.1
3231	1615	1.725	0.1
3232	1616	1.725	0.1
3233	1616	1.725	0.1
3234	1617	1.725	0.1
3235	1617	1.725	0.1
3236	1618	1.726	0.1
3237	1618	1.726	0.1
3238	1619	1.726	0.1
3239	1619	1.726	0.1
3240	1620	1.726	0.1
3241	1620	1.726	0.1
3242	1621	1.726	0.1
3243	1621	1.726	0.1
3244	1622	1.726	0.1
3245	1622	1.726	0.1
3246	1623	1.727	0.1
3247	1623	1.727	0.1
3248	1624	1.727	0.1
3249	1624	1.727	0.1
3250	1625	1.727	0.1
3251	1625	1.727	0.1
3252	1626	1.727	0.1
3253	1626	1.727	0.1
3254	1627	1.727	0.1
3255	1627	1.727	0.1
3256	1628	1.728	0.1
3257	1628	1.728	0.1
3258	1629	1.728	0.1
3259	1629	1.728	0.1
3260	1630	1.728	0.1
3261	1630	1.728	0.1
3262	1631	1.728	0.1
3263	1631	1.728	0.1
3264	1632	1.728	0.1
3265	1632	1.728	0.1
3266	1633	1.729	0.1
3267	1633	1.729	0.1
3268	1634	1.729	0.1
3269	1634	1.729	0.1
3270	1635	1.729	0.1
3271	1635	1.729	0.1
3272	1636	1.729	0.1
3273	1636	1.729	0.1
3274	1637	1.729	0.1
3275	1637	1.729	0.1
3276	1638	1.729	0.1
3277	1638	1.73	0.1
3278	1639	1.73	0.1
3279	1639	1.73	0.1
3280	1640	1.73	0.1
3281	1640	1.73	0.1
3282	1641	1.73	0.1
3283	1641	1.73	0.1
3284	1642	1.73	0.1
3285	1642	1.73	0.1
3286	1643	1.73	0.1
3287	1643	1.731	0.1
3288	1644	1.731	0.1
3289	1644	1.731	0.1
3290	1645	1.731	0.1
3291	1645	1.731	0.1
3292	1646	1.731	0.1
3293	1646	1.731	0.1
3294	1647	1.731	0.1
3295	1647	1.731	0.1
3296	1648	1.731	0.1
3297	1648	1.731	0.1
3298	1649	1.732	0.1
3299	1649	1.732	0.1
3300	1650	1.732	0.1
3301	1650	1.732	0.1
3302	1651	1.732	0.1
3303	1651	1.732	0.1
3304	1652	1.732	0.1
3305	1652	1.732	0.1
3306	1653	1.732	0.1
3307	1653	1.732	0.1
3308	1654	1.732	0.1
3309	1654	1.733	0.1
3310	1655	1.733	0.1
3311	1655	1.733	0.1
3312	1656	1.733	0.1
3313	1656	1.733	0.1
3314	1657	1.733	0.1
3315	1657	1.733	0.1
3316	1658	1.733	0.1
3317	1658	1.733	0.1
3318	1659	1.733	0.1
3319	1659	1.733	0.1
3320	1660	1.734	0.1
3321	1660	1.734	0.1
3322	1661	1.734	0.1
3323	1661	1.734	0.1
3324	1662	1.734	0.1
3325	1662	1.734	0.1
3326	1663	1.734	0.1
3327	1663	1.734	0.1
3328	1664	1.734	0.1
3329	1664	1.734	0.1
3330	1665	1.734	0.1
3331	1665	1.735	0.1
3332	1666	1.735	0.1
3333	1666	1.735	0.1
3334	1667	1.735	0.1
3335	1667	1.735	0.1
3336	1668	1.735	0.1
3337	1668	1.735	0.1
3338	1669	1.735	0.1
3339	1669	1.735	0.1
3340	1670	1.735	0.1
3341	1670	1.735	0.1
3342	1671	1.736	0.1
3343	1671	1.736	0.1
3344	1672	1.736	0.1
3345	1672	1.736	0.1
3346	1673	1.736	0.1
3347	1673	1.736	0.1
3348	1674	1.736	0.1
3349	1674	1.736	0.1
3350	1675	1.736	0.1
3351	1675	1.736	0.1
3352	1676	1.736	0.1
3353	1676	1.736	0.1
3354	1677	1.737	0.1
3355	1677	1.737	0.1
3356	1678	1.737	0.1
3357	1678	1.737	0.1
3358	1679	1.737	0.1
3359	1679	1.737	0.1
3360	1680	1.737	0.1
3361	1680	1.737	0.1
3362	1681	1.737	0.1
3363	1681	1.737	0.1
3364	1682	1.737	0.1
3365	1682	1.738	0.1
3366	1683	1.738	0.1
3367	1683	1.738	0.1
3368	1684	1.738	0.1
3369	1684	1.738	0.1
3370	1685	1.738	0.1
3371	1685	1.738	0.1
3372	1686	1.738	0.1
3373	1686	1.738	0.1
3374	1687	1.738	0.1
3375	1687	1.738	0.1
3376	1688	1.738	0.1
3377	1688	1.739	0.1
3378	1689	1.739	0.1
3379	1689	1.739	0.1
3380	1690	1.739	0.1
3381	1690	1.739	0.1
3382	1691	1.739	0.1
3383	1691	1.739	0.1
3384	1692	1.739	0.1
3385	1692	1.739	0.1
3386	1693	1.739	0.1
3387	1693	1.739	0.1
3388	1694	1.74	0.1
3389	1694	1.74	0.1
3390	1695	1.74	0.1
3391	1695	1.74	0.1
3392	1696	1.74	0.1
3393	1696	1.74	0.1
3394	1697	1.74	0.1
3395	1697	1.74	0.1
3396	1698	1.74	0.1
3397	1698	1.74	0.1
3398	1699	1.74	0.1
3399	1699	1.74	0.1
3400	1700	1.741	0.1
3401	1700	1.741	0.1
3402	1701	1.741	0.1
3403	1701	1.741	0.1
3404	1702	1.741	0.1
3405	1702	1.741	0.1
3406	1703	1.741	0.1
3407	1703	1.741	0.1
3408	1704	1.741	0.1
3409	1704	1.741	0.1
3410	1705	1.741	0.1
3411	1705	1.741	0.1
3412	1706	1.742	0.1
3413	1706	1.742	0.1
3414	1707	1.742	0.1
3415	1707	1.742	0.1
3416	1708	1.742	0.1
3417	1708	1.742	0.1
3418	1709	1.742	0.1
3419	1709	1.742	0.1
3420	1710	1.742	0.1
3421	1710	1.742	0.1
3422	1711	1.742	0.1
3423	1711	1.742	0.1
3424	1712	1.743	0.1
3425	1712	1.743	0.1
3426	1713	1.743	0.1
3427	1713	1.743	0.1
3428	1714	1.743	0.1
3429	1714	1.743	0.1
3430	1715	1.743	0.1
3431	1715	1.743	0.1
3432	1716	1.743	0.1
3433	1716	1.743	0.1
3434	1717	1.743	0.1
3435	1717	1.743	0.1
3436	1718	1.743	0.1
3437	1718	1.744	0.1
3438	1719	1.744	0.1
3439	1719	1.744	0.1
3440	1720	1.744	0.1
3441	1720	1.744	0.1
3442	1721	1.744	0.1
3443	1721	1.744	0.1
3444	1722	1.744	0.1
3445	1722	1.744	0.1
3446	1723	1.744	0.1
3447	1723	1.744	0.1
3448	1724	1.744	0.1
3449	1724	1.745	0.1
3450	1725	1.745	0.1
3451	1725	1.745	0.1
3452	1726	1.745	0.1
3453	1726	1.745	0.1
3454	1727	1.745	0.1
3455	1727	1.745	0.1
3456	1728	1.745	0.1
3457	1728	1.745	0.1
3458	1729	1.745	0.1
3459	1729	1.745	0.1
3460	1730	1.745	0.1
3461	1730	1.745	0.1
3462	1731	1.746	0.1
3463	1731	1.746	0.1
3464	1732	1.746	0.1
3465	1732	1.746	0.1
3466	1733	1.746	0.1
3467	1733	1.746	0.1
3468	1734	1.746	0.1
3469	1734	1.746	0.1
3470	1735	1.746	0.1
3471	1735	1.746	0.1
3472	1736	1.746	0.1
3473	1736	1.746	0.1
3474	1737	1.746	0.1
3475	1737	1.747	0.1
3476	1738	1.747	0.1
3477	1738	1.747	0.1
3478	1739	1.747	0.1
3479	1739	1.747	0.1
3480	1740	1.747	0.1
3481	1740	1.747	0.1
3482	1741	1.747	0.1
3483	1741	1.747	0.1
3484	1742	1.747	0.1
3485	1742	1.747	0.1
3486	1743	1.747	0.1
3487	1743	1.748	0.1
3488	1744	1.748	0.1
3489	1744	1.748	0.1
3490	1745	1.748	0.1
3491	1745	1.748	0.1
3492	1746	1.748	0.1
3493	1746	1.748	0.1
3494	1747	1.748	0.1
3495	1747	1.748	0.1
3496	1748	1.748	0.1
3497	1748	1.748	0.1
3498	1749	1.748	0.1
3499	1749	1.748	0.1
3500	1750	1.749	0.1
3501	1750	1.749	0.1
3502	1751	1.749	0.1
3503	1751	1.749	0.1
3504	1752	1.749	0.1
3505	1752	1.749	0.1
3506	1753	1.749	0.1
3507	1753	1.749	0.1
3508	1754	1.749	0.1
3509	1754	1.749	0.1
3510	1755	1.749	0.1
3511	1755	1.749	0.1
3512	1756	1.749	0.1
3513	1756	1.749	0.1
3514	1757	1.75	0.1
3515	1757	1.75	0.1
3516	1758	1.75	0.1
3517	1758	1.75	0.1
3518	1759	1.75	0.1
3519	1759	1.75	0.1
3520	1760	1.75	0.1
3521	1760	1.75	0.1
3522	1761	1.75	0.1
3523	1761	1.75	0.1
3524	1762	1.75	0.1
3525	1762	1.75	0.1
3526	1763	1.75	0.1
3527	1763	1.751	0.1
3528	1764	1.751	0.1
3529	1764	1.751	0.1
3530	1765	1.751	0.1
3531	1765	1.751	0.1
3532	1766	1.751	0.1
3533	1766	1.751	0.1
3534	1767	1.751	0.1
3535	1767	1.751	0.1
3536	1768	1.751	0.1
3537	1768	1.751	0.1
3538	1769	1.751	0.1
3539	1769	1.751	0.1
3540	1770	1.752	0.1
3541	1770	1.752	0.1
3542	1771	1.752	0.1
3543	1771	1.752	0.1
3544	1772	1.752	0.1
3545	1772	1.752	0.1
3546	1773	1.752	0.1
3547	1773	1.752	0.1
3548	1774	1.752	0.1
3549	1774	1.752	0.1
3550	1775	1.752	0.1
3551	1775	1.752	0.1
3552	1776	1.752	0.1
3553	1776	1.752	0.1
3554	1777	1.753	0.1
3555	1777	1.753	0.1
3556	1778	1.753	0.1
3557	1778	1.753	0.1
3558	1779	1.753	0.1
3559	1779	1.753	0.1
3560	1780	1.753	0.1
3561	1780	1.753	0.1
3562	1781	1.753	0.1
3563	1781	1.753	0.1
3564	1782	1.753	0.1
3565	1782	1.753	0.1
3566	1783	1.753	0.1
3567	1783	1.753	0.1
3568	1784	1.754	0.1
3569	1784	1.754	0.1
3570	1785	1.754	0.1
3571	1785	1.754	0.1
3572	1786	1.754	0.1
3573	1786	1.754	0.1
3574	1787	1.754	0.1
3575	1787	1.754	0.1
3576	1788	1.754	0.1
3577	1788	1.754	0.1
3578	1789	1.754	0.1
3579	1789	1.754	0.1
3580	1790	1.754	0.1
3581	1790	1.754	0.1
3582	1791	1.755	0.1
3583	1791	1.755	0.1
3584	1792	1.755	0.1
3585	1792	1.755	0.1
3586	1793	1.755	0.1
3587	1793	1.755	0.1
3588	1794	1.755	0.1
3589	1794	1.755	0.1
3590	1795	1.755	0.1
3591	1795	1.755	0.1
3592	1796	1.755	0.1
3593	1796	1.755	0.1
3594	1797	1.755	0.1
3595	1797	1.755	0.1
3596	1798	1.756	0.1
3597	1798	1.756	0.1
3598	1799	1.756	0.1
3599	1799	1.756	0.1
3600	1800	1.756	0.1
3601	1800	1.756	0.1
3602	1801	1.756	0.1
3603	1801	1.756	0.1
3604	1802	1.756	0.1
3605	1802	1.756	0.1
3606	1803	1.756	0.1
3607	1803	1.756	0.1
3608	1804	1.756	0.1
3609	1804	1.756	0.1
3610	1805	1.757	0.1
3611	1805	1.757	0.1
3612	1806	1.757	0.1
3613	1806	1.757	0.1
3614	1807	1.757	0.1
3615	1807	1.757	0.1
3616	1808	1.757	0.1
3617	1808	1.757	0.1
3618	1809	1.757	0.1
3619	1809	1.757	0.1
3620	1810	1.757	0.1
3621	1810	1.757	0.1
3622	1811	1.757	0.1
3623	1811	1.757	0.1
3624	1812	1.757	0.1
3625	1812	1.758	0.1
3626	1813	1.758	0.1
3627	1813	1.758	0.1
3628	1814	1.758	0.1
3629	1814	1.758	0.1
3630	1815	1.758	0.1
3631	1815	1.758	0.1
3632	1816	1.758	0.1
3633	1816	1.758	0.1
3634	1817	1.758	0.1
3635	1817	1.758	0.1
3636	1818	1.758	0.1
3637	1818	1.758	0.1
3638	1819	1.758	0.1
3639	1819	1.758	0.1
3640	1820	1.759	0.1
3641	1820	1.759	0.1
3642	1821	1.759	0.1
3643	1821	1.759	0.1
3644	1822	1.759	0.1
3645	1822	1.759	0.1
3646	1823	1.759	0.1
3647	1823	1.759	0.1
3648	1824	1.759	0.1
3649	1824	1.759	0.1
3650	1825	1.759	0.1
3651	1825	1.759	0.1
3652	1826	1.759	0.1
3653	1826	1.759	0.1
3654	1827	1.759	0.1
3655	1827	1.76	0.1
3656	1828	1.76	0.1
3657	1828	1.76	0.1
3658	1829	1.76	0.1
3659	1829	1.76	0.1
3660	1830	1.76	0.1
3661	1830	1.76	0.1
3662	1831	1.76	0.1
3663	1831	1.76	0.1
3664	1832	1.76	0.1
3665	1832	1.76	0.1
3666	1833	1.76	0.1
3667	1833	1.76	0.1
3668	1834	1.76	0.1
3669	1834	1.76	0.1
3670	1835	1.761	0.1
3671	1835	1.761	0.1
3672	1836	1.761	0.1
3673	1836	1.761	0.1
3674	1837	1.761	0.1
3675	1837	1.761	0.1
3676	1838	1.761	0.1
3677	1838	1.761	0.1
3678	1839	1.761	0.1
3679	1839	1.761	0.1
3680	1840	1.761	0.1
3681	1840	1.761	0.1
3682	1841	1.761	0.1
3683	1841	1.761	0.1
3684	1842	1.761	0.1
3685	1842	1.762	0.1
3686	1843	1.762	0.1
3687	1843	1.762	0.1
3688	1844	1.762	0.1
3689	1844	1.762	0.1
3690	1845	1.762	0.1
3691	1845	1.762	0.1
3692	1846	1.762	0.1
3693	1846	1.762	0.1
3694	1847	1.762	0.1
3695	1847	1.762	0.1
3696	1848	1.762	0.1
3697	1848	1.762	0.1
3698	1849	1.762	0.1
3699	1849	1.762	0.1
3700	1850	1.762	0.1
3701	1850	1.763	0.1
3702	1851	1.763	0.1
3703	1851	1.763	0.1
3704	1852	1.763	0.1
3705	1852	1.763	0.1
3706	1853	1.763	0.1
3707	1853	1.763	0.1
3708	1854	1.763	0.1
3709	1854	1.763	0.1
3710	1855	1.763	0.1
3711	1855	1.763	0.1
3712	1856	1.763	0.1
3713	1856	1.763	0.1
3714	1857	1.763	0.1
3715	1857	1.763	0.1
3716	1858	1.763	0.1
3717	1858	1.764	0.1
3718	1859	1.764	0.1
3719	1859	1.764	0.1
3720	1860	1.764	0.1
3721	1860	1.764	0.1
3722	1861	1.764	0.1
3723	1861	1.764	0.1
3724	1862	1.764	0.1
3725	1862	1.764	0.1
3726	1863	1.764	0.1
3727	1863	1.764	0.1
3728	1864	1.764	0.1
3729	1864	1.764	0.1
3730	1865	1.764	0.1
3731	1865	1.764	0.1
3732	1866	1.764	0.1
3733	1866	1.765	0.1
3734	1867	1.765	0.1
3735	1867	1.765	0.1
3736	1868	1.765	0.1
3737	1868	1.765	0.1
3738	1869	1.765	0.1
3739	1869	1.765	0.1
3740	1870	1.765	0.1
3741	1870	1.765	0.1
3742	1871	1.765	0.1
3743	1871	1.765	0.1
3744	1872	1.765	0.1
3745	1872	1.765	0.1
3746	1873	1.765	0.1
3747	1873	1.765	0.1
3748	1874	1.765	0.1
3749	1874	1.766	0.1
3750	1875	1.766	0.1
3751	1875	1.766	0.1
3752	1876	1.766	0.1
3753	1876	1.766	0.1
3754	1877	1.766	0.1
3755	1877	1.766	0.1
3756	1878	1.766	0.1
3757	1878	1.766	0.1
3758	1879	1.766	0.1
3759	1879	1.766	0.1
3760	1880	1.766	0.1
3761	1880	1.766	0.1
3762	1881	1.766	0.1
3763	1881	1.766	0.1
3764	1882	1.766	0.1
3765	1882	1.767	0.1
3766	1883	1.767	0.1
3767	1883	1.767	0.1
3768	1884	1.767	0.1
3769	1884	1.767	0.1
3770	1885	1.767	0.1
3771	1885	1.767	0.1
3772	1886	1.767	0.1
3773	1886	1.767	0.1
3774	1887	1.767	0.1
3775	1887	1.767	0.1
3776	1888	1.767	0.1
3777	1888	1.767	0.1
3778	1889	1.767	0.1
3779	1889	1.767	0.1
3780	1890	1.767	0.1
3781	1890	1.768	0.1
3782	1891	1.768	0.1
3783	1891	1.768	0.1
3784	1892	1.768	0.1
3785	1892	1.768	0.1
3786	1893	1.768	0.1
3787	1893	1.768	0.1
3788	1894	1.768	0.1
3789	1894	1.768	0.1
3790	1895	1.768	0.1
3791	1895	1.768	0.1
3792	1896	1.768	0.1
3793	1896	1.768	0.1
3794	1897	1.768	0.1
3795	1897	1.768	0.1
3796	1898	1.768	0.1
3797	1898	1.768	0.1
3798	1899	1.769	0.1
3799	1899	1.769	0.1
3800	1900	1.769	0.1
3801	1900	1.769	0.1
3802	1901	1.769	0.1
3803	1901	1.769	0.1
3804	1902	1.769	0.1
3805	1902	1.769	0.1
3806	1903	1.769	0.1
3807	1903	1.769	0.1
3808	1904	1.769	0.1
3809	1904	1.769	0.1
3810	1905	1.769	0.1
3811	1905	1.769	0.1
3812	1906	1.769	0.1
3813	1906	1.769	0.1
3814	1907	1.77	0.1
3815	1907	1.77	0.1
3816	1908	1.77	0.1
3817	1908	1.77	0.1
3818	1909	1.77	0.1
3819	1909	1.77	0.1
3820	1910	1.77	0.1
3821	1910	1.77	0.1
3822	1911	1.77	0.1
3823	1911	1.77	0.1
3824	1912	1.77	0.1
3825	1912	1.77	0.1
3826	1913	1.77	0.1
3827	1913	1.77	0.1
3828	1914	1.77	0.1
3829	1914	1.77	0.1
3830	1915	1.77	0.1
3831	1915	1.771	0.1
3832	1916	1.771	0.1
3833	1916	1.771	0.1
3834	1917	1.771	0.1
3835	1917	1.771	0.1
3836	1918	1.771	0.1
3837	1918	1.771	0.1
3838	1919	1.771	0.1
3839	1919	1.771	0.1
3840	1920	1.771	0.1
3841	1920	1.771	0.1
3842	1921	1.771	0.1
3843	1921	1.771	0.1
3844	1922	1.771	0.1
3845	1922	1.771	0.1
3846	1923	1.771	0.1
3847	1923	1.771	0.1
3848	1924	1.772	0.1
3849	1924	1.772	0.1
3850	1925	1.772	0.1
3851	1925	1.772	0.1
3852	1926	1.772	0.1
3853	1926	1.772	0.1
3854	1927	1.772	0.1
3855	1927	1.772	0.1
3856	1928	1.772	0.1
3857	1928	1.772	0.1
3858	1929	1.772	0.1
3859	1929	1.772	0.1
3860	1930	1.772	0.1
3861	1930	1.772	0.1
3862	1931	1.772	0.1
3863	1931	1.772	0.1
3864	1932	1.772	0.1
3865	1932	1.773	0.1
3866	1933	1.773	0.1
3867	1933	1.773	0.1
3868	1934	1.773	0.1
3869	1934	1.773	0.1
3870	1935	1.773	0.1
3871	1935	1.773	0.1
3872	1936	1.773	0.1
3873	1936	1.773	0.1
3874	1937	1.773	0.1
3875	1937	1.773	0.1
3876	1938	1.773	0.1
3877	1938	1.773	0.1
3878	1939	1.773	0.1
3879	1939	1.773	0.1
3880	1940	1.773	0.1
3881	1940	1.773	0.1
3882	1941	1.774	0.1
3883	1941	1.774	0.1
3884	1942	1.774	0.1
3885	1942	1.774	0.1
3886	1943	1.774	0.1
3887	1943	1.774	0.1
3888	1944	1.774	0.1
3889	1944	1.774	0.1
3890	1945	1.774	0.1
3891	1945	1.774	0.1
3892	1946	1.774	0.1
3893	1946	1.774	0.1
3894	1947	1.774	0.1
3895	1947	1.774	0.1
3896	1948	1.774	0.1
3897	1948	1.774	0.1
3898	1949	1.774	0.1
3899	1949	1.775	0.1
3900	1950	1.775	0.1
3901	1950	1.775	0.1
3902	1951	1.775	0.1
3903	1951	1.775	0.1
3904	1952	1.775	0.1
3905	1952	1.775	0.1
3906	1953	1.775	0.1
3907	1953	1.775	0.1
3908	1954	1.775	0.1
3909	1954	1.775	0.1
3910	1955	1.775	0.1
3911	1955	1.775	0.1
3912	1956	1.775	0.1
3913	1956	1.775	0.1
3914	1957	1.775	0.1
3915	1957	1.775	0.1
3916	1958	1.776	0.1
3917	1958	1.776	0.1
3918	1959	1.776	0.1
3919	1959	1.776	0.1
3920	1960	1.776	0.1
3921	1960	1.776	0.1
3922	1961	1.776	0.1
3923	1961	1.776	0.1
3924	1962	1.776	0.1
3925	1962	1.776	0.1
3926	1963	1.776	0.1
3927	1963	1.776	0.1
3928	1964	1.776	0.1
3929	1964	1.776	0.1
3930	1965	1.776	0.1
3931	1965	1.776	0.1
3932	1966	1.776	0.1
3933	1966	1.776	0.1
3934	1967	1.777	0.1
3935	1967	1.777	0.1
3936	1968	1.777	0.1
3937	1968	1.777	0.1
3938	1969	1.777	0.1
3939	1969	1.777	0.1
3940	1970	1.777	0.1
3941	1970	1.777	0.1
3942	1971	1.777	0.1
3943	1971	1.777	0.1
3944	1972	1.777	0.1
3945	1972	1.777	0.1
3946	1973	1.777	0.1
3947	1973	1.777	0.1
3948	1974	1.777	0.1
3949	1974	1.777	0.1
3950	1975	1.777	0.1
3951	1975	1.778	0.1
3952	1976	1.778	0.1
3953	1976	1.778	0.1
3954	1977	1.778	0.1
3955	1977	1.778	0.1
3956	1978	1.778	0.1
3957	1978	1.778	0.1
3958	1979	1.778	0.1
3959	1979	1.778	0.1
3960	1980	1.778	0.1
3961	1980	1.778	0.1
3962	1981	1.778	0.1
3963	1981	1.778	0.1
3964	1982	1.778	0.1
3965	1982	1.778	0.1
3966	1983	1.778	0.1
3967	1983	1.778	0.1
3968	1984	1.779	0.1
3969	1984	1.779	0.1
3970	1985	1.779	0.1
3971	1985	1.779	0.1
3972	1986	1.779	0.1
3973	1986	1.779	0.1
3974	1987	1.779	0.1
3975	1987	1.779	0.1
3976	1988	1.779	0.1
3977	1988	1.779	0.1
3978	1989	1.779	0.1
3979	1989	1.779	0.1
3980	1990	1.779	0.1
3981	1990	1.779	0.1
3982	1991	1.779	0.1
3983	1991	1.779	0.1
3984	1992	1.779	0.1
3985	1992	1.779	0.1
3986	1993	1.78	0.1
3987	1993	1.78	0.1
3988	1994	1.78	0.1
3989	1994	1.78	0.1
3990	1995	1.78	0.1
3991	1995	1.78	0.1
3992	1996	1.78	0.1
3993	1996	1.78	0.1
3994	1997	1.78	0.1
3995	1997	1.78	0.1
3996	1998	1.78	0.1
3997	1998	1.78	0.1
3998	1999	1.78	0.1
3999	1999	1.78	0.1
4000	2000	1.78	0.1
4001	2000	1.78	0.1
4002	2001	1.78	0.1
4003	2001	1.78	0.1
4004	2002	1.781	0.1
4005	2002	1.781	0.1
4006	2003	1.781	0.1
4007	2003	1.781	0.1
4008	2004	1.781	0.1
4009	2004	1.781	0.1
4010	2005	1.781	0.1
4011	2005	1.781	0.1
4012	2006	1.781	0.1
4013	2006	1.781	0.1
4014	2007	1.781	0.1
4015	2007	1.781	0.1
4016	2008	1.781	0.1
4017	2008	1.781	0.1
4018	2009	1.781	0.1
4019	2009	1.781	0.1
4020	2010	1.781	0.1
4021	2010	1.782	0.1
4022	2011	1.782	0.1
4023	2011	1.782	0.1
4024	2012	1.782	0.1
4025	2012	1.782	0.1
4026	2013	1.782	0.1
4027	2013	1.782	0.1
4028	2014	1.782	0.1
4029	2014	1.782	0.1
4030	2015	1.782	0.1
4031	2015	1.782	0.1
4032	2016	1.782	0.1
4033	2016	1.782	0.1
4034	2017	1.782	0.1
4035	2017	1.782	0.1
4036	2018	1.782	0.1
4037	2018	1.782	0.1
4038	2019	1.783	0.1
4039	2019	1.783	0.1
4040	2020	1.783	0.1
4041	2020	1.783	0.1
4042	2021	1.783	0.1
4043	2021	1.783	0.1
4044	2022	1.783	0.1
4045	2022	1.783	0.1
4046	2023	1.783	0.1
4047	2023	1.783	0.1
4048	2024	1.783	0.1
4049	2024	1.783	0.1
4050	2025	1.783	0.1
4051	2025	1.783	0.1
4052	2026	1.783	0.1
4053	2026	1.783	0.1
4054	2027	1.783	0.1
4055	2027	1.783	0.1
4056	2028	1.784	0.1
4057	2028	1.784	0.1
4058	2029	1.784	0.1
4059	2029	1.784	0.1
4060	2030	1.784	0.1
4061	2030	1.784	0.1
4062	2031	1.784	0.1
4063	2031	1.784	0.1
4064	2032	1.784	0.1
4065	2032	1.784	0.1
4066	2033	1.784	0.1
4067	2033	1.784	0.1
4068	2034	1.784	0.1
4069	2034	1.784	0.1
4070	2035	1.784	0.1
4071	2035	1.784	0.1
4072	2036	1.784	0.1
4073	2036	1.784	0.1
4074	2037	1.785	0.1
4075	2037	1.785	0.1
4076	2038	1.785	0.1
4077	2038	1.785	0.1
4078	2039	1.785	0.1
4079	2039	1.785	0.1
4080	2040	1.785	0.1
4081	2040	1.785	0.1
4082	2041	1.785	0.1
4083	2041	1.785	0.1
4084	2042	1.785	0.1
4085	2042	1.785	0.1
4086	2043	1.785	0.1
4087	2043	1.785	0.1
4088	2044	1.785	0.1
4089	2044	1.785	0.1
4090	2045	1.785	0.1
4091	2045	1.786	0.1
4092	2046	1.786	0.1
4093	2046	1.786	0.1
4094	2047	1.786	0.1
4095	2047	1.786	0.1
4096	2048	1.786	0.1
4097	2048	1.786	0.1
4098	2049	1.786	0.1
4099	2049	1.786	0.1
4100	2050	1.786	0.1
4101	2050	1.786	0.1
4102	2051	1.786	0.1
4103	2051	1.786	0.1
4104	2052	1.786	0.1
4105	2052	1.786	0.1
4106	2053	1.786	0.1
4107	2053	1.786	0.1
4108	2054	1.786	0.1
4109	2054	1.787	0.1
4110	2055	1.787	0.1
4111	2055	1.787	0.1
4112	2056	1.787	0.1
4113	2056	1.787	0.1
4114	2057	1.787	0.1
4115	2057	1.787	0.1
4116	2058	1.787	0.1
4117	2058	1.787	0.1
4118	2059	1.787	0.1
4119	2059	1.787	0.1
4120	2060	1.787	0.1
4121	2060	1.787	0.1
4122	2061	1.787	0.1
4123	2061	1.787	0.1
4124	2062	1.787	0.1
4125	2062	1.787	0.1
4126	2063	1.788	0.1
4127	2063	1.788	0.1
4128	2064	1.788	0.1
4129	2064	1.788	0.1
4130	2065	1.788	0.1
4131	2065	1.788	0.1
4132	2066	1.788	0.1
4133	2066	1.788	0.1
4134	2067	1.788	0.1
4135	2067	1.788	0.1
4136	2068	1.788	0.1
4137	2068	1.788	0.1
4138	2069	1.788	0.1
4139	2069	1.788	0.1
4140	2070	1.788	0.1
4141	2070	1.788	0.1
4142	2071	1.788	0.1
4143	2071	1.788	0.1
4144	2072	1.789	0.1
4145	2072	1.789	0.1
4146	2073	1.789	0.1
4147	2073	1.789	0.1
4148	2074	1.789	0.1
4149	2074	1.789	0.1
4150	2075	1.789	0.1
4151	2075	1.789	0.1
4152	2076	1.789	0.1
4153	2076	1.789	0.1
4154	2077	1.789	0.1
4155	2077	1.789	0.1
4156	2078	1.789	0.1
4157	2078	1.789	0.1
4158	2079	1.789	0.1
4159	2079	1.789	0.1
4160	2080	1.789	0.1
4161	2080	1.789	0.1
4162	2081	1.79	0.1
4163	2081	1.79	0.1
4164	2082	1.79	0.1
4165	2082	1.79	0.1
4166	2083	1.79	0.1
4167	2083	1.79	0.1
4168	2084	1.79	0.1
4169	2084	1.79	0.1
4170	2085	1.79	0.1
4171	2085	1.79	0.1
4172	2086	1.79	0.1
4173	2086	1.79	0.1
4174	2087	1.79	0.1
4175	2087	1.79	0.1
4176	2088	1.79	0.1
4177	2088	1.79	0.1
4178	2089	1.79	0.1
4179	2089	1.79	0.1
4180	2090	1.791	0.1
4181	2090	1.791	0.1
4182	2091	1.791	0.1
4183	2091	1.791	0.1
4184	2092	1.791	0.1
4185	2092	1.791	0.1
4186	2093	1.791	0.1
4187	2093	1.791	0.1
4188	2094	1.791	0.1
4189	2094	1.791	0.1
4190	2095	1.791	0.1
4191	2095	1.791	0.1
4192	2096	1.791	0.1
4193	2096	1.791	0.1
4194	2097	1.791	0.1
4195	2097	1.791	0.1
4196	2098	1.791	0.1
4197	2098	1.791	0.1
4198	2099	1.792	0.1
4199	2099	1.792	0.1
4200	2100	1.792	0.1
4201	2100	1.792	0.1
4202	2101	1.792	0.1
4203	2101	1.792	0.1
4204	2102	1.792	0.1
4205	2102	1.792	0.1
4206	2103	1.792	0.1
4207	2103	1.792	0.1
4208	2104	1.792	0.1
4209	2104	1.792	0.1
4210	2105	1.792	0.1
4211	2105	1.792	0.1
4212	2106	1.792	0.1
4213	2106	1.792	0.1
4214	2107	1.792	0.1
4215	2107	1.792	0.1
4216	2108	1.793	0.1
4217	2108	1.793	0.1
4218	2109	1.793	0.1
4219	2109	1.793	0.1
4220	2110	1.793	0.1
4221	2110	1.793	0.1
4222	2111	1.793	0.1
4223	2111	1.793	0.1
4224	2112	1.793	0.1
4225	2112	1.793	0.1
4226	2113	1.793	0.1
4227	2113	1.793	0.1
4228	2114	1.793	0.1
4229	2114	1.793	0.1
4230	2115	1.793	0.1
4231	2115	1.793	0.1
4232	2116	1.793	0.1
4233	2116	1.793	0.1
4234	2117	1.794	0.1
4235	2117	1.794	0.1
4236	2118	1.794	0.1
4237	2118	1.794	0.1
4238	2119	1.794	0.1
4239	2119	1.794	0.1
4240	2120	1.794	0.1
4241	2120	1.794	0.1
4242	2121	1.794	0.1
4243	2121	1.794	0.1
4244	2122	1.794	0.1
4245	2122	1.794	0.1
4246	2123	1.794	0.1
4247	2123	1.794	0.1
4248	2124	1.794	0.1
4249	2124	1.794	0.1
4250	2125	1.794	0.1
4251	2125	1.794	0.1
4252	2126	1.794	0.1
4253	2126	1.795	0.1
4254	2127	1.795	0.1
4255	2127	1.795	0.1
4256	2128	1.795	0.1
4257	2128	1.795	0.1
4258	2129	1.795	0.1
4259	2129	1.795	0.1
4260	2130	1.795	0.1
4261	2130	1.795	0.1
4262	2131	1.795	0.1
4263	2131	1.795	0.1
4264	2132	1.795	0.1
4265	2132	1.795	0.1
4266	2133	1.795	0.1
4267	2133	1.795	0.1
4268	2134	1.795	0.1
4269	2134	1.795	0.1
4270	2135	1.795	0.1
4271	2135	1.796	0.1
4272	2136	1.796	0.1
4273	2136	1.796	0.1
4274	2137	1.796	0.1
4275	2137	1.796	0.1
4276	2138	1.796	0.1
4277	2138	1.796	0.1
4278	2139	1.796	0.1
4279	2139	1.796	0.1
4280	2140	1.796	0.1
4281	2140	1.796	0.1
4282	2141	1.796	0.1
4283	2141	1.796	0.1
4284	2142	1.796	0.1
4285	2142	1.796	0.1
4286	2143	1.796	0.1
4287	2143	1.796	0.1
4288	2144	1.796	0.1
4289	2144	1.797	0.1
4290	2145	1.797	0.1
4291	2145	1.797	0.1
4292	2146	1.797	0.1
4293	2146	1.797	0.1
4294	2147	1.797	0.1
4295	2147	1.797	0.1
4296	2148	1.797	0.1
4297	2148	1.797	0.1
4298	2149	1.797	0.1
4299	2149	1.797	0.1
4300	2150	1.797	0.1
4301	2150	1.797	0.1
4302	2151	1.797	0.1
4303	2151	1.797	0.1
4304	2152	1.797	0.1
4305	2152	1.797	0.1
4306	2153	1.797	0.1
4307	2153	1.797	0.1
4308	2154	1.798	0.1
4309	2154	1.798	0.1
4310	2155	1.798	0.1
4311	2155	1.798	0.1
4312	2156	1.798	0.1
4313	2156	1.798	0.1
4314	2157	1.798	0.1
4315	2157	1.798	0.1
4316	2158	1.798	0.1
4317	2158	1.798	0.1
4318	2159	1.798	0.1
4319	2159	1.798	0.1
4320	2160	1.798	0.1
4321	2160	1.798	0.1
4322	2161	1.798	0.1
4323	2161	1.798	0.1
4324	2162	1.798	0.1
4325	2162	1.798	0.1
4326	2163	1.798	0.1
4327	2163	1.799	0.1
4328	2164	1.799	0.1
4329	2164	1.799	0.1
4330	2165	1.799	0.1
4331	2165	1.799	0.1
4332	2166	1.799	0.1
4333	2166	1.799	0.1
4334	2167	1.799	0.1
4335	2167	1.799	0.1
4336	2168	1.799	0.1
4337	2168	1.799	0.1
4338	2169	1.799	0.1
4339	2169	1.799	0.1
4340	2170	1.799	0.1
4341	2170	1.799	0.1
4342	2171	1.799	-0.1
4343	2171	1.799	-0.1
4344	2172	1.799	-0.1
4345	2172	1.8	-0.1
4346	2173	1.8	-0.1
4347	2173	1.8	-0.1
4348	2174	1.8	-0.1
4349	2174	1.8	-0.1
4350	2175	1.8	-0.1
4351	2175	1.8	-0.1
4352	2176	1.8	-0.1
4353	2176	1.8	-0.1
4354	2177	1.8	-0.1
4355	2177	1.787	-0.1
4356	2178	1.785	-0.1
4357	2178	1.782	-0.1
4358	2179	1.78	-0.1
4359	2179	1.778	-0.1
4360	2180	1.776	-0.1
4361	2180	1.774	-0.1
4362	2181	1.772	-0.1
4363	2181	1.771	-0.1
4364	2182	1.769	-0.1
4365	2182	1.767	-0.1
4366	2183	1.765	-0.1
4367	2183	1.764	-0.1
4368	2184	1.762	-0.1
4369	2184	1.76	-0.1
4370	2185	1.759	-0.1
4371	2185	1.757	-0.1
4372	2186	1.756	-0.1
4373	2186	1.754	-0.1
4374	2187	1.753	-0.1
4375	2187	1.751	-0.1
4376	2188	1.75	-0.1
4377	2188	1.748	-0.1
4378	2189	1.747	-0.1
4379	2189	1.745	-0.1
4380	2190	1.744	-0.1
4381	2190	1.742	-0.1
4382	2191	1.741	-0.1
4383	2191	1.74	-0.1
4384	2192	1.738	-0.1
4385	2192	1.737	-0.1
4386	2193	1.736	-0.1
4387	2193	1.734	-0.1
4388	2194	1.733	-0.1
4389	2194	1.732	-0.1
4390	2195	1.73	-0.1
4391	2195	1.729	-0.1
4392	2196	1.728	-0.1
4393	2196	1.726	-0.1
4394	2197	1.725	-0.1
4395	2197	1.724	-0.1
4396	2198	1.722	-0.1
4397	2198	1.721	-0.1
4398	2199	1.72	-0.1
4399	2199	1.719	-0.1
4400	2200	1.717	-0.1
4401	2200	1.716	-0.1
4402	2201	1.715	-0.1
4403	2201	1.714	-0.1
4404	2202	1.713	-0.1
4405	2202	1.711	-0.1
4406	2203	1.71	-0.1
4407	2203	1.709	-0.1
4408	2204	1.708	-0.1
4409	2204	1.706	-0.1
4410	2205	1.705	-0.1
4411	2205	1.704	-0.1
4412	2206	1.703	-0.1
4413	2206	1.702	-0.1
4414	2207	1.701	-0.1
4415	2207	1.699	-0.1
4416	2208	1.698	-0.1
4417	2208	1.697	-0.1
4418	2209	1.696	-0.1
4419	2209	1.695	-0.1
4420	2210	1.694	-0.1
4421	2210	1.693	-0.1
4422	2211	1.691	-0.1
4423	2211	1.69	-0.1
4424	2212	1.689	-0.1
4425	2212	1.688	-0.1
4426	2213	1.687	-0.1
4427	2213	1.686	-0.1
4428	2214	1.685	-0.1
4429	2214	1.684	-0.1
4430	2215	1.683	-0.1
4431	2215	1.681	-0.1
4432	2216	1.68	-0.1
4433	2216	1.679	-0.1
4434	2217	1.678	-0.1
4435	2217	1.677	-0.1
4436	2218	1.676	-0.1
4437	2218	1.675	-0.1
4438	2219	1.674	-0.1
4439	2219	1.673	-0.1
4440	2220	1.672	-0.1
4441	2220	1.671	-0.1
4442	2221	1.67	-0.1
4443	2221	1.669	-0.1
4444	2222	1.668	-0.1
4445	2222	1.666	-0.1
4446	2223	1.665	-0.1
4447	2223	1.664	-0.1
4448	2224	1.663	-0.1
4449	2224	1.662	-0.1
4450	2225	1.661	-0.1
4451	2225	1.66	-0.1
4452	2226	1.659	-0.1
4453	2226	1.658	-0.1
4454	2227	1.657	-0.1
4455	2227	1.656	-0.1
4456	2228	1.655	-0.1
4457	2228	1.654	-0.1
4458	2229	1.653	-0.1
4459	2229	1.652	-0.1
4460	2230	1.651	-0.1
4461	2230	1.65	-0.1
4462	2231	1.649	-0.1
4463	2231	1.648	-0.1
4464	2232	1.647	-0.1
4465	2232	1.646	-0.1
4466	2233	1.645	-0.1
4467	2233	1.644	-0.1
4468	2234	1.643	-0.1
4469	2234	1.642	-0.1
4470	2235	1.641	-0.1
4471	2235	1.64	-0.1
4472	2236	1.639	-0.1
4473	2236	1.639	-0.1
4474	2237	1.638	-0.1
4475	2237	1.637	-0.1
4476	2238	1.636	-0.1
4477	2238	1.635	-0.1
4478	2239	1.634	-0.1
4479	2239	1.633	-0.1
4480	2240	1.632	-0.1
4481	2240	1.631	-0.1
4482	2241	1.63	-0.1
4483	2241	1.629	-0.1
4484	2242	1.628	-0.1
4485	2242	1.627	-0.1
4486	2243	1.626	-0.1
4487	2243	1.625	-0.1
4488	2244	1.624	-0.1
4489	2244	1.623	-0.1
4490	2245	1.623	-0.1
4491	2245	1.622	-0.1
4492	2246	1.621	-0.1
4493	2246	1.62	-0.1
4494	2247	1.619	-0.1
4495	2247	1.618	-0.1
4496	2248	1.617	-0.1
4497	2248	1.616	-0.1
4498	2249	1.615	-0.1
4499	2249	1.614	-0.1
4500	2250	1.613	-0.1
4501	2250	1.613	-0.1
4502	2251	1.612	-0.1
4503	2251	1.611	-0.1
4504	2252	1.61	-0.1
4505	2252	1.609	-0.1
4506	2253	1.608	-0.1
4507	2253	1.607	-0.1
4508	2254	1.606	-0.1
4509	2254	1.605	-0.1
4510	2255	1.605	-0.1
4511	2255	1.604	-0.1
4512	2256	1.603	-0.1
4513	2256	1.602	-0.1
4514	2257	1.601	-0.1
4515	2257	1.6	-0.1
4516	2258	1.599	-0.1
4517	2258	1.598	-0.1
4518	2259	1.598	-0.1
4519	2259	1.597	-0.1
4520	2260	1.596	-0.1
4521	2260	1.595	-0.1
4522	2261	1.594	-0.1
4523	2261	1.593	-0.1
4524	2262	1.592	-0.1
4525	2262	1.592	-0.1
4526	2263	1.591	-0.1
4527	2263	1.59	-0.1
4528	2264	1.589	-0.1
4529	2264	1.588	-0.1
4530	2265	1.587	-0.1
4531	2265	1.587	-0.1
4532	2266	1.586	-0.1
4533	2266	1.585	-0.1
4534	2267	1.584	-0.1
4535	2267	1.583	-0.1
4536	2268	1.582	-0.1
4537	2268	1.581	-0.1
4538	2269	1.581	-0.1
4539	2269	1.58	-0.1
4540	2270	1.579	-0.1
4541	2270	1.578	-0.1
4542	2271	1.577	-0.1
4543	2271	1.576	-0.1
4544	2272	1.576	-0.1
4545	2272	1.575	-0.1
4546	2273	1.574	-0.1
4547	2273	1.573	-0.1
4548	2274	1.572	-0.1
4549	2274	1.572	-0.1
4550	2275	1.571	-0.1
4551	2275	1.57	-0.1
4552	2276	1.569	-0.1
4553	2276	1.568	-0.1
4554	2277	1.568	-0.1
4555	2277	1.567	-0.1
4556	2278	1.566	-0.1
4557	2278	1.565	-0.1
4558	2279	1.564	-0.1
4559	2279	1.563	-0.1
4560	2280	1.563	-0.1
4561	2280	1.562	-0.1
4562	2281	1.561	-0.1
4563	2281	1.56	-0.1
4564	2282	1.559	-0.1
4565	2282	1.559	-0.1
4566	2283	1.558	-0.1
4567	2283	1.557	-0.1
4568	2284	1.556	-0.1
4569	2284	1.556	-0.1
4570	2285	1.555	-0.1
4571	2285	1.554	-0.1
4572	2286	1.553	-0.1
4573	2286	1.552	-0.1
4574	2287	1.552	-0.1
4575	2287	1.551	-0.1
4576	2288	1.55	-0.1
4577	2288	1.549	-0.1
4578	2289	1.548	-0.1
4579	2289	1.548	-0.1
4580	2290	1.547	-0.1
4581	2290	1.546	-0.1
4582	2291	1.545	-0.1
4583	2291	1.545	-0.1
4584	2292	1.544	-0.1
4585	2292	1.543	-0.1
4586	2293	1.542	-0.1
4587	2293	1.541	-0.1
4588	2294	1.541	-0.1
4589	2294	1.54	-0.1
4590	2295	1.539	-0.1
4591	2295	1.538	-0.1
4592	2296	1.538	-0.1
4593	2296	1.537	-0.1
4594	2297	1.536	-0.1
4595	2297	1.535	-0.1
4596	2298	1.535	-0.1
4597	2298	1.534	-0.1
4598	2299	1.533	-0.1
4599	2299	1.532	-0.1
4600	2300	1.531	-0.1
4601	2300	1.531	-0.1
4602	2301	1.53	-0.1
4603	2301	1.529	-0.1
4604	2302	1.528	-0.1
4605	2302	1.528	-0.1
4606	2303	1.527	-0.1
4607	2303	1.526	-0.1
4608	2304	1.525	-0.1
4609	2304	1.525	-0.1
4610	2305	1.524	-0.1
4611	2305	1.523	-0.1
4612	2306	1.522	-0.1
4613	2306	1.522	-0.1
4614	2307	1.521	-0.1
4615	2308	1.52	-0.1
4616	2308	1.519	-0.1
4617	2309	1.519	-0.1
4618	2309	1.518	-0.1
4619	2310	1.517	-0.1
4620	2310	1.516	-0.1
4621	2311	1.516	-0.1
4622	2311	1.515	-0.1
4623	2312	1.514	-0.1
4624	2312	1.514	-0.1
4625	2313	1.513	-0.1
4626	2313	1.512	-0.1
4627	2314	1.511	-0.1
4628	2314	1.511	-0.1
4629	2315	1.51	-0.1
4630	2315	1.509	-0.1
4631	2316	1.508	-0.1
4632	2316	1.508	-0.1
4633	2317	1.507	-0.1
4634	2317	1.506	-0.1
4635	2318	1.505	-0.1
4636	2318	1.505	-0.1
4637	2319	1.504	-0.1
4638	2319	1.503	-0.1
4639	2320	1.503	-0.1
4640	2320	1.502	-0.1
4641	2321	1.501	-0.1
4642	2321	1.5	-0.1
4643	2322	1.5	-0.1
4644	2322	1.499	-0.1
4645	2323	1.498	-0.1
4646	2323	1.497	-0.1
4647	2324	1.497	-0.1
4648	2324	1.496	-0.1
4649	2325	1.495	-0.1
4650	2325	1.495	-0.1
4651	2326	1.494	-0.1
4652	2326	1.493	-0.1
4653	2327	1.492	-0.1
4654	2327	1.492	-0.1
4655	2328	1.491	-0.1
4656	2328	1.49	-0.1
4657	2329	1.489	-0.1
4658	2329	1.489	-0.1
4659	2330	1.488	-0.1
4660	2330	1.487	-0.1
4661	2331	1.487	-0.1
4662	2331	1.486	-0.1
4663	2332	1.485	-0.1
4664	2332	1.484	-0.1
4665	2333	1.484	-0.1
4666	2333	1.483	-0.1
4667	2334	1.482	-0.1
4668	2334	1.482	-0.1
4669	2335	1.481	-0.1
4670	2335	1.48	-0.1
4671	2336	1.48	-0.1
4672	2336	1.479	-0.1
4673	2337	1.478	-0.1
4674	2337	1.477	-0.1
4675	2338	1.477	-0.1
4676	2338	1.476	-0.1
4677	2339	1.475	-0.1
4678	2339	1.475	-0.1
4679	2340	1.474	-0.1
4680	2340	1.473	-0.1
4681	2341	1.472	-0.1
4682	2341	1.472	-0.1
4683	2342	1.471	-0.1
4684	2342	1.47	-0.1
4685	2343	1.47	-0.1
4686	2343	1.469	-0.1
4687	2344	1.468	-0.1
4688	2344	1.468	-0.1
4689	2345	1.467	-0.1
4690	2345	1.466	-0.1
4691	2346	1.466	-0.1
4692	2346	1.465	-0.1
4693	2347	1.464	-0.1
4694	2347	1.463	-0.1
4695	2348	1.463	-0.1
4696	2348	1.462	-0.1
4697	2349	1.461	-0.1
4698	2349	1.461	-0.1
4699	2350	1.46	-0.1
4700	2350	1.459	-0.1
4701	2351	1.459	-0.1
4702	2351	1.458	-0.1
4703	2352	1.457	-0.1
4704	2352	1.456	-0.1
4705	2353	1.456	-0.1
4706	2353	1.455	-0.1
4707	2354	1.454	-0.1
4708	2354	1.454	-0.1
4709	2355	1.453	-0.1
4710	2355	1.452	-0.1
4711	2356	1.452	-0.1
4712	2356	1.451	-0.1
4713	2357	1.45	-0.1
4714	2357	1.45	-0.1
4715	2358	1.449	-0.1
4716	2358	1.448	-0.1
4717	2359	1.448	-0.1
4718	2359	1.447	-0.1
4719	2360	1.446	-0.1
4720	2360	1.446	-0.1
4721	2361	1.445	-0.1
4722	2361	1.444	-0.1
4723	2362	1.443	-0.1
4724	2362	1.443	-0.1
4725	2363	1.442	-0.1
4726	2363	1.441	-0.1
4727	2364	1.441	-0.1
4728	2364	1.44	-0.1
4729	2365	1.439	-0.1
4730	2365	1.439	-0.1
4731	2366	1.438	-0.1
4732	2366	1.437	-0.1
4733	2367	1.437	-0.1
4734	2367	1.436	-0.1
4735	2368	1.435	-0.1
4736	2368	1.435	-0.1
4737	2369	1.434	-0.1
4738	2369	1.433	-0.1
4739	2370	1.433	-0.1
4740	2370	1.432	-0.1
4741	2371	1.431	-0.1
4742	2371	1.431	-0.1
4743	2372	1.43	-0.1
4744	2372	1.429	-0.1
4745	2373	1.429	-0.1
4746	2373	1.428	-0.1
4747	2374	1.427	-0.1
4748	2374	1.427	-0.1
4749	2375	1.426	-0.1
4750	2375	1.425	-0.1
4751	2376	1.425	-0.1
4752	2376	1.424	-0.1
4753	2377	1.423	-0.1
4754	2377	1.423	-0.1
4755	2378	1.422	-0.1
4756	2378	1.421	-0.1
4757	2379	1.421	-0.1
4758	2379	1.42	-0.1
4759	2380	1.419	-0.1
4760	2380	1.419	-0.1
4761	2381	1.418	-0.1
4762	2381	1.417	-0.1
4763	2382	1.417	-0.1
4764	2382	1.416	-0.1
4765	2383	1.415	-0.1
4766	2383	1.415	-0.1
4767	2384	1.414	-0.1
4768	2384	1.413	-0.1
4769	2385	1.413	-0.1
4770	2385	1.412	-0.1
4771	2386	1.411	-0.1
4772	2386	1.411	-0.1
4773	2387	1.41	-0.1
4774	2387	1.409	-0.1
4775	2388	1.409	-0.1
4776	2388	1.408	-0.1
4777	2389	1.407	-0.1
4778	2389	1.407	-0.1
4779	2390	1.406	-0.1
4780	2390	1.405	-0.1
4781	2391	1.405	-0.1
4782	2391	1.404	-0.1
4783	2392	1.403	-0.1
4784	2392	1.403	-0.1
4785	2393	1.402	-0.1
4786	2393	1.401	-0.1
4787	2394	1.401	-0.1
4788	2394	1.4	-0.1
4789	2395	1.399	-0.1
4790	2395	1.399	-0.1
4791	2396	1.398	-0.1
4792	2396	1.397	-0.1
4793	2397	1.397	-0.1
4794	2397	1.396	-0.1
4795	2398	1.395	-0.1
4796	2398	1.395	-0.1
4797	2399	1.394	-0.1
4798	2399	1.393	-0.1
4799	2400	1.393	-0.1
4800	2400	1.392	-0.1
4801	2401	1.391	-0.1
4802	2401	1.391	-0.1
4803	2402	1.39	-0.1
4804	2402	1.389	-0.1
4805	2403	1.389	-0.1
4806	2403	1.388	-0.1
4807	2404	1.388	-0.1
4808	2404	1.387	-0.1
4809	2405	1.386	-0.1
4810	2405	1.386	-0.1
4811	2406	1.385	-0.1
4812	2406	1.384	-0.1
4813	2407	1.384	-0.1
4814	2407	1.383	-0.1
4815	2408	1.382	-0.1
4816	2408	1.382	-0.1
4817	2409	1.381	-0.1
4818	2409	1.38	-0.1
4819	2410	1.38	-0.1
4820	2410	1.379	-0.1
4821	2411	1.378	-0.1
4822	2411	1.378	-0.1
4823	2412	1.377	-0.1
4824	2412	1.377	-0.1
4825	2413	1.376	-0.1
4826	2413	1.375	-0.1
4827	2414	1.375	-0.1
4828	2414	1.374	-0.1
4829	2415	1.373	-0.1
4830	2415	1.373	-0.1
4831	2416	1.372	-0.1
4832	2416	1.371	-0.1
4833	2417	1.371	-0.1
4834	2417	1.37	-0.1
4835	2418	1.369	-0.1
4836	2418	1.369	-0.1
4837	2419	1.368	-0.1
4838	2419	1.368	-0.1
4839	2420	1.367	-0.1
4840	2420	1.366	-0.1
4841	2421	1.366	-0.1
4842	2421	1.365	-0.1
4843	2422	1.364	-0.1
4844	2422	1.364	-0.1
4845	2423	1.363	-0.1
4846	2423	1.362	-0.1
4847	2424	1.362	-0.1
4848	2424	1.361	-0.1
4849	2425	1.361	-0.1
4850	2425	1.36	-0.1
4851	2426	1.359	-0.1
4852	2426	1.359	-0.1
4853	2427	1.358	-0.1
4854	2427	1.357	-0.1
4855	2428	1.357	-0.1
4856	2428	1.356	-0.1
4857	2429	1.355	-0.1
4858	2429	1.355	-0.1
4859	2430	1.354	-0.1
4860	2430	1.354	-0.1
4861	2431	1.353	-0.1
4862	2431	1.352	-0.1
4863	2432	1.352	-0.1
4864	2432	1.351	-0.1
4865	2433	1.35	-0.1
4866	2433	1.35	-0.1
4867	2434	1.349	-0.1
4868	2434	1.348	-0.1
4869	2435	1.348	-0.1
4870	2435	1.347	-0.1
4871	2436	1.347	-0.1
4872	2436	1.346	-0.1
4873	2437	1.345	-0.1
4874	2437	1.345	-0.1
4875	2438	1.344	-0.1
4876	2438	1.343	-0.1
4877	2439	1.343	-0.1
4878	2439	1.342	-0.1
4879	2440	1.341	-0.1
4880	2440	1.341	-0.1
4881	2441	1.34	-0.1
4882	2441	1.34	-0.1
4883	2442	1.339	-0.1
4884	2442	1.338	-0.1
4885	2443	1.338	-0.1
4886	2443	1.337	-0.1
4887	2444	1.336	-0.1
4888	2444	1.336	-0.1
4889	2445	1.335	-0.1
4890	2445	1.335	-0.1
4891	2446	1.334	-0.1
4892	2446	1.333	-0.1
4893	2447	1.333	-0.1
4894	2447	1.332	-0.1
4895	2448	1.331	-0.1
4896	2448	1.331	-0.1
4897	2449	1.33	-0.1
4898	2449	1.33	-0.1
4899	2450	1.329	-0.1
4900	2450	1.328	-0.1
4901	2451	1.328	-0.1
4902	2451	1.327	-0.1
4903	2452	1.326	-0.1
4904	2452	1.326	-0.1
4905	2453	1.325	-0.1
4906	2453	1.325	-0.1
4907	2454	1.324	-0.1
4908	2454	1.323	-0.1
4909	2455	1.323	-0.1
4910	2455	1.322	-0.1
4911	2456	1.321	-0.1
4912	2456	1.321	-0.1
4913	2457	1.32	-0.1
4914	2457	1.32	-0.1
4915	2458	1.319	-0.1
4916	2458	1.318	-0.1
4917	2459	1.318	-0.1
4918	2459	1.317	-0.1
4919	2460	1.317	-0.1
4920	2460	1.316	-0.1
4921	2461	1.315	-0.1
4922	2461	1.315	-0.1
4923	2462	1.314	-0.1
4924	2462	1.313	-0.1
4925	2463	1.313	-0.1
4926	2463	1.312	-0.1
4927	2464	1.312	-0.1
4928	2464	1.311	-0.1
4929	2465	1.31	-0.1
4930	2465	1.31	-0.1
4931	2466	1.309	-0.1
4932	2466	1.309	-0.1
4933	2467	1.308	-0.1
4934	2467	1.307	-0.1
4935	2468	1.307	-0.1
4936	2468	1.306	-0.1
4937	2469	1.305	-0.1
4938	2469	1.305	-0.1
4939	2470	1.304	-0.1
4940	2470	1.304	-0.1
4941	2471	1.303	-0.1
4942	2471	1.302	-0.1
4943	2472	1.302	-0.1
4944	2472	1.301	-0.1
4945	2473	1.301	-0.1
4946	2473	1.3	-0.1
4947	2474	1.299	-0.1
4948	2474	1.299	-0.1
4949	2475	1.298	-0.1
4950	2475	1.297	-0.1
4951	2476	1.297	-0.1
4952	2476	1.296	-0.1
4953	2477	1.296	-0.1
4954	2477	1.295	-0.1
4955	2478	1.294	-0.1
4956	2478	1.294	-0.1
4957	2479	1.293	-0.1
4958	2479	1.293	-0.1
4959	2480	1.292	-0.1
4960	2480	1.291	-0.1
4961	2481	1.291	-0.1
4962	2481	1.29	-0.1
4963	2482	1.29	-0.1
4964	2482	1.289	-0.1
4965	2483	1.288	-0.1
4966	2483	1.288	-0.1
4967	2484	1.287	-0.1
4968	2484	1.286	-0.1
4969	2485	1.286	-0.1
4970	2485	1.285	-0.1
4971	2486	1.285	-0.1
4972	2486	1.284	-0.1
4973	2487	1.283	-0.1
4974	2487	1.283	-0.1
4975	2488	1.282	-0.1
4976	2488	1.282	-0.1
4977	2489	1.281	-0.1
4978	2489	1.28	-0.1
4979	2490	1.28	-0.1
4980	2490	1.279	-0.1
4981	2491	1.279	-0.1
4982	2491	1.278	-0.1
4983	2492	1.277	-0.1
4984	2492	1.277	-0.1
4985	2493	1.276	-0.1
4986	2493	1.276	-0.1
4987	2494	1.275	-0.1
4988	2494	1.274	-0.1
4989	2495	1.274	-0.1
4990	2495	1.273	-0.1
4991	2496	1.273	-0.1
4992	2496	1.272	-0.1
4993	2497	1.271	-0.1
4994	2497	1.271	-0.1
4995	2498	1.27	-0.1
4996	2498	1.27	-0.1
4997	2499	1.269	-0.1
4998	2499	1.268	-0.1
4999	2500	1.268	-0.1
5000	2500	1.267	-0.1
5001	2501	1.267	-0.1
5002	2501	1.266	-0.1
5003	2502	1.265	-0.1
5004	2502	1.265	-0.1
5005	2503	1.264	-0.1
5006	2503	1.264	-0.1
5007	2504	1.263	-0.1
5008	2504	1.262	-0.1
5009	2505	1.262	-0.1
5010	2505	1.261	-0.1
5011	2506	1.261	-0.1
5012	2506	1.26	-0.1
5013	2507	1.259	-0.1
5014	2507	1.259	-0.1
5015	2508	1.258	-0.1
5016	2508	1.258	-0.1
5017	2509	1.257	-0.1
5018	2509	1.256	-0.1
5019	2510	1.256	-0.1
5020	2510	1.255	-0.1
5021	2511	1.255	-0.1
5022	2511	1.254	-0.1
5023	2512	1.253	-0.1
5024	2512	1.253	-0.1
5025	2513	1.252	-0.1
5026	2513	1.252	-0.1
5027	2514	1.251	-0.1
5028	2514	1.25	-0.1
5029	2515	1.25	-0.1
5030	2515	1.249	-0.1
5031	2516	1.249	-0.1
5032	2516	1.248	-0.1
5033	2517	1.247	-0.1
5034	2517	1.247	-0.1
5035	2518	1.246	-0.1
5036	2518	1.246	-0.1
5037	2519	1.245	-0.1
5038	2519	1.244	-0.1
5039	2520	1.244	-0.1
5040	2520	1.243	-0.1
5041	2521	1.243	-0.1
5042	2521	1.242	-0.1
5043	2522	1.242	-0.1
5044	2522	1.241	-0.1
5045	2523	1.24	-0.1
5046	2523	1.24	-0.1
5047	2524	1.239	-0.1
5048	2524	1.239	-0.1
5049	2525	1.238	-0.1
5050	2525	1.237	-0.1
5051	2526	1.237	-0.1
5052	2526	1.236	-0.1
5053	2527	1.236	-0.1
5054	2527	1.235	-0.1
5055	2528	1.234	-0.1
5056	2528	1.234	-0.1
5057	2529	1.233	-0.1
5058	2529	1.233	-0.1
5059	2530	1.232	-0.1
5060	2530	1.232	-0.1
5061	2531	1.231	-0.1
5062	2531	1.23	-0.1
5063	2532	1.23	-0.1
5064	2532	1.229	-0.1
5065	2533	1.229	-0.1
5066	2533	1.228	-0.1
5067	2534	1.227	-0.1
5068	2534	1.227	-0.1
5069	2535	1.226	-0.1
5070	2535	1.226	-0.1
5071	2536	1.225	-0.1
5072	2536	1.224	-0.1
5073	2537	1.224	-0.1
5074	2537	1.223	-0.1
5075	2538	1.223	-0.1
5076	2538	1.222	-0.1
5077	2539	1.222	-0.1
5078	2539	1.221	-0.1
5079	2540	1.22	-0.1
5080	2540	1.22	-0.1
5081	2541	1.219	-0.1
5082	2541	1.219	-0.1
5083	2542	1.218	-0.1
5084	2542	1.217	-0.1
5085	2543	1.217	-0.1
5086	2543	1.216	-0.1
5087	2544	1.216	-0.1
5088	2544	1.215	-0.1
5089	2545	1.215	-0.1
5090	2545	1.214	-0.1
5091	2546	1.213	-0.1
5092	2546	1.213	-0.1
5093	2547	1.212	-0.1
5094	2547	1.212	-0.1
5095	2548	1.211	-0.1
5096	2548	1.21	-0.1
5097	2549	1.21	-0.1
5098	2549	1.209	-0.1
5099	2550	1.209	-0.1
5100	2550	1.208	-0.1
5101	2551	1.208	-0.1
5102	2551	1.207	-0.1
5103	2552	1.206	-0.1
5104	2552	1.206	-0.1
5105	2553	1.205	-0.1
5106	2553	1.205	-0.1
5107	2554	1.204	-0.1
5108	2554	1.203	-0.1
5109	2555	1.203	-0.1
5110	2555	1.202	-0.1
5111	2556	1.202	-0.1
5112	2556	1.201	-0.1
5113	2557	1.201	-0.1
5114	2557	1.2	-0.1
5115	2558	1.199	-0.1
5116	2558	1.199	-0.1
5117	2559	1.198	-0.1
5118	2559	1.198	-0.1
5119	2560	1.197	-0.1
5120	2560	1.196	-0.1
5121	2561	1.196	-0.1
5122	2561	1.195	-0.1
5123	2562	1.195	-0.1
5124	2562	1.194	-0.1
5125	2563	1.194	-0.1
5126	2563	1.193	-0.1
5127	2564	1.192	-0.1
5128	2564	1.192	-0.1
5129	2565	1.191	-0.1
5130	2565	1.191	-0.1
5131	2566	1.19	-0.1
5132	2566	1.189	-0.1
5133	2567	1.189	-0.1
5134	2567	1.188	-0.1
5135	2568	1.188	-0.1
5136	2568	1.187	-0.1
5137	2569	1.187	-0.1
5138	2569	1.186	-0.1
5139	2570	1.185	-0.1
5140	2570	1.185	-0.1
5141	2571	1.184	-0.1
5142	2571	1.184	-0.1
5143	2572	1.183	-0.1
5144	2572	1.183	-0.1
5145	2573	1.182	-0.1
5146	2573	1.181	-0.1
5147	2574	1.181	-0.1
5148	2574	1.18	-0.1
5149	2575	1.18	-0.1
5150	2575	1.179	-0.1
5151	2576	1.179	-0.1
5152	2576	1.178	-0.1
5153	2577	1.177	-0.1
5154	2577	1.177	-0.1
5155	2578	1.176	-0.1
5156	2578	1.176	-0.1
5157	2579	1.175	-0.1
5158	2579	1.174	-0.1
5159	2580	1.174	-0.1
5160	2580	1.173	-0.1
5161	2581	1.173	-0.1
5162	2581	1.172	-0.1
5163	2582	1.172	-0.1
5164	2582	1.171	-0.1
5165	2583	1.17	-0.1
5166	2583	1.17	-0.1
5167	2584	1.169	-0.1
5168	2584	1.169	-0.1
5169	2585	1.168	-0.1
5170	2585	1.168	-0.1
5171	2586	1.167	-0.1
5172	2586	1.166	-0.1
5173	2587	1.166	-0.1
5174	2587	1.165	-0.1
5175	2588	1.165	-0.1
5176	2588	1.164	-0.1
5177	2589	1.164	-0.1
5178	2589	1.163	-0.1
5179	2590	1.162	-0.1
5180	2590	1.162	-0.1
5181	2591	1.161	-0.1
5182	2591	1.161	-0.1
5183	2592	1.16	-0.1
5184	2592	1.16	-0.1
5185	2593	1.159	-0.1
5186	2593	1.158	-0.1
5187	2594	1.158	-0.1
5188	2594	1.157	-0.1
5189	2595	1.157	-0.1
5190	2595	1.156	-0.1
5191	2596	1.155	-0.1
5192	2596	1.155	-0.1
5193	2597	1.154	-0.1
5194	2597	1.154	-0.1
5195	2598	1.153	-0.1
5196	2598	1.153	-0.1
5197	2599	1.152	-0.1
5198	2599	1.151	-0.1
5199	2600	1.151	-0.1
5200	2600	1.15	-0.1
5201	2601	1.15	-0.1
5202	2601	1.149	-0.1
5203	2602	1.149	-0.1
5204	2602	1.148	-0.1
5205	2603	1.147	-0.1
5206	2603	1.147	-0.1
5207	2604	1.146	-0.1
5208	2604	1.146	-0.1
5209	2605	1.145	-0.1
5210	2605	1.145	-0.1
5211	2606	1.144	-0.1
5212	2606	1.143	-0.1
5213	2607	1.143	-0.1
5214	2607	1.142	-0.1
5215	2608	1.142	-0.1
5216	2608	1.141	-0.1
5217	2609	1.141	-0.1
5218	2609	1.14	-0.1
5219	2610	1.139	-0.1
5220	2610	1.139	-0.1
5221	2611	1.138	-0.1
5222	2611	1.138	-0.1
5223	2612	1.137	-0.1
5224	2612	1.137	-0.1
5225	2613	1.136	-0.1
5226	2613	1.135	-0.1
5227	2614	1.135	-0.1
5228	2614	1.134	-0.1
5229	2615	1.134	-0.1
5230	2615	1.133	-0.1
5231	2616	1.133	-0.1
5232	2616	1.132	-0.1
5233	2617	1.131	-0.1
5234	2617	1.131	-0.1
5235	2618	1.13	-0.1
5236	2618	1.13	-0.1
5237	2619	1.129	-0.1
5238	2619	1.129	-0.1
5239	2620	1.128	-0.1
5240	2620	1.127	-0.1
5241	2621	1.127	-0.1
5242	2621	1.126	-0.1
5243	2622	1.126	-0.1
5244	2622	1.125	-0.1
5245	2623	1.125	-0.1
5246	2623	1.124	-0.1
5247	2624	1.123	-0.1
5248	2624	1.123	-0.1
5249	2625	1.122	-0.1
5250	2625	1.122	-0.1
5251	2626	1.121	-0.1
5252	2626	1.121	-0.1
5253	2627	1.12	-0.1
5254	2627	1.119	-0.1
5255	2628	1.119	-0.1
5256	2628	1.118	-0.1
5257	2629	1.118	-0.1
5258	2629	1.117	-0.1
5259	2630	1.117	-0.1
5260	2630	1.116	-0.1
5261	2631	1.115	-0.1
5262	2631	1.115	-0.1
5263	2632	1.114	-0.1
5264	2632	1.114	-0.1
5265	2633	1.113	-0.1
5266	2633	1.113	-0.1
5267	2634	1.112	-0.1
5268	2634	1.111	-0.1
5269	2635	1.111	-0.1
5270	2635	1.11	-0.1
5271	2636	1.11	-0.1
5272	2636	1.109	-0.1
5273	2637	1.109	-0.1
5274	2637	1.108	-0.1
5275	2638	1.107	-0.1
5276	2638	1.107	-0.1
5277	2639	1.106	-0.1
5278	2639	1.106	-0.1
5279	2640	1.105	-0.1
5280	2640	1.105	-0.1
5281	2641	1.104	-0.1
5282	2641	1.103	-0.1
5283	2642	1.103	-0.1
5284	2642	1.102	-0.1
5285	2643	1.102	-0.1
5286	2643	1.101	-0.1
5287	2644	1.101	-0.1
5288	2644	1.1	-0.1
5289	2645	1.099	-0.1
5290	2645	1.099	-0.1
5291	2646	1.098	-0.1
5292	2646	1.098	-0.1
5293	2647	1.097	-0.1
5294	2647	1.097	-0.1
5295	2648	1.096	-0.1
5296	2648	1.095	-0.1
5297	2649	1.095	-0.1
5298	2649	1.094	-0.1
5299	2650	1.094	-0.1
5300	2650	1.093	-0.1
5301	2651	1.093	-0.1
5302	2651	1.092	-0.1
5303	2652	1.092	-0.1
5304	2652	1.091	-0.1
5305	2653	1.09	-0.1
5306	2653	1.09	-0.1
5307	2654	1.089	-0.1
5308	2654	1.089	-0.1
5309	2655	1.088	-0.1
5310	2655	1.088	-0.1
5311	2656	1.087	-0.1
5312	2656	1.086	-0.1
5313	2657	1.086	-0.1
5314	2657	1.085	-0.1
5315	2658	1.085	-0.1
5316	2658	1.084	-0.1
5317	2659	1.084	-0.1
5318	2659	1.083	-0.1
5319	2660	1.083	-0.1
5320	2660	1.082	-0.1
5321	2661	1.081	-0.1
5322	2661	1.081	-0.1
5323	2662	1.08	-0.1
5324	2662	1.08	-0.1
5325	2663	1.079	-0.1
5326	2663	1.079	-0.1
5327	2664	1.078	-0.1
5328	2664	1.077	-0.1
5329	2665	1.077	-0.1
5330	2665	1.076	-0.1
5331	2666	1.076	-0.1
5332	2666	1.075	-0.1
5333	2667	1.075	-0.1
5334	2667	1.074	-0.1
5335	2668	1.074	-0.1
5336	2668	1.073	-0.1
5337	2669	1.072	-0.1
5338	2669	1.072	-0.1
5339	2670	1.071	-0.1
5340	2670	1.071	-0.1
5341	2671	1.07	-0.1
5342	2671	1.07	-0.1
5343	2672	1.069	-0.1
5344	2672	1.069	-0.1
5345	2673	1.068	-0.1
5346	2673	1.067	-0.1
5347	2674	1.067	-0.1
5348	2674	1.066	-0.1
5349	2675	1.066	-0.1
5350	2675	1.065	-0.1
5351	2676	1.065	-0.1
5352	2676	1.064	-0.1
5353	2677	1.063	-0.1
5354	2677	1.063	-0.1
5355	2678	1.062	-0.1
5356	2678	1.062	-0.1
5357	2679	1.061	-0.1
5358	2679	1.061	-0.1
5359	2680	1.06	-0.1
5360	2680	1.06	-0.1
5361	2681	1.059	-0.1
5362	2681	1.058	-0.1
5363	2682	1.058	-0.1
5364	2682	1.057	-0.1
5365	2683	1.057	-0.1
5366	2683	1.056	-0.1
5367	2684	1.056	-0.1
5368	2684	1.055	-0.1
5369	2685	1.055	-0.1
5370	2685	1.054	-0.1
5371	2686	1.053	-0.1
5372	2686	1.053	-0.1
5373	2687	1.052	-0.1
5374	2687	1.052	-0.1
5375	2688	1.051	-0.1
5376	2688	1.051	-0.1
5377	2689	1.05	-0.1
5378	2689	1.05	-0.1
5379	2690	1.049	-0.1
5380	2690	1.048	-0.1
5381	2691	1.048	-0.1
5382	2691	1.047	-0.1
5383	2692	1.047	-0.1
5384	2692	1.046	-0.1
5385	2693	1.046	-0.1
5386	2693	1.045	-0.1
5387	2694	1.045	-0.1
5388	2694	1.044	-0.1
5389	2695	1.044	-0.1
5390	2695	1.043	-0.1
5391	2696	1.042	-0.1
5392	2696	1.042	-0.1
5393	2697	1.041	-0.1
5394	2697	1.041	-0.1
5395	2698	1.04	-0.1
5396	2698	1.04	-0.1
5397	2699	1.039	-0.1
5398	2699	1.039	-0.1
5399	2700	1.038	-0.1
5400	2700	1.037	-0.1
5401	2701	1.037	-0.1
5402	2701	1.036	-0.1
5403	2702	1.036	-0.1
5404	2702	1.035	-0.1
5405	2703	1.035	-0.1
5406	2703	1.034	-0.1
5407	2704	1.034	-0.1
5408	2704	1.033	-0.1
5409	2705	1.033	-0.1
5410	2705	1.032	-0.1
5411	2706	1.031	-0.1
5412	2706	1.031	-0.1
5413	2707	1.03	-0.1
5414	2707	1.03	-0.1
5415	2708	1.029	-0.1
5416	2708	1.029	-0.1
5417	2709	1.028	-0.1
5418	2709	1.028	-0.1
5419	2710	1.027	-0.1
5420	2710	1.027	-0.1
5421	2711	1.026	-0.1
5422	2711	1.025	-0.1
5423	2712	1.025	-0.1
5424	2712	1.024	-0.1
5425	2713	1.024	-0.1
5426	2713	1.023	-0.1
5427	2714	1.023	-0.1
5428	2714	1.022	-0.1
5429	2715	1.022	-0.1
5430	2715	1.021	-0.1
5431	2716	1.021	-0.1
5432	2716	1.02	-0.1
5433	2717	1.02	-0.1
5434	2717	1.019	-0.1
5435	2718	1.018	-0.1
5436	2718	1.018	-0.1
5437	2719	1.017	-0.1
5438	2719	1.017	-0.1
5439	2720	1.016	-0.1
5440	2720	1.016	-0.1
5441	2721	1.015	-0.1
5442	2721	1.015	-0.1
5443	2722	1.014	-0.1
5444	2722	1.014	-0.1
5445	2723	1.013	-0.1
5446	2723	1.013	-0.1
5447	2724	1.012	-0.1
5448	2724	1.011	-0.1
5449	2725	1.011	-0.1
5450	2725	1.01	-0.1
5451	2726	1.01	-0.1
5452	2726	1.009	-0.1
5453	2727	1.009	-0.1
5454	2727	1.008	-0.1
5455	2728	1.008	-0.1
5456	2728	1.007	-0.1
5457	2729	1.007	-0.1
5458	2729	1.006	-0.1
5459	2730	1.006	-0.1
5460	2730	1.005	-0.1
5461	2731	1.005	-0.1
5462	2731	1.004	-0.1
5463	2732	1.003	-0.1
5464	2732	1.003	-0.1
5465	2733	1.002	-0.1
5466	2733	1.002	-0.1
5467	2734	1.001	-0.1
5468	2734	1.001	-0.1
5469	2735	1	-0.1
5470	2735	0.9997	-0.1
5471	2736	0.9992	-0.1
5472	2736	0.9987	-0.1
5473	2737	0.9981	-0.1
5474	2737	0.9976	-0.1
5475	2738	0.9971	-0.1
5476	2738	0.9966	-0.1
5477	2739	0.996	-0.1
5478	2739	0.9955	-0.1
5479	2740	0.995	-0.1
5480	2740	0.9944	-0.1
5481	2741	0.9939	-0.1
5482	2741	0.9934	-0.1
5483	2742	0.9929	-0.1
5484	2742	0.9923	-0.1
5485	2743	0.9918	-0.1
5486	2743	0.9913	-0.1
5487	2744	0.9908	-0.1
5488	2744	0.9902	-0.1
5489	2745	0.9897	-0.1
5490	2745	0.9892	-0.1
5491	2746	0.9887	-0.1
5492	2746	0.9882	-0.1
5493	2747	0.9876	-0.1
5494	2747	0.9871	-0.1
5495	2748	0.9866	-0.1
5496	2748	0.9861	-0.1
5497	2749	0.9856	-0.1
5498	2749	0.985	-0.1
5499	2750	0.9845	-0.1
5500	2750	0.984	-0.1
5501	2751	0.9835	-0.1
5502	2751	0.9829	-0.1
5503	2752	0.9824	-0.1
5504	2752	0.9819	-0.1
5505	2753	0.9814	-0.1
5506	2753	0.9808	-0.1
5507	2754	0.9803	-0.1
5508	2754	0.9798	-0.1
5509	2755	0.9793	-0.1
5510	2755	0.9788	-0.1
5511	2756	0.9783	-0.1
5512	2756	0.9777	-0.1
5513	2757	0.9772	-0.1
5514	2757	0.9767	-0.1
5515	2758	0.9762	-0.1
5516	2758	0.9757	-0.1
5517	2759	0.9752	-0.1
5518	2759	0.9747	-0.1
5519	2760	0.9741	-0.1
5520	2760	0.9736	-0.1
5521	2761	0.9731	-0.1
5522	2761	0.9726	-0.1
5523	2762	0.9721	-0.1
5524	2762	0.9716	-0.1
5525	2763	0.9711	-0.1
5526	2763	0.9705	-0.1
5527	2764	0.97	-0.1
5528	2764	0.9695	-0.1
5529	2765	0.969	-0.1
5530	2765	0.9685	-0.1
5531	2766	0.968	-0.1
5532	2766	0.9675	-0.1
5533	2767	0.967	-0.1
5534	2767	0.9665	-0.1
5535	2768	0.966	-0.1
5536	2768	0.9655	-0.1
5537	2769	0.9649	-0.1
5538	2769	0.9644	-0.1
5539	2770	0.9639	-0.1
5540	2770	0.9634	-0.1
5541	2771	0.9629	-0.1
5542	2771	0.9624	-0.1
5543	2772	0.9619	-0.1
5544	2772	0.9614	-0.1
5545	2773	0.9609	-0.1
5546	2773	0.9604	-0.1
5547	2774	0.9599	-0.1
5548	2774	0.9594	-0.1
5549	2775	0.9589	-0.1
5550	2775	0.9584	-0.1
5551	2776	0.9578	-0.1
5552	2776	0.9573	-0.1
5553	2777	0.9568	-0.1
5554	2777	0.9563	-0.1
5555	2778	0.9558	-0.1
5556	2778	0.9553	-0.1
5557	2779	0.9548	-0.1
5558	2779	0.9543	-0.1
5559	2780	0.9538	-0.1
5560	2780	0.9533	-0.1
5561	2781	0.9528	-0.1
5562	2781	0.9523	-0.1
5563	2782	0.9518	-0.1
5564	2782	0.9513	-0.1
5565	2783	0.9508	-0.1
5566	2783	0.9503	-0.1
5567	2784	0.9498	-0.1
5568	2784	0.9493	-0.1
5569	2785	0.9488	-0.1
5570	2785	0.9483	-0.1
5571	2786	0.9478	-0.1
5572	2786	0.9473	-0.1
5573	2787	0.9468	-0.1
5574	2787	0.9463	-0.1
5575	2788	0.9458	-0.1
5576	2788	0.9453	-0.1
5577	2789	0.9448	-0.1
5578	2789	0.9443	-0.1
5579	2790	0.9438	-0.1
5580	2790	0.9434	-0.1
5581	2791	0.9429	-0.1
5582	2791	0.9424	-0.1
5583	2792	0.9419	-0.1
5584	2792	0.9414	-0.1
5585	2793	0.9409	-0.1
5586	2793	0.9404	-0.1
5587	2794	0.9399	-0.1
5588	2794	0.9394	-0.1
5589	2795	0.9389	-0.1
5590	2795	0.9384	-0.1
5591	2796	0.9379	-0.1
5592	2796	0.9375	-0.1
5593	2797	0.937	-0.1
5594	2797	0.9365	-0.1
5595	2798	0.936	-0.1
5596	2798	0.9355	-0.1
5597	2799	0.935	-0.1
5598	2799	0.9345	-0.1
5599	2800	0.934	-0.1
5600	2800	0.9335	-0.1
5601	2801	0.933	-0.1
5602	2801	0.9326	-0.1
5603	2802	0.9321	-0.1
5604	2802	0.9316	-0.1
5605	2803	0.9311	-0.1
5606	2803	0.9306	-0.1
5607	2804	0.9301	-0.1
5608	2804	0.9297	-0.1
5609	2805	0.9292	-0.1
5610	2805	0.9287	-0.1
5611	2806	0.9282	-0.1
5612	2806	0.9277	-0.1
5613	2807	0.9272	-0.1
5614	2807	0.9268	-0.1
5615	2808	0.9263	-0.1
5616	2808	0.9258	-0.1
5617	2809	0.9253	-0.1
5618	2809	0.9248	-0.1
5619	2810	0.9244	-0.1
5620	2810	0.9239	-0.1
5621	2811	0.9234	-0.1
5622	2811	0.9229	-0.1
5623	2812	0.9224	-0.1
5624	2812	0.922	-0.1
5625	2813	0.9215	-0.1
5626	2813	0.921	-0.1
5627	2814	0.9205	-0.1
5628	2814	0.9201	-0.1
5629	2815	0.9196	-0.1
5630	2815	0.9191	-0.1
5631	2816	0.9186	-0.1
5632	2816	0.9182	-0.1
5633	2817	0.9177	-0.1
5634	2817	0.9172	-0.1
5635	2818	0.9167	-0.1
5636	2818	0.9163	-0.1
5637	2819	0.9158	-0.1
5638	2819	0.9153	-0.1
5639	2820	0.9148	-0.1
5640	2821	0.9144	-0.1
5641	2821	0.9139	-0.1
5642	2822	0.9134	-0.1
5643	2822	0.9129	-0.1
5644	2823	0.9125	-0.1
5645	2823	0.912	-0.1
5646	2824	0.9115	-0.1
5647	2824	0.9111	-0.1
5648	2825	0.9106	-0.1
5649	2825	0.9101	-0.1
5650	2826	0.9096	-0.1
5651	2826	0.9092	-0.1
5652	2827	0.9087	-0.1
5653	2827	0.9082	-0.1
5654	2828	0.9077	-0.1
5655	2828	0.9073	-0.1
5656	2829	0.9068	-0.1
5657	2829	0.9063	-0.1
5658	2830	0.9058	-0.1
5659	2830	0.9054	-0.1
5660	2831	0.9049	-0.1
5661	2831	0.9044	-0.1
5662	2832	0.904	-0.1
5663	2832	0.9035	-0.1
5664	2833	0.9031	-0.1
5665	2833	0.9026	-0.1
5666	2834	0.9021	-0.1
5667	2834	0.9017	-0.1
5668	2835	0.9012	-0.1
5669	2835	0.9007	-0.1
5670	2836	0.9003	-0.1
5671	2836	0.8998	-0.1
5672	2837	0.8994	-0.1
5673	2837	0.8989	-0.1
5674	2838	0.8984	-0.1
5675	2838	0.898	-0.1
5676	2839	0.8975	-0.1
5677	2839	0.897	-0.1
5678	2840	0.8966	-0.1
5679	2840	0.8961	-0.1
5680	2841	0.8957	-0.1
5681	2841	0.8952	-0.1
5682	2842	0.8947	-0.1
5683	2842	0.8943	-0.1
5684	2843	0.8938	-0.1
5685	2843	0.8934	-0.1
5686	2844	0.8929	-0.1
5687	2844	0.8925	-0.1
5688	2845	0.892	-0.1
5689	2845	0.8915	-0.1
5690	2846	0.8911	-0.1
5691	2846	0.8906	-0.1
5692	2847	0.8902	-0.1
5693	2847	0.8897	-0.1
5694	2848	0.8893	-0.1
5695	2848	0.8888	-0.1
5696	2849	0.8884	-0.1
5697	2849	0.8879	-0.1
5698	2850	0.8875	-0.1
5699	2850	0.887	-0.1
5700	2851	0.8865	-0.1
5701	2851	0.8861	-0.1
5702	2852	0.8856	-0.1
5703	2852	0.8852	-0.1
5704	2853	0.8847	-0.1
5705	2853	0.8843	-0.1
5706	2854	0.8838	-0.1
5707	2854	0.8834	-0.1
5708	2855	0.8829	-0.1
5709	2855	0.8825	-0.1
5710	2856	0.882	-0.1
5711	2856	0.8816	-0.1
5712	2857	0.8811	-0.1
5713	2857	0.8807	-0.1
5714	2858	0.8802	-0.1
5715	2858	0.8798	-0.1
5716	2859	0.8793	-0.1
5717	2859	0.8789	-0.1
5718	2860	0.8784	-0.1
5719	2860	0.878	-0.1
5720	2861	0.8775	-0.1
5721	2861	0.8771	-0.1
5722	2862	0.8766	-0.1
5723	2862	0.8762	-0.1
5724	2863	0.8757	-0.1
5725	2863	0.8753	-0.1
5726	2864	0.8748	-0.1
5727	2864	0.8744	-0.1
5728	2865	0.8739	-0.1
5729	2865	0.8735	-0.1
5730	2866	0.873	-0.1
5731	2866	0.8726	-0.1
5732	2867	0.8722	-0.1
5733	2867	0.8717	-0.1
5734	2868	0.8713	-0.1
5735	2868	0.8708	-0.1
5736	2869	0.8704	-0.1
5737	2869	0.8699	-0.1
5738	2870	0.8695	-0.1
5739	2870	0.8691	-0.1
5740	2871	0.8686	-0.1
5741	2871	0.8682	-0.1
5742	2872	0.8677	-0.1
5743	2872	0.8673	-0.1
5744	2873	0.8669	-0.1
5745	2873	0.8664	-0.1
5746	2874	0.866	-0.1
5747	2874	0.8655	-0.1
5748	2875	0.8651	-0.1
5749	2875	0.8647	-0.1
5750	2876	0.8642	-0.1
5751	2876	0.8638	-0.1
5752	2877	0.8633	-0.1
5753	2877	0.8629	-0.1
5754	2878	0.8624	-0.1
5755	2878	0.862	-0.1
5756	2879	0.8616	-0.1
5757	2879	0.8611	-0.1
5758	2880	0.8607	-0.1
5759	2880	0.8602	-0.1
5760	2881	0.8598	-0.1
5761	2881	0.8594	-0.1
5762	2882	0.8589	-0.1
5763	2882	0.8585	-0.1
5764	2883	0.858	-0.1
5765	2883	0.8576	-0.1
5766	2884	0.8572	-0.1
5767	2884	0.8567	-0.1
5768	2885	0.8563	-0.1
5769	2885	0.8558	-0.1
5770	2886	0.8554	-0.1
5771	2886	0.855	-0.1
5772	2887	0.8546	-0.1
5773	2887	0.8541	-0.1
5774	2888	0.8537	-0.1
5775	2888	0.8532	-0.1
5776	2889	0.8528	-0.1
5777	2889	0.8524	-0.1
5778	2890	0.8519	-0.1
5779	2890	0.8515	-0.1
5780	2891	0.8511	-0.1
5781	2891	0.8506	-0.1
5782	2892	0.8502	-0.1
5783	2892	0.8498	-0.1
5784	2893	0.8494	-0.1
5785	2893	0.8489	-0.1
5786	2894	0.8485	-0.1
5787	2894	0.8481	-0.1
5788	2895	0.8476	-0.1
5789	2895	0.8472	-0.1
5790	2896	0.8468	-0.1
5791	2896	0.8463	-0.1
5792	2897	0.8459	-0.1
5793	2897	0.8455	-0.1
5794	2898	0.8451	-0.1
5795	2898	0.8446	-0.1
5796	2899	0.8442	-0.1
5797	2899	0.8438	-0.1
5798	2900	0.8433	-0.1
5799	2900	0.8429	-0.1
5800	2901	0.8425	-0.1
5801	2901	0.8421	-0.1
5802	2902	0.8416	-0.1
5803	2902	0.8412	-0.1
5804	2903	0.8408	-0.1
5805	2903	0.8404	-0.1
5806	2904	0.8399	-0.1
5807	2904	0.8395	-0.1
5808	2905	0.8391	-0.1
5809	2905	0.8386	-0.1
5810	2906	0.8382	-0.1
5811	2906	0.8378	-0.1
5812	2907	0.8373	-0.1
5813	2907	0.8369	-0.1
5814	2908	0.8365	-0.1
5815	2908	0.8361	-0.1
5816	2909	0.8356	-0.1
5817	2909	0.8352	-0.1
5818	2910	0.8348	-0.1
5819	2910	0.8344	-0.1
5820	2911	0.834	-0.1
5821	2911	0.8335	-0.1
5822	2912	0.8331	-0.1
5823	2912	0.8327	-0.1
5824	2913	0.8323	-0.1
5825	2913	0.8318	-0.1
5826	2914	0.8314	-0.1
5827	2914	0.831	-0.1
5828	2915	0.8306	-0.1
5829	2915	0.8301	-0.1
5830	2916	0.8297	-0.1
5831	2916	0.8293	-0.1
5832	2917	0.8289	-0.1
5833	2917	0.8285	-0.1
5834	2918	0.828	-0.1
5835	2918	0.8276	-0.1
5836	2919	0.8272	-0.1
5837	2919	0.8268	-0.1
5838	2920	0.8263	-0.1
5839	2920	0.8259	-0.1
5840	2921	0.8255	-0.1
5841	2921	0.8251	-0.1
5842	2922	0.8247	-0.1
5843	2922	0.8242	-0.1
5844	2923	0.8238	-0.1
5845	2923	0.8234	-0.1
5846	2924	0.823	-0.1
5847	2924	0.8226	-0.1
5848	2925	0.8221	-0.1
5849	2925	0.8217	-0.1
5850	2926	0.8213	-0.1
5851	2926	0.8209	-0.1
5852	2927	0.8205	-0.1
5853	2927	0.82	-0.1
5854	2928	0.8196	-0.1
5855	2928	0.8192	-0.1
5856	2929	0.8188	-0.1
5857	2929	0.8184	-0.1
5858	2930	0.818	-0.1
5859	2930	0.8175	-0.1
5860	2931	0.8171	-0.1
5861	2931	0.8167	-0.1
5862	2932	0.8163	-0.1
5863	2932	0.8159	-0.1
5864	2933	0.8155	-0.1
5865	2933	0.815	-0.1
5866	2934	0.8146	-0.1
5867	2934	0.8142	-0.1
5868	2935	0.8138	-0.1
5869	2935	0.8133	-0.1
5870	2936	0.8129	-0.1
5871	2936	0.8125	-0.1
5872	2937	0.8121	-0.1
5873	2937	0.8117	-0.1
5874	2938	0.8113	-0.1
5875	2938	0.8109	-0.1
5876	2939	0.8104	-0.1
5877	2939	0.81	-0.1
5878	2940	0.8096	-0.1
5879	2940	0.8092	-0.1
5880	2941	0.8087	-0.1
5881	2941	0.8083	-0.1
5882	2942	0.8079	-0.1
5883	2942	0.8075	-0.1
5884	2943	0.8071	-0.1
5885	2943	0.8067	-0.1
5886	2944	0.8063	-0.1
5887	2944	0.8058	-0.1
5888	2945	0.8054	-0.1
5889	2945	0.805	-0.1
5890	2946	0.8046	-0.1
5891	2946	0.8042	-0.1
5892	2947	0.8038	-0.1
5893	2947	0.8034	-0.1
5894	2948	0.803	-0.1
5895	2948	0.8025	-0.1
5896	2949	0.8021	-0.1
5897	2949	0.8017	-0.1
5898	2950	0.8013	-0.1
5899	2950	0.8009	-0.1
5900	2951	0.8005	-0.1
5901	2951	0.8001	-0.1
5902	2952	0.7996	-0.1
5903	2952	0.7992	-0.1
5904	2953	0.7988	-0.1
5905	2953	0.7984	-0.1
5906	2954	0.798	-0.1
5907	2954	0.7976	-0.1
5908	2955	0.7972	-0.1
5909	2955	0.7968	-0.1
5910	2956	0.7964	-0.1
5911	2956	0.7959	-0.1
5912	2957	0.7955	-0.1
5913	2957	0.7951	-0.1
5914	2958	0.7947	-0.1
5915	2958	0.7943	-0.1
5916	2959	0.7939	-0.1
5917	2959	0.7935	-0.1
5918	2960	0.7931	-0.1
5919	2960	0.7927	-0.1
5920	2961	0.7923	-0.1
5921	2961	0.7918	-0.1
5922	2962	0.7914	-0.1
5923	2962	0.791	-0.1
5924	2963	0.7906	-0.1
5925	2963	0.7902	-0.1
5926	2964	0.7898	-0.1
5927	2964	0.7894	-0.1
5928	2965	0.789	-0.1
5929	2965	0.7885	-0.1
5930	2966	0.7881	-0.1
5931	2966	0.7877	-0.1
5932	2967	0.7873	-0.1
5933	2967	0.7869	-0.1
5934	2968	0.7865	-0.1
5935	2968	0.7861	-0.1
5936	2969	0.7857	-0.1
5937	2969	0.7853	-0.1
5938	2970	0.7849	-0.1
5939	2970	0.7845	-0.1
5940	2971	0.784	-0.1
5941	2971	0.7836	-0.1
5942	2972	0.7832	-0.1
5943	2972	0.7828	-0.1
5944	2973	0.7824	-0.1
5945	2973	0.782	-0.1
5946	2974	0.7816	-0.1
5947	2974	0.7812	-0.1
5948	2975	0.7808	-0.1
5949	2975	0.7804	-0.1
5950	2976	0.78	-0.1
5951	2976	0.7796	-0.1
5952	2977	0.7792	-0.1
5953	2977	0.7788	-0.1
5954	2978	0.7783	-0.1
5955	2978	0.7779	-0.1
5956	2979	0.7775	-0.1
5957	2979	0.7771	-0.1
5958	2980	0.7767	-0.1
5959	2980	0.7763	-0.1
5960	2981	0.7759	-0.1
5961	2981	0.7755	-0.1
5962	2982	0.7751	-0.1
5963	2982	0.7747	-0.1
5964	2983	0.7743	-0.1
5965	2983	0.7739	-0.1
5966	2984	0.7735	-0.1
5967	2984	0.7731	-0.1
5968	2985	0.7727	-0.1
5969	2985	0.7723	-0.1
5970	2986	0.7719	-0.1
5971	2986	0.7715	-0.1
5972	2987	0.771	-0.1
5973	2987	0.7706	-0.1
5974	2988	0.7702	-0.1
5975	2988	0.7698	-0.1
5976	2989	0.7694	-0.1
5977	2989	0.769	-0.1
5978	2990	0.7686	-0.1
5979	2990	0.7682	-0.1
5980	2991	0.7678	-0.1
5981	2991	0.7674	-0.1
5982	2992	0.767	-0.1
5983	2992	0.7665	-0.1
5984	2993	0.7661	-0.1
5985	2993	0.7657	-0.1
5986	2994	0.7653	-0.1
5987	2994	0.7649	-0.1
5988	2995	0.7645	-0.1
5989	2995	0.7641	-0.1
5990	2996	0.7637	-0.1
5991	2996	0.7633	-0.1
5992	2997	0.7629	-0.1
5993	2997	0.7625	-0.1
5994	2998	0.7621	-0.1
5995	2998	0.7617	-0.1
5996	2999	0.7613	-0.1
5997	2999	0.7609	-0.1
5998	3000	0.7605	-0.1
5999	3000	0.7601	-0.1
6000	3001	0.7597	-0.1
6001	3001	0.7593	-0.1
6002	3002	0.7589	-0.1
6003	3002	0.7584	-0.1
6004	3003	0.758	-0.1
6005	3003	0.7576	-0.1
6006	3004	0.7572	-0.1
6007	3004	0.7568	-0.1
6008	3005	0.7564	-0.1
6009	3005	0.756	-0.1
6010	3006	0.7556	-0.1
6011	3006	0.7552	-0.1
6012	3007	0.7548	-0.1
6013	3007	0.7544	-0.1
6014	3008	0.754	-0.1
6015	3008	0.7536	-0.1
6016	3009	0.7532	-0.1
6017	3009	0.7528	-0.1
6018	3010	0.7524	-0.1
6019	3010	0.752	-0.1
6020	3011	0.7516	-0.1
6021	3011	0.7512	-0.1
6022	3012	0.7508	-0.1
6023	3012	0.7504	-0.1
6024	3013	0.75	-0.1
6025	3013	0.7496	-0.1
6026	3014	0.7492	-0.1
6027	3014	0.7488	-0.1
6028	3015	0.7484	-0.1
6029	3015	0.748	-0.1
6030	3016	0.7476	-0.1
6031	3016	0.7472	-0.1
6032	3017	0.7468	-0.1
6033	3017	0.7464	-0.1
6034	3018	0.746	-0.1
6035	3018	0.7456	-0.1
6036	3019	0.7452	-0.1
6037	3019	0.7448	-0.1
6038	3020	0.7444	-0.1
6039	3020	0.744	-0.1
6040	3021	0.7436	-0.1
6041	3021	0.7432	-0.1
6042	3022	0.7428	-0.1
6043	3022	0.7424	-0.1
6044	3023	0.742	-0.1
6045	3023	0.7416	-0.1
6046	3024	0.7412	-0.1
6047	3024	0.7408	-0.1
6048	3025	0.7404	-0.1
6049	3025	0.74	-0.1
6050	3026	0.7396	-0.1
6051	3026	0.7392	-0.1
6052	3027	0.7388	-0.1
6053	3027	0.7384	-0.1
6054	3028	0.738	-0.1
6055	3028	0.7376	-0.1
6056	3029	0.7372	-0.1
6057	3029	0.7368	-0.1
6058	3030	0.7364	-0.1
6059	3030	0.736	-0.1
6060	3031	0.7356	-0.1
6061	3031	0.7352	-0.1
6062	3032	0.7348	-0.1
6063	3032	0.7344	-0.1
6064	3033	0.734	-0.1
6065	3033	0.7336	-0.1
6066	3034	0.7332	-0.1
6067	3034	0.7328	-0.1
6068	3035	0.7324	-0.1
6069	3035	0.732	-0.1
6070	3036	0.7316	-0.1
6071	3036	0.7312	-0.1
6072	3037	0.7308	-0.1
6073	3037	0.7304	-0.1
6074	3038	0.73	-0.1
6075	3038	0.7296	-0.1
6076	3039	0.7292	-0.1
6077	3039	0.7288	-0.1
6078	3040	0.7284	-0.1
6079	3040	0.728	-0.1
6080	3041	0.7276	-0.1
6081	3041	0.7272	-0.1
6082	3042	0.7268	-0.1
6083	3042	0.7264	-0.1
6084	3043	0.726	-0.1
6085	3043	0.7256	-0.1
6086	3044	0.7252	-0.1
6087	3044	0.7248	-0.1
6088	3045	0.7244	-0.1
6089	3045	0.724	-0.1
6090	3046	0.7236	-0.1
6091	3046	0.7232	-0.1
6092	3047	0.7228	-0.1
6093	3047	0.7224	-0.1
6094	3048	0.722	-0.1
6095	3048	0.7216	-0.1
6096	3049	0.7212	-0.1
6097	3049	0.7208	-0.1
6098	3050	0.7204	-0.1
6099	3050	0.72	-0.1
6100	3051	0.7196	-0.1
6101	3051	0.7192	-0.1
6102	3052	0.7188	-0.1
6103	3052	0.7184	-0.1
6104	3053	0.718	-0.1
6105	3053	0.7176	-0.1
6106	3054	0.7172	-0.1
6107	3054	0.7168	-0.1
6108	3055	0.7164	-0.1
6109	3055	0.716	-0.1
6110	3056	0.7156	-0.1
6111	3056	0.7152	-0.1
6112	3057	0.7148	-0.1
6113	3057	0.7144	-0.1
6114	3058	0.714	-0.1
6115	3058	0.7136	-0.1
6116	3059	0.7132	-0.1
6117	3059	0.7128	-0.1
6118	3060	0.7124	-0.1
6119	3060	0.712	-0.1
6120	3061	0.7116	-0.1
6121	3061	0.7112	-0.1
6122	3062	0.7108	-0.1
6123	3062	0.7104	-0.1
6124	3063	0.71	-0.1
6125	3063	0.7096	-0.1
6126	3064	0.7092	-0.1
6127	3064	0.7088	-0.1
6128	3065	0.7084	-0.1
6129	3065	0.708	-0.1
6130	3066	0.7076	-0.1
6131	3066	0.7072	-0.1
6132	3067	0.7068	-0.1
6133	3067	0.7064	-0.1
6134	3068	0.706	-0.1
6135	3068	0.7056	-0.1
6136	3069	0.7052	-0.1
6137	3069	0.7049	-0.1
6138	3070	0.7045	-0.1
6139	3070	0.7041	-0.1
6140	3071	0.7037	-0.1
6141	3071	0.7033	-0.1
6142	3072	0.7029	-0.1
6143	3072	0.7025	-0.1
6144	3073	0.7021	-0.1
6145	3073	0.7017	-0.1
6146	3074	0.7013	-0.1
6147	3074	0.7009	-0.1
6148	3075	0.7005	-0.1
6149	3075	0.7001	-0.1
6150	3076	0.6997	-0.1
6151	3076	0.6993	-0.1
6152	3077	0.6989	-0.1
6153	3077	0.6985	-0.1
6154	3078	0.6981	-0.1
6155	3078	0.6977	-0.1
6156	3079	0.6973	-0.1
6157	3079	0.6969	-0.1
6158	3080	0.6965	-0.1
6159	3080	0.6961	-0.1
6160	3081	0.6957	-0.1
6161	3081	0.6953	-0.1
6162	3082	0.6949	-0.1
6163	3082	0.6945	-0.1
6164	3083	0.6941	-0.1
6165	3083	0.6937	-0.1
6166	3084	0.6933	-0.1
6167	3084	0.6929	-0.1
6168	3085	0.6926	-0.1
6169	3085	0.6922	-0.1
6170	3086	0.6918	-0.1
6171	3086	0.6914	-0.1
6172	3087	0.691	-0.1
6173	3087	0.6906	-0.1
6174	3088	0.6902	-0.1
6175	3088	0.6898	-0.1
6176	3089	0.6894	-0.1
6177	3089	0.689	-0.1
6178	3090	0.6886	-0.1
6179	3090	0.6882	-0.1
6180	3091	0.6878	-0.1
6181	3091	0.6874	-0.1
6182	3092	0.687	-0.1
6183	3092	0.6866	-0.1
6184	3093	0.6862	-0.1
6185	3093	0.6858	-0.1
6186	3094	0.6854	-0.1
6187	3094	0.685	-0.1
6188	3095	0.6847	-0.1
6189	3095	0.6843	-0.1
6190	3096	0.6839	-0.1
6191	3096	0.6835	-0.1
6192	3097	0.6831	-0.1
6193	3097	0.6827	-0.1
6194	3098	0.6823	-0.1
6195	3098	0.6819	-0.1
6196	3099	0.6815	-0.1
6197	3099	0.6811	-0.1
6198	3100	0.6807	-0.1
6199	3100	0.6803	-0.1
6200	3101	0.6799	-0.1
6201	3101	0.6795	-0.1
6202	3102	0.6791	-0.1
6203	3102	0.6787	-0.1
6204	3103	0.6783	-0.1
6205	3103	0.6779	-0.1
6206	3104	0.6775	-0.1
6207	3104	0.6771	-0.1
6208	3105	0.6767	-0.1
6209	3105	0.6763	-0.1
6210	3106	0.6759	-0.1
6211	3106	0.6755	-0.1
6212	3107	0.6751	-0.1
6213	3107	0.6747	-0.1
6214	3108	0.6743	-0.1
6215	3108	0.6739	-0.1
6216	3109	0.6735	-0.1
6217	3109	0.6731	-0.1
6218	3110	0.6727	-0.1
6219	3110	0.6724	-0.1
6220	3111	0.672	-0.1
6221	3111	0.6716	-0.1
6222	3112	0.6712	-0.1
6223	3112	0.6708	-0.1
6224	3113	0.6704	-0.1
6225	3113	0.67	-0.1
6226	3114	0.6696	-0.1
6227	3114	0.6692	-0.1
6228	3115	0.6688	-0.1
6229	3115	0.6684	-0.1
6230	3116	0.668	-0.1
6231	3116	0.6676	-0.1
6232	3117	0.6672	-0.1
6233	3117	0.6668	-0.1
6234	3118	0.6664	-0.1
6235	3118	0.666	-0.1
6236	3119	0.6656	-0.1
6237	3119	0.6652	-0.1
6238	3120	0.6648	-0.1
6239	3120	0.6644	-0.1
6240	3121	0.664	-0.1
6241	3121	0.6636	-0.1
6242	3122	0.6632	-0.1
6243	3122	0.6628	-0.1
6244	3123	0.6625	-0.1
6245	3123	0.6621	-0.1
6246	3124	0.6617	-0.1
6247	3124	0.6613	-0.1
6248	3125	0.6609	-0.1
6249	3125	0.6605	-0.1
6250	3126	0.6601	-0.1
6251	3126	0.6597	-0.1
6252	3127	0.6593	-0.1
6253	3127	0.6589	-0.1
6254	3128	0.6585	-0.1
6255	3128	0.6581	-0.1
6256	3129	0.6577	-0.1
6257	3129	0.6573	-0.1
6258	3130	0.6569	-0.1
6259	3130	0.6565	-0.1
6260	3131	0.6561	-0.1
6261	3131	0.6557	-0.1
6262	3132	0.6553	-0.1
6263	3132	0.6549	-0.1
6264	3133	0.6545	-0.1
6265	3133	0.6541	-0.1
6266	3134	0.6537	-0.1
6267	3134	0.6534	-0.1
6268	3135	0.653	-0.1
6269	3135	0.6526	-0.1
6270	3136	0.6522	-0.1
6271	3136	0.6518	-0.1
6272	3137	0.6514	-0.1
6273	3137	0.651	-0.1
6274	3138	0.6506	-0.1
6275	3138	0.6502	-0.1
6276	3139	0.6498	-0.1
6277	3139	0.6494	-0.1
6278	3140	0.649	-0.1
6279	3140	0.6486	-0.1
6280	3141	0.6482	-0.1
6281	3141	0.6478	-0.1
6282	3142	0.6474	-0.1
6283	3142	0.647	-0.1
6284	3143	0.6466	-0.1
6285	3143	0.6462	-0.1
6286	3144	0.6458	-0.1
6287	3144	0.6454	-0.1
6288	3145	0.645	-0.1
6289	3145	0.6446	-0.1
6290	3146	0.6442	-0.1
6291	3146	0.6438	-0.1
6292	3147	0.6434	-0.1
6293	3147	0.6431	-0.1
6294	3148	0.6427	-0.1
6295	3148	0.6423	-0.1
6296	3149	0.6419	-0.1
6297	3149	0.6415	-0.1
6298	3150	0.6411	-0.1
6299	3150	0.6407	-0.1
6300	3151	0.6403	-0.1
6301	3151	0.6399	-0.1
6302	3152	0.6395	-0.1
6303	3152	0.6391	-0.1
6304	3153	0.6387	-0.1
6305	3153	0.6383	-0.1
6306	3154	0.6379	-0.1
6307	3154	0.6375	-0.1
6308	3155	0.6371	-0.1
6309	3155	0.6367	-0.1
6310	3156	0.6363	-0.1
6311	3156	0.6359	-0.1
6312	3157	0.6355	-0.1
6313	3157	0.6351	-0.1
6314	3158	0.6347	-0.1
6315	3158	0.6343	-0.1
6316	3159	0.6339	-0.1
6317	3159	0.6336	-0.1
6318	3160	0.6332	-0.1
6319	3160	0.6328	-0.1
6320	3161	0.6324	-0.1
6321	3161	0.632	-0.1
6322	3162	0.6316	-0.1
6323	3162	0.6312	-0.1
6324	3163	0.6308	-0.1
6325	3163	0.6304	-0.1
6326	3164	0.63	-0.1
6327	3164	0.6296	-0.1
6328	3165	0.6292	-0.1
6329	3165	0.6288	-0.1
6330	3166	0.6284	-0.1
6331	3166	0.628	-0.1
6332	3167	0.6276	-0.1
6333	3167	0.6272	-0.1
6334	3168	0.6268	-0.1
6335	3168	0.6264	-0.1
6336	3169	0.626	-0.1
6337	3169	0.6256	-0.1
6338	3170	0.6252	-0.1
6339	3170	0.6248	-0.1
6340	3171	0.6244	-0.1
6341	3171	0.624	-0.1
6342	3172	0.6236	-0.1
6343	3172	0.6232	-0.1
6344	3173	0.6228	-0.1
6345	3173	0.6224	-0.1
6346	3174	0.622	-0.1
6347	3174	0.6216	-0.1
6348	3175	0.6212	-0.1
6349	3175	0.6208	-0.1
6350	3176	0.6205	-0.1
6351	3176	0.6201	-0.1
6352	3177	0.6197	-0.1
6353	3177	0.6193	-0.1
6354	3178	0.6189	-0.1
6355	3178	0.6185	-0.1
6356	3179	0.6181	-0.1
6357	3179	0.6177	-0.1
6358	3180	0.6173	-0.1
6359	3180	0.6169	-0.1
6360	3181	0.6165	-0.1
6361	3181	0.6161	-0.1
6362	3182	0.6157	-0.1
6363	3182	0.6153	-0.1
6364	3183	0.6149	-0.1
6365	3183	0.6145	-0.1
6366	3184	0.6141	-0.1
6367	3184	0.6137	-0.1
6368	3185	0.6134	-0.1
6369	3185	0.613	-0.1
6370	3186	0.6126	-0.1
6371	3186	0.6122	-0.1
6372	3187	0.6118	-0.1
6373	3187	0.6114	-0.1
6374	3188	0.611	-0.1
6375	3188	0.6106	-0.1
6376	3189	0.6102	-0.1
6377	3189	0.6098	-0.1
6378	3190	0.6094	-0.1
6379	3190	0.609	-0.1
6380	3191	0.6086	-0.1
6381	3191	0.6082	-0.1
6382	3192	0.6078	-0.1
6383	3192	0.6074	-0.1
6384	3193	0.6071	-0.1
6385	3193	0.6067	-0.1
6386	3194	0.6063	-0.1
6387	3194	0.6059	-0.1
6388	3195	0.6055	-0.1
6389	3195	0.6051	-0.1
6390	3196	0.6047	-0.1
6391	3196	0.6043	-0.1
6392	3197	0.6039	-0.1
6393	3197	0.6035	-0.1
6394	3198	0.6031	-0.1
6395	3198	0.6027	-0.1
6396	3199	0.6023	-0.1
6397	3199	0.6019	-0.1
6398	3200	0.6015	-0.1
6399	3200	0.6012	-0.1
6400	3201	0.6008	-0.1
6401	3201	0.6004	-0.1
6402	3202	0.6	-0.1
6403	3202	0.5996	-0.1
6404	3203	0.5992	-0.1
6405	3203	0.5988	-0.1
6406	3204	0.5984	-0.1
6407	3204	0.598	-0.1
6408	3205	0.5976	-0.1
6409	3205	0.5972	-0.1
6410	3206	0.5968	-0.1
6411	3206	0.5964	-0.1
6412	3207	0.596	-0.1
6413	3207	0.5956	-0.1
6414	3208	0.5952	-0.1
6415	3208	0.5948	-0.1
6416	3209	0.5945	-0.1
6417	3209	0.5941	-0.1
6418	3210	0.5937	-0.1
6419	3210	0.5933	-0.1
6420	3211	0.5929	-0.1
6421	3211	0.5925	-0.1
6422	3212	0.5921	-0.1
6423	3212	0.5917	-0.1
6424	3213	0.5913	-0.1
6425	3213	0.5909	-0.1
6426	3214	0.5905	-0.1
6427	3214	0.5901	-0.1
6428	3215	0.5898	-0.1
6429	3215	0.5894	-0.1
6430	3216	0.589	-0.1
6431	3216	0.5886	-0.1
6432	3217	0.5882	-0.1
6433	3217	0.5878	-0.1
6434	3218	0.5874	-0.1
6435	3218	0.587	-0.1
6436	3219	0.5866	-0.1
6437	3219	0.5862	-0.1
6438	3220	0.5858	-0.1
6439	3220	0.5854	-0.1
6440	3221	0.5851	-0.1
6441	3221	0.5847	-0.1
6442	3222	0.5843	-0.1
6443	3222	0.5839	-0.1
6444	3223	0.5835	-0.1
6445	3223	0.5831	-0.1
6446	3224	0.5827	-0.1
6447	3224	0.5823	-0.1
6448	3225	0.5819	-0.1
6449	3225	0.5816	-0.1
6450	3226	0.5812	-0.1
6451	3226	0.5808	-0.1
6452	3227	0.5804	-0.1
6453	3227	0.58	-0.1
6454	3228	0.5796	-0.1
6455	3228	0.5792	-0.1
6456	3229	0.5788	-0.1
6457	3229	0.5784	-0.1
6458	3230	0.578	-0.1
6459	3230	0.5776	-0.1
6460	3231	0.5772	-0.1
6461	3231	0.5768	-0.1
6462	3232	0.5765	-0.1
6463	3232	0.5761	-0.1
6464	3233	0.5757	-0.1
6465	3233	0.5753	-0.1
6466	3234	0.5749	-0.1
6467	3234	0.5745	-0.1
6468	3235	0.5741	-0.1
6469	3235	0.5737	-0.1
6470	3236	0.5733	-0.1
6471	3236	0.5729	-0.1
6472	3237	0.5725	-0.1
6473	3237	0.5722	-0.1
6474	3238	0.5718	-0.1
6475	3238	0.5714	-0.1
6476	3239	0.571	-0.1
6477	3239	0.5706	-0.1
6478	3240	0.5702	-0.1
6479	3240	0.5698	-0.1
6480	3241	0.5694	-0.1
6481	3241	0.5691	-0.1
6482	3242	0.5687	-0.1
6483	3242	0.5683	-0.1
6484	3243	0.5679	-0.1
6485	3243	0.5675	-0.1
6486	3244	0.5671	-0.1
6487	3244	0.5667	-0.1
6488	3245	0.5663	-0.1
6489	3245	0.566	-0.1
6490	3246	0.5656	-0.1
6491	3246	0.5652	-0.1
6492	3247	0.5648	-0.1
6493	3247	0.5644	-0.1
6494	3248	0.564	-0.1
6495	3248	0.5636	-0.1
6496	3249	0.5633	-0.1
6497	3249	0.5629	-0.1
6498	3250	0.5625	-0.1
6499	3250	0.5621	-0.1
6500	3251	0.5617	-0.1
6501	3251	0.5613	-0.1
6502	3252	0.5609	-0.1
6503	3252	0.5605	-0.1
6504	3253	0.5602	-0.1
6505	3253	0.5598	-0.1
6506	3254	0.5594	-0.1
6507	3254	0.559	-0.1
6508	3255	0.5586	-0.1
6509	3255	0.5582	-0.1
6510	3256	0.5579	-0.1
6511	3256	0.5575	-0.1
6512	3257	0.5571	-0.1
6513	3257	0.5567	-0.1
6514	3258	0.5563	-0.1
6515	3258	0.5559	-0.1
6516	3259	0.5555	-0.1
6517	3259	0.5552	-0.1
6518	3260	0.5548	-0.1
6519	3260	0.5544	-0.1
6520	3261	0.554	-0.1
6521	3261	0.5536	-0.1
6522	3262	0.5532	-0.1
6523	3262	0.5529	-0.1
6524	3263	0.5525	-0.1
6525	3263	0.5521	-0.1
6526	3264	0.5517	-0.1
6527	3264	0.5513	-0.1
6528	3265	0.5509	-0.1
6529	3265	0.5505	-0.1
6530	3266	0.5501	-0.1
6531	3266	0.5498	-0.1
6532	3267	0.5494	-0.1
6533	3267	0.549	-0.1
6534	3268	0.5486	-0.1
6535	3268	0.5482	-0.1
6536	3269	0.5479	-0.1
6537	3269	0.5475	-0.1
6538	3270	0.5471	-0.1
6539	3270	0.5467	-0.1
6540	3271	0.5463	-0.1
6541	3271	0.5459	-0.1
6542	3272	0.5456	-0.1
6543	3272	0.5452	-0.1
6544	3273	0.5448	-0.1
6545	3273	0.5444	-0.1
6546	3274	0.544	-0.1
6547	3274	0.5437	-0.1
6548	3275	0.5433	-0.1
6549	3275	0.5429	-0.1
6550	3276	0.5425	-0.1
6551	3276	0.5421	-0.1
6552	3277	0.5418	-0.1
6553	3277	0.5414	-0.1
6554	3278	0.541	-0.1
6555	3278	0.5406	-0.1
6556	3279	0.5402	-0.1
6557	3279	0.5399	-0.1
6558	3280	0.5395	-0.1
6559	3280	0.5391	-0.1
6560	3281	0.5387	-0.1
6561	3281	0.5383	-0.1
6562	3282	0.5379	-0.1
6563	3282	0.5376	-0.1
6564	3283	0.5372	-0.1
6565	3283	0.5368	-0.1
6566	3284	0.5364	-0.1
6567	3284	0.536	-0.1
6568	3285	0.5357	-0.1
6569	3285	0.5353	-0.1
6570	3286	0.5349	-0.1
6571	3286	0.5345	-0.1
6572	3287	0.5342	-0.1
6573	3287	0.5338	-0.1
6574	3288	0.5334	-0.1
6575	3288	0.533	-0.1
6576	3289	0.5326	-0.1
6577	3289	0.5323	-0.1
6578	3290	0.5319	-0.1
6579	3290	0.5315	-0.1
6580	3291	0.5311	-0.1
6581	3291	0.5308	-0.1
6582	3292	0.5304	-0.1
6583	3292	0.53	-0.1
6584	3293	0.5296	-0.1
6585	3293	0.5292	-0.1
6586	3294	0.5289	-0.1
6587	3294	0.5285	-0.1
6588	3295	0.5281	-0.1
6589	3295	0.5277	-0.1
6590	3296	0.5273	-0.1
6591	3296	0.5269	-0.1
6592	3297	0.5266	-0.1
6593	3297	0.5262	-0.1
6594	3298	0.5258	-0.1
6595	3298	0.5254	-0.1
6596	3299	0.525	-0.1
6597	3299	0.5247	-0.1
6598	3300	0.5243	-0.1
6599	3300	0.5239	-0.1
6600	3301	0.5235	-0.1
6601	3301	0.5232	-0.1
6602	3302	0.5228	-0.1
6603	3302	0.5224	-0.1
6604	3303	0.522	-0.1
6605	3303	0.5217	-0.1
6606	3304	0.5213	-0.1
6607	3304	0.5209	-0.1
6608	3305	0.5206	-0.1
6609	3305	0.5202	-0.1
6610	3306	0.5198	-0.1
6611	3306	0.5194	-0.1
6612	3307	0.5191	-0.1
6613	3307	0.5187	-0.1
6614	3308	0.5183	-0.1
6615	3308	0.518	-0.1
6616	3309	0.5176	-0.1
6617	3309	0.5172	-0.1
6618	3310	0.5168	-0.1
6619	3310	0.5165	-0.1
6620	3311	0.5161	-0.1
6621	3311	0.5157	-0.1
6622	3312	0.5153	-0.1
6623	3312	0.515	-0.1
6624	3313	0.5146	-0.1
6625	3313	0.5142	-0.1
6626	3314	0.5139	-0.1
6627	3314	0.5135	-0.1
6628	3315	0.5131	-0.1
6629	3315	0.5127	-0.1
6630	3316	0.5124	-0.1
6631	3316	0.512	-0.1
6632	3317	0.5116	-0.1
6633	3317	0.5113	-0.1
6634	3318	0.5109	-0.1
6635	3318	0.5105	-0.1
6636	3319	0.5102	-0.1
6637	3319	0.5098	-0.1
6638	3320	0.5094	-0.1
6639	3320	0.509	-0.1
6640	3321	0.5087	-0.1
6641	3321	0.5083	-0.1
6642	3322	0.5079	-0.1
6643	3322	0.5076	-0.1
6644	3323	0.5072	-0.1
6645	3323	0.5068	-0.1
6646	3324	0.5065	-0.1
6647	3324	0.5061	-0.1
6648	3325	0.5057	-0.1
6649	3325	0.5054	-0.1
6650	3326	0.505	-0.1
6651	3326	0.5046	-0.1
6652	3327	0.5043	-0.1
6653	3327	0.5039	-0.1
6654	3328	0.5035	-0.1
6655	3328	0.5031	-0.1
6656	3329	0.5028	-0.1
6657	3329	0.5024	-0.1
6658	3330	0.502	-0.1
6659	3330	0.5017	-0.1
6660	3331	0.5013	-0.1
6661	3331	0.5009	-0.1
6662	3332	0.5006	-0.1
6663	3333	0.5002	-0.1
6664	3333	0.4998	-0.1
6665	3334	0.4995	-0.1
6666	3334	0.4991	-0.1
6667	3335	0.4987	-0.1
6668	3335	0.4984	-0.1
6669	3336	0.498	-0.1
6670	3336	0.4977	-0.1
6671	3337	0.4973	-0.1
6672	3337	0.4969	-0.1
6673	3338	0.4966	-0.1
6674	3338	0.4962	-0.1
6675	3339	0.4958	-0.1
6676	3339	0.4955	-0.1
6677	3340	0.4951	-0.1
6678	3340	0.4947	-0.1
6679	3341	0.4944	-0.1
6680	3341	0.494	-0.1
6681	3342	0.4937	-0.1
6682	3342	0.4933	-0.1
6683	3343	0.4929	-0.1
6684	3343	0.4926	-0.1
6685	3344	0.4922	-0.1
6686	3344	0.4918	-0.1
6687	3345	0.4915	-0.1
6688	3345	0.4911	-0.1
6689	3346	0.4907	-0.1
6690	3346	0.4904	-0.1
6691	3347	0.49	-0.1
6692	3347	0.4897	-0.1
6693	3348	0.4893	-0.1
6694	3348	0.4889	-0.1
6695	3349	0.4886	-0.1
6696	3349	0.4882	-0.1
6697	3350	0.4879	-0.1
6698	3350	0.4875	-0.1
6699	3351	0.4871	-0.1
6700	3351	0.4868	-0.1
6701	3352	0.4864	-0.1
6702	3352	0.4861	-0.1
6703	3353	0.4857	-0.1
6704	3353	0.4853	-0.1
6705	3354	0.485	-0.1
6706	3354	0.4846	-0.1
6707	3355	0.4843	-0.1
6708	3355	0.4839	-0.1
6709	3356	0.4835	-0.1
6710	3356	0.4832	-0.1
6711	3357	0.4828	-0.1
6712	3357	0.4825	-0.1
6713	3358	0.4821	-0.1
6714	3358	0.4818	-0.1
6715	3359	0.4814	-0.1
6716	3359	0.481	-0.1
6717	3360	0.4807	-0.1
6718	3360	0.4803	-0.1
6719	3361	0.48	-0.1
6720	3361	0.4796	-0.1
6721	3362	0.4792	-0.1
6722	3362	0.4789	-0.1
6723	3363	0.4785	-0.1
6724	3363	0.4781	-0.1
6725	3364	0.4778	-0.1
6726	3364	0.4774	-0.1
6727	3365	0.4771	-0.1
6728	3365	0.4767	-0.1
6729	3366	0.4764	-0.1
6730	3366	0.476	-0.1
6731	3367	0.4756	-0.1
6732	3367	0.4753	-0.1
6733	3368	0.4749	-0.1
6734	3368	0.4746	-0.1
6735	3369	0.4742	-0.1
6736	3369	0.4739	-0.1
6737	3370	0.4735	-0.1
6738	3370	0.4732	-0.1
6739	3371	0.4728	-0.1
6740	3371	0.4725	-0.1
6741	3372	0.4721	-0.1
6742	3372	0.4718	-0.1
6743	3373	0.4714	-0.1
6744	3373	0.4711	-0.1
6745	3374	0.4707	-0.1
6746	3374	0.4704	-0.1
6747	3375	0.47	-0.1
6748	3375	0.4697	-0.1
6749	3376	0.4693	-0.1
6750	3376	0.469	-0.1
6751	3377	0.4686	-0.1
6752	3377	0.4683	-0.1
6753	3378	0.4679	-0.1
6754	3378	0.4676	-0.1
6755	3379	0.4672	-0.1
6756	3379	0.4668	-0.1
6757	3380	0.4665	-0.1
6758	3380	0.4661	-0.1
6759	3381	0.4658	-0.1
6760	3381	0.4654	-0.1
6761	3382	0.4651	-0.1
6762	3382	0.4647	-0.1
6763	3383	0.4644	-0.1
6764	3383	0.464	-0.1
6765	3384	0.4637	-0.1
6766	3384	0.4634	-0.1
6767	3385	0.463	-0.1
6768	3385	0.4626	-0.1
6769	3386	0.4623	-0.1
6770	3386	0.462	-0.1
6771	3387	0.4616	-0.1
6772	3387	0.4613	-0.1
6773	3388	0.4609	-0.1
6774	3388	0.4606	-0.1
6775	3389	0.4602	-0.1
6776	3389	0.4599	-0.1
6777	3390	0.4595	-0.1
6778	3390	0.4592	-0.1
6779	3391	0.4588	-0.1
6780	3391	0.4585	-0.1
6781	3392	0.4581	-0.1
6782	3392	0.4578	-0.1
6783	3393	0.4575	-0.1
6784	3393	0.4571	-0.1
6785	3394	0.4568	-0.1
6786	3394	0.4564	-0.1
6787	3395	0.4561	-0.1
6788	3395	0.4557	-0.1
6789	3396	0.4554	-0.1
6790	3396	0.455	-0.1
6791	3397	0.4547	-0.1
6792	3397	0.4543	-0.1
6793	3398	0.454	-0.1
6794	3398	0.4536	-0.1
6795	3399	0.4533	-0.1
6796	3399	0.453	-0.1
6797	3400	0.4526	-0.1
6798	3400	0.4523	-0.1
6799	3401	0.4519	-0.1
6800	3401	0.4516	-0.1
6801	3402	0.4513	-0.1
6802	3402	0.4509	-0.1
6803	3403	0.4506	-0.1
6804	3403	0.4502	-0.1
6805	3404	0.4499	-0.1
6806	3404	0.4496	-0.1
6807	3405	0.4492	-0.1
6808	3405	0.4489	-0.1
6809	3406	0.4485	-0.1
6810	3406	0.4482	-0.1
6811	3407	0.4478	-0.1
6812	3407	0.4475	-0.1
6813	3408	0.4472	-0.1
6814	3408	0.4468	-0.1
6815	3409	0.4465	-0.1
6816	3409	0.4461	-0.1
6817	3410	0.4458	-0.1
6818	3410	0.4455	-0.1
6819	3411	0.4451	-0.1
6820	3411	0.4448	-0.1
6821	3412	0.4445	-0.1
6822	3412	0.4441	-0.1
6823	3413	0.4438	-0.1
6824	3413	0.4434	-0.1
6825	3414	0.4431	-0.1
6826	3414	0.4428	-0.1
6827	3415	0.4424	-0.1
6828	3415	0.4421	-0.1
6829	3416	0.4418	-0.1
6830	3416	0.4414	-0.1
6831	3417	0.4411	-0.1
6832	3417	0.4407	-0.1
6833	3418	0.4404	-0.1
6834	3418	0.4401	-0.1
6835	3419	0.4397	-0.1
6836	3419	0.4394	-0.1
6837	3420	0.4391	-0.1
6838	3420	0.4387	-0.1
6839	3421	0.4384	-0.1
6840	3421	0.4381	-0.1
6841	3422	0.4377	-0.1
6842	3422	0.4374	-0.1
6843	3423	0.4371	-0.1
6844	3423	0.4367	-0.1
6845	3424	0.4364	-0.1
6846	3424	0.4361	-0.1
6847	3425	0.4357	-0.1
6848	3425	0.4354	-0.1
6849	3426	0.4351	-0.1
6850	3426	0.4347	-0.1
6851	3427	0.4344	-0.1
6852	3427	0.4341	-0.1
6853	3428	0.4337	-0.1
6854	3428	0.4334	-0.1
6855	3429	0.4331	-0.1
6856	3429	0.4327	-0.1
6857	3430	0.4324	-0.1
6858	3430	0.4321	-0.1
6859	3431	0.4317	-0.1
6860	3431	0.4314	-0.1
6861	3432	0.431	-0.1
6862	3432	0.4307	-0.1
6863	3433	0.4304	-0.1
6864	3433	0.43	-0.1
6865	3434	0.4297	-0.1
6866	3434	0.4294	-0.1
6867	3435	0.429	-0.1
6868	3435	0.4287	-0.1
6869	3436	0.4284	-0.1
6870	3436	0.428	-0.1
6871	3437	0.4277	-0.1
6872	3437	0.4274	-0.1
6873	3438	0.4271	-0.1
6874	3438	0.4267	-0.1
6875	3439	0.4264	-0.1
6876	3439	0.4261	-0.1
6877	3440	0.4258	-0.1
6878	3440	0.4254	-0.1
6879	3441	0.4251	-0.1
6880	3441	0.4248	-0.1
6881	3442	0.4244	-0.1
6882	3442	0.4241	-0.1
6883	3443	0.4238	-0.1
6884	3443	0.4235	-0.1
6885	3444	0.4231	-0.1
6886	3444	0.4228	-0.1
6887	3445	0.4225	-0.1
6888	3445	0.4222	-0.1
6889	3446	0.4218	-0.1
6890	3446	0.4215	-0.1
6891	3447	0.4212	-0.1
6892	3447	0.4209	-0.1
6893	3448	0.4205	-0.1
6894	3448	0.4202	-0.1
6895	3449	0.4199	-0.1
6896	3449	0.4196	-0.1
6897	3450	0.4192	-0.1
6898	3450	0.4189	-0.1
6899	3451	0.4186	-0.1
6900	3451	0.4183	-0.1
6901	3452	0.4179	-0.1
6902	3452	0.4176	-0.1
6903	3453	0.4173	-0.1
6904	3453	0.417	-0.1
6905	3454	0.4167	-0.1
6906	3454	0.4163	-0.1
6907	3455	0.416	-0.1
6908	3455	0.4157	-0.1
6909	3456	0.4154	-0.1
6910	3456	0.4151	-0.1
6911	3457	0.4147	-0.1
6912	3457	0.4144	-0.1
6913	3458	0.4141	-0.1
6914	3458	0.4138	-0.1
6915	3459	0.4135	-0.1
6916	3459	0.4131	-0.1
6917	3460	0.4128	-0.1
6918	3460	0.4125	-0.1
6919	3461	0.4122	-0.1
6920	3461	0.4119	-0.1
6921	3462	0.4115	-0.1
6922	3462	0.4112	-0.1
6923	3463	0.4109	-0.1
6924	3463	0.4106	-0.1
6925	3464	0.4103	-0.1
6926	3464	0.4099	-0.1
6927	3465	0.4096	-0.1
6928	3465	0.4093	-0.1
6929	3466	0.409	-0.1
6930	3466	0.4087	-0.1
6931	3467	0.4084	-0.1
6932	3467	0.408	-0.1
6933	3468	0.4077	-0.1
6934	3468	0.4074	-0.1
6935	3469	0.4071	-0.1
6936	3469	0.4068	-0.1
6937	3470	0.4064	-0.1
6938	3470	0.4061	-0.1
6939	3471	0.4058	-0.1
6940	3471	0.4055	-0.1
6941	3472	0.4052	-0.1
6942	3472	0.4049	-0.1
6943	3473	0.4045	-0.1
6944	3473	0.4042	-0.1
6945	3474	0.4039	-0.1
6946	3474	0.4036	-0.1
6947	3475	0.4033	-0.1
6948	3475	0.403	-0.1
6949	3476	0.4027	-0.1
6950	3476	0.4023	-0.1
6951	3477	0.402	-0.1
6952	3477	0.4017	-0.1
6953	3478	0.4014	-0.1
6954	3478	0.4011	-0.1
6955	3479	0.4008	-0.1
6956	3479	0.4005	-0.1
6957	3480	0.4002	-0.1
6958	3480	0.3999	-0.1
6959	3481	0.3995	-0.1
6960	3481	0.3992	-0.1
6961	3482	0.3989	-0.1
6962	3482	0.3986	-0.1
6963	3483	0.3983	-0.1
6964	3483	0.398	-0.1
6965	3484	0.3977	-0.1
6966	3484	0.3974	-0.1
6967	3485	0.3971	-0.1
6968	3485	0.3967	-0.1
6969	3486	0.3964	-0.1
6970	3486	0.3961	-0.1
6971	3487	0.3958	-0.1
6972	3487	0.3955	-0.1
6973	3488	0.3952	-0.1
6974	3488	0.3949	-0.1
6975	3489	0.3946	-0.1
6976	3489	0.3943	-0.1
6977	3490	0.394	-0.1
6978	3490	0.3936	-0.1
6979	3491	0.3933	-0.1
6980	3491	0.393	-0.1
6981	3492	0.3927	-0.1
6982	3492	0.3924	-0.1
6983	3493	0.3921	-0.1
6984	3493	0.3918	-0.1
6985	3494	0.3915	-0.1
6986	3494	0.3912	-0.1
6987	3495	0.3909	-0.1
6988	3495	0.3906	-0.1
6989	3496	0.3903	-0.1
6990	3496	0.39	-0.1
6991	3497	0.3897	-0.1
6992	3497	0.3894	-0.1
6993	3498	0.3891	-0.1
6994	3498	0.3887	-0.1
6995	3499	0.3884	-0.1
6996	3499	0.3881	-0.1
6997	3500	0.3878	-0.1
6998	3500	0.3875	-0.1
6999	3501	0.3872	-0.1
7000	3501	0.3869	-0.1
7001	3502	0.3866	-0.1
7002	3502	0.3863	-0.1
7003	3503	0.386	-0.1
7004	3503	0.3857	-0.1
7005	3504	0.3854	-0.1
7006	3504	0.3851	-0.1
7007	3505	0.3848	-0.1
7008	3505	0.3845	-0.1
7009	3506	0.3842	-0.1
7010	3506	0.3839	-0.1
7011	3507	0.3836	-0.1
7012	3507	0.3833	-0.1
7013	3508	0.383	-0.1
7014	3508	0.3827	-0.1
7015	3509	0.3823	-0.1
7016	3509	0.382	-0.1
7017	3510	0.3817	-0.1
7018	3510	0.3814	-0.1
7019	3511	0.3811	-0.1
7020	3511	0.3808	-0.1
7021	3512	0.3805	-0.1
7022	3512	0.3802	-0.1
7023	3513	0.3799	-0.1
7024	3513	0.3796	-0.1
7025	3514	0.3793	-0.1
7026	3514	0.379	-0.1
7027	3515	0.3787	-0.1
7028	3515	0.3784	-0.1
7029	3516	0.3781	-0.1
7030	3516	0.3778	-0.1
7031	3517	0.3775	-0.1
7032	3517	0.3772	-0.1
7033	3518	0.3769	-0.1
7034	3518	0.3766	-0.1
7035	3519	0.3763	-0.1
7036	3519	0.376	-0.1
7037	3520	0.3757	-0.1
7038	3520	0.3754	-0.1
7039	3521	0.3751	-0.1
7040	3521	0.3749	-0.1
7041	3522	0.3745	-0.1
7042	3522	0.3743	-0.1
7043	3523	0.374	-0.1
7044	3523	0.3737	-0.1
7045	3524	0.3734	-0.1
7046	3524	0.3731	-0.1
7047	3525	0.3728	-0.1
7048	3525	0.3725	-0.1
7049	3526	0.3722	-0.1
7050	3526	0.3719	-0.1
7051	3527	0.3716	-0.1
7052	3527	0.3713	-0.1
7053	3528	0.371	-0.1
7054	3528	0.3707	-0.1
7055	3529	0.3704	-0.1
7056	3529	0.3701	-0.1
7057	3530	0.3698	-0.1
7058	3530	0.3695	-0.1
7059	3531	0.3692	-0.1
7060	3531	0.369	-0.1
7061	3532	0.3687	-0.1
7062	3532	0.3684	-0.1
7063	3533	0.3681	-0.1
7064	3533	0.3678	-0.1
7065	3534	0.3675	-0.1
7066	3534	0.3672	-0.1
7067	3535	0.3669	-0.1
7068	3535	0.3666	-0.1
7069	3536	0.3663	-0.1
7070	3536	0.366	-0.1
7071	3537	0.3658	-0.1
7072	3537	0.3655	-0.1
7073	3538	0.3652	-0.1
7074	3538	0.3649	-0.1
7075	3539	0.3646	-0.1
7076	3539	0.3643	-0.1
7077	3540	0.364	-0.1
7078	3540	0.3637	-0.1
7079	3541	0.3634	-0.1
7080	3541	0.3631	-0.1
7081	3542	0.3629	-0.1
7082	3542	0.3626	-0.1
7083	3543	0.3623	-0.1
7084	3543	0.362	-0.1
7085	3544	0.3617	-0.1
7086	3544	0.3614	-0.1
7087	3545	0.3611	-0.1
7088	3545	0.3609	-0.1
7089	3546	0.3606	-0.1
7090	3546	0.3603	-0.1
7091	3547	0.36	-0.1
7092	3547	0.3597	-0.1
7093	3548	0.3594	-0.1
7094	3548	0.3591	-0.1
7095	3549	0.3588	-0.1
7096	3549	0.3585	-0.1
7097	3550	0.3583	-0.1
7098	3550	0.358	-0.1
7099	3551	0.3577	-0.1
7100	3551	0.3574	-0.1
7101	3552	0.3571	-0.1
7102	3552	0.3568	-0.1
7103	3553	0.3565	-0.1
7104	3553	0.3563	-0.1
7105	3554	0.356	-0.1
7106	3554	0.3557	-0.1
7107	3555	0.3554	-0.1
7108	3555	0.3551	-0.1
7109	3556	0.3548	-0.1
7110	3556	0.3546	-0.1
7111	3557	0.3543	-0.1
7112	3557	0.354	-0.1
7113	3558	0.3537	-0.1
7114	3558	0.3534	-0.1
7115	3559	0.3531	-0.1
7116	3559	0.3529	-0.1
7117	3560	0.3526	-0.1
7118	3560	0.3523	-0.1
7119	3561	0.352	-0.1
7120	3561	0.3517	-0.1
7121	3562	0.3515	-0.1
7122	3562	0.3512	-0.1
7123	3563	0.3509	-0.1
7124	3563	0.3506	-0.1
7125	3564	0.3504	-0.1
7126	3564	0.3501	-0.1
7127	3565	0.3498	-0.1
7128	3565	0.3495	-0.1
7129	3566	0.3492	-0.1
7130	3566	0.349	-0.1
7131	3567	0.3487	-0.1
7132	3567	0.3484	-0.1
7133	3568	0.3481	-0.1
7134	3568	0.3478	-0.1
7135	3569	0.3476	-0.1
7136	3569	0.3473	-0.1
7137	3570	0.347	-0.1
7138	3570	0.3467	-0.1
7139	3571	0.3465	-0.1
7140	3571	0.3462	-0.1
7141	3572	0.3459	-0.1
7142	3572	0.3456	-0.1
7143	3573	0.3453	-0.1
7144	3573	0.3451	-0.1
7145	3574	0.3448	-0.1
7146	3574	0.3445	-0.1
7147	3575	0.3442	-0.1
7148	3575	0.344	-0.1
7149	3576	0.3437	-0.1
7150	3576	0.3434	-0.1
7151	3577	0.3431	-0.1
7152	3577	0.3429	-0.1
7153	3578	0.3426	-0.1
7154	3578	0.3423	-0.1
7155	3579	0.3421	-0.1
7156	3579	0.3418	-0.1
7157	3580	0.3415	-0.1
7158	3580	0.3412	-0.1
7159	3581	0.341	-0.1
7160	3581	0.3407	-0.1
7161	3582	0.3404	-0.1
7162	3582	0.3401	-0.1
7163	3583	0.3399	-0.1
7164	3583	0.3396	-0.1
7165	3584	0.3393	-0.1
7166	3584	0.3391	-0.1
7167	3585	0.3388	-0.1
7168	3585	0.3385	-0.1
7169	3586	0.3383	-0.1
7170	3586	0.338	-0.1
7171	3587	0.3377	-0.1
7172	3587	0.3374	-0.1
7173	3588	0.3372	-0.1
7174	3588	0.3369	-0.1
7175	3589	0.3366	-0.1
7176	3589	0.3364	-0.1
7177	3590	0.3361	-0.1
7178	3590	0.3358	-0.1
7179	3591	0.3356	-0.1
7180	3591	0.3353	-0.1
7181	3592	0.335	-0.1
7182	3592	0.3347	-0.1
7183	3593	0.3345	-0.1
7184	3593	0.3342	-0.1
7185	3594	0.3339	-0.1
7186	3594	0.3336	-0.1
7187	3595	0.3333	-0.1
7188	3595	0.3331	-0.1
7189	3596	0.3328	-0.1
7190	3596	0.3325	-0.1
7191	3597	0.3323	-0.1
7192	3597	0.332	-0.1
7193	3598	0.3317	-0.1
7194	3598	0.3315	-0.1
7195	3599	0.3312	-0.1
7196	3599	0.3309	-0.1
7197	3600	0.3307	-0.1
7198	3600	0.3304	-0.1
7199	3601	0.3302	-0.1
7200	3601	0.3299	-0.1
7201	3602	0.3296	-0.1
7202	3602	0.3294	-0.1
7203	3603	0.3291	-0.1
7204	3603	0.3288	-0.1
7205	3604	0.3286	-0.1
7206	3604	0.3283	-0.1
7207	3605	0.3281	-0.1
7208	3605	0.3278	-0.1
7209	3606	0.3275	-0.1
7210	3606	0.3273	-0.1
7211	3607	0.327	-0.1
7212	3607	0.3267	-0.1
7213	3608	0.3265	-0.1
7214	3608	0.3262	-0.1
7215	3609	0.326	-0.1
7216	3609	0.3257	-0.1
7217	3610	0.3254	-0.1
7218	3610	0.3252	-0.1
7219	3611	0.3249	-0.1
7220	3611	0.3247	-0.1
7221	3612	0.3244	-0.1
7222	3612	0.3241	-0.1
7223	3613	0.3239	-0.1
7224	3613	0.3236	-0.1
7225	3614	0.3234	-0.1
7226	3614	0.3231	-0.1
7227	3615	0.3228	-0.1
7228	3615	0.3226	-0.1
7229	3616	0.3223	-0.1
7230	3616	0.3221	-0.1
7231	3617	0.3218	-0.1
7232	3617	0.3215	-0.1
7233	3618	0.3213	-0.1
7234	3618	0.321	-0.1
7235	3619	0.3208	-0.1
7236	3619	0.3205	-0.1
7237	3620	0.3203	-0.1
7238	3620	0.32	-0.1
7239	3621	0.3197	-0.1
7240	3621	0.3195	-0.1
7241	3622	0.3192	-0.1
7242	3622	0.319	-0.1
7243	3623	0.3187	-0.1
7244	3623	0.3185	-0.1
7245	3624	0.3182	-0.1
7246	3624	0.318	-0.1
7247	3625	0.3177	-0.1
7248	3625	0.3175	-0.1
7249	3626	0.3172	-0.1
7250	3626	0.317	-0.1
7251	3627	0.3167	-0.1
7252	3627	0.3164	-0.1
7253	3628	0.3162	-0.1
7254	3628	0.3159	-0.1
7255	3629	0.3157	-0.1
7256	3629	0.3154	-0.1
7257	3630	0.3152	-0.1
7258	3630	0.3149	-0.1
7259	3631	0.3147	-0.1
7260	3631	0.3144	-0.1
7261	3632	0.3142	-0.1
7262	3632	0.3139	-0.1
7263	3633	0.3137	-0.1
7264	3633	0.3134	-0.1
7265	3634	0.3132	-0.1
7266	3634	0.3129	-0.1
7267	3635	0.3127	-0.1
7268	3635	0.3124	-0.1
7269	3636	0.3122	-0.1
7270	3636	0.3119	-0.1
7271	3637	0.3117	-0.1
7272	3637	0.3114	-0.1
7273	3638	0.3112	-0.1
7274	3638	0.3109	-0.1
7275	3639	0.3107	-0.1
7276	3639	0.3104	-0.1
7277	3640	0.3102	-0.1
7278	3640	0.3099	-0.1
7279	3641	0.3097	-0.1
7280	3641	0.3094	-0.1
7281	3642	0.3092	-0.1
7282	3642	0.3089	-0.1
7283	3643	0.3087	-0.1
7284	3643	0.3084	-0.1
7285	3644	0.3082	-0.1
7286	3644	0.3079	-0.1
7287	3645	0.3077	-0.1
7288	3645	0.3075	-0.1
7289	3646	0.3072	-0.1
7290	3646	0.307	-0.1
7291	3647	0.3067	-0.1
7292	3647	0.3065	-0.1
7293	3648	0.3062	-0.1
7294	3648	0.306	-0.1
7295	3649	0.3057	-0.1
7296	3649	0.3055	-0.1
7297	3650	0.3053	-0.1
7298	3650	0.305	-0.1
7299	3651	0.3048	-0.1
7300	3651	0.3045	-0.1
7301	3652	0.3043	-0.1
7302	3652	0.304	-0.1
7303	3653	0.3038	-0.1
7304	3653	0.3036	-0.1
7305	3654	0.3033	-0.1
7306	3654	0.3031	-0.1
7307	3655	0.3028	-0.1
7308	3655	0.3026	-0.1
7309	3656	0.3024	-0.1
7310	3656	0.3021	-0.1
7311	3657	0.3019	-0.1
7312	3657	0.3016	-0.1
7313	3658	0.3014	-0.1
7314	3658	0.3011	-0.1
7315	3659	0.3009	-0.1
7316	3659	0.3007	-0.1
7317	3660	0.3004	-0.1
7318	3660	0.3002	-0.1
7319	3661	0.3	-0.1
7320	3661	0.2997	-0.1
7321	3662	0.2995	-0.1
7322	3662	0.2992	-0.1
7323	3663	0.299	-0.1
7324	3663	0.2988	-0.1
7325	3664	0.2985	-0.1
7326	3664	0.2983	-0.1
7327	3665	0.298	-0.1
7328	3665	0.2978	-0.1
7329	3666	0.2976	-0.1
7330	3666	0.2973	-0.1
7331	3667	0.2971	-0.1
7332	3667	0.2969	-0.1
7333	3668	0.2966	-0.1
7334	3668	0.2964	-0.1
7335	3669	0.2962	-0.1
7336	3669	0.2959	-0.1
7337	3670	0.2957	-0.1
7338	3670	0.2954	-0.1
7339	3671	0.2952	-0.1
7340	3671	0.295	-0.1
7341	3672	0.2947	-0.1
7342	3672	0.2945	-0.1
7343	3673	0.2943	-0.1
7344	3673	0.294	-0.1
7345	3674	0.2938	-0.1
7346	3674	0.2936	-0.1
7347	3675	0.2933	-0.1
7348	3675	0.2931	-0.1
7349	3676	0.2929	-0.1
7350	3676	0.2926	-0.1
7351	3677	0.2924	-0.1
7352	3677	0.2922	-0.1
7353	3678	0.292	-0.1
7354	3678	0.2917	-0.1
7355	3679	0.2915	-0.1
7356	3679	0.2913	-0.1
7357	3680	0.291	-0.1
7358	3680	0.2908	-0.1
7359	3681	0.2906	-0.1
7360	3681	0.2903	-0.1
7361	3682	0.2901	-0.1
7362	3682	0.2899	-0.1
7363	3683	0.2897	-0.1
7364	3683	0.2894	-0.1
7365	3684	0.2892	-0.1
7366	3684	0.289	-0.1
7367	3685	0.2887	-0.1
7368	3685	0.2885	-0.1
7369	3686	0.2883	-0.1
7370	3686	0.2881	-0.1
7371	3687	0.2878	-0.1
7372	3687	0.2876	-0.1
7373	3688	0.2874	-0.1
7374	3688	0.2871	-0.1
7375	3689	0.2869	-0.1
7376	3689	0.2867	-0.1
7377	3690	0.2864	-0.1
7378	3690	0.2862	-0.1
7379	3691	0.286	-0.1
7380	3691	0.2857	-0.1
7381	3692	0.2855	-0.1
7382	3692	0.2853	-0.1
7383	3693	0.285	-0.1
7384	3693	0.2848	-0.1
7385	3694	0.2846	-0.1
7386	3694	0.2844	-0.1
7387	3695	0.2841	-0.1
7388	3695	0.2839	-0.1
7389	3696	0.2837	-0.1
7390	3696	0.2835	-0.1
7391	3697	0.2832	-0.1
7392	3697	0.283	-0.1
7393	3698	0.2828	-0.1
7394	3698	0.2826	-0.1
7395	3699	0.2824	-0.1
7396	3699	0.2821	-0.1
7397	3700	0.2819	-0.1
7398	3700	0.2817	-0.1
7399	3701	0.2815	-0.1
7400	3701	0.2812	-0.1
7401	3702	0.281	-0.1
7402	3702	0.2808	-0.1
7403	3703	0.2806	-0.1
7404	3703	0.2804	-0.1
7405	3704	0.2801	-0.1
7406	3704	0.2799	-0.1
7407	3705	0.2797	-0.1
7408	3705	0.2795	-0.1
7409	3706	0.2793	-0.1
7410	3706	0.279	-0.1
7411	3707	0.2788	-0.1
7412	3707	0.2786	-0.1
7413	3708	0.2784	-0.1
7414	3708	0.2782	-0.1
7415	3709	0.2779	-0.1
7416	3709	0.2777	-0.1
7417	3710	0.2775	-0.1
7418	3710	0.2773	-0.1
7419	3711	0.2771	-0.1
7420	3711	0.2769	-0.1
7421	3712	0.2766	-0.1
7422	3712	0.2764	-0.1
7423	3713	0.2762	-0.1
7424	3713	0.276	-0.1
7425	3714	0.2758	-0.1
7426	3714	0.2756	-0.1
7427	3715	0.2753	-0.1
7428	3715	0.2751	-0.1
7429	3716	0.2749	-0.1
7430	3716	0.2747	-0.1
7431	3717	0.2745	-0.1
7432	3717	0.2742	-0.1
7433	3718	0.274	-0.1
7434	3718	0.2738	-0.1
7435	3719	0.2736	-0.1
7436	3719	0.2734	-0.1
7437	3720	0.2732	-0.1
7438	3720	0.273	-0.1
7439	3721	0.2728	-0.1
7440	3721	0.2725	-0.1
7441	3722	0.2723	-0.1
7442	3722	0.2721	-0.1
7443	3723	0.2719	-0.1
7444	3723	0.2717	-0.1
7445	3724	0.2715	-0.1
7446	3724	0.2713	-0.1
7447	3725	0.271	-0.1
7448	3725	0.2708	-0.1
7449	3726	0.2706	-0.1
7450	3726	0.2704	-0.1
7451	3727	0.2702	-0.1
7452	3727	0.27	-0.1
7453	3728	0.2698	-0.1
7454	3728	0.2696	-0.1
7455	3729	0.2694	-0.1
7456	3729	0.2692	-0.1
7457	3730	0.2689	-0.1
7458	3730	0.2687	-0.1
7459	3731	0.2685	-0.1
7460	3731	0.2683	-0.1
7461	3732	0.2681	-0.1
7462	3732	0.2679	-0.1
7463	3733	0.2677	-0.1
7464	3733	0.2675	-0.1
7465	3734	0.2673	-0.1
7466	3734	0.2671	-0.1
7467	3735	0.2669	-0.1
7468	3735	0.2666	-0.1
7469	3736	0.2664	-0.1
7470	3736	0.2662	-0.1
7471	3737	0.266	-0.1
7472	3737	0.2658	-0.1
7473	3738	0.2656	-0.1
7474	3738	0.2654	-0.1
7475	3739	0.2652	-0.1
7476	3739	0.265	-0.1
7477	3740	0.2648	-0.1
7478	3740	0.2646	-0.1
7479	3741	0.2644	-0.1
7480	3741	0.2642	-0.1
7481	3742	0.264	-0.1
7482	3742	0.2638	-0.1
7483	3743	0.2636	-0.1
7484	3743	0.2634	-0.1
7485	3744	0.2631	-0.1
7486	3744	0.2629	-0.1
7487	3745	0.2627	-0.1
7488	3745	0.2625	-0.1
7489	3746	0.2623	-0.1
7490	3746	0.2621	-0.1
7491	3747	0.2619	-0.1
7492	3747	0.2617	-0.1
7493	3748	0.2615	-0.1
7494	3748	0.2613	-0.1
7495	3749	0.2611	-0.1
7496	3749	0.2609	-0.1
7497	3750	0.2607	-0.1
7498	3750	0.2605	-0.1
7499	3751	0.2603	-0.1
7500	3751	0.2601	-0.1
7501	3752	0.2599	-0.1
7502	3752	0.2597	-0.1
7503	3753	0.2595	-0.1
7504	3753	0.2593	-0.1
7505	3754	0.2591	-0.1
7506	3754	0.2589	-0.1
7507	3755	0.2587	-0.1
7508	3755	0.2585	-0.1
7509	3756	0.2583	-0.1
7510	3756	0.2581	-0.1
7511	3757	0.2579	-0.1
7512	3757	0.2577	-0.1
7513	3758	0.2575	-0.1
7514	3758	0.2573	-0.1
7515	3759	0.2571	-0.1
7516	3759	0.2569	-0.1
7517	3760	0.2567	-0.1
7518	3760	0.2565	-0.1
7519	3761	0.2563	-0.1
7520	3761	0.2561	-0.1
7521	3762	0.2559	-0.1
7522	3762	0.2557	-0.1
7523	3763	0.2555	-0.1
7524	3763	0.2553	-0.1
7525	3764	0.2551	-0.1
7526	3764	0.2549	-0.1
7527	3765	0.2547	-0.1
7528	3765	0.2545	-0.1
7529	3766	0.2544	-0.1
7530	3766	0.2542	-0.1
7531	3767	0.254	-0.1
7532	3767	0.2538	-0.1
7533	3768	0.2536	-0.1
7534	3768	0.2534	-0.1
7535	3769	0.2532	-0.1
7536	3769	0.253	-0.1
7537	3770	0.2528	-0.1
7538	3770	0.2526	-0.1
7539	3771	0.2524	-0.1
7540	3771	0.2522	-0.1
7541	3772	0.252	-0.1
7542	3772	0.2518	-0.1
7543	3773	0.2516	-0.1
7544	3773	0.2514	-0.1
7545	3774	0.2513	-0.1
7546	3774	0.2511	-0.1
7547	3775	0.2509	-0.1
7548	3775	0.2507	-0.1
7549	3776	0.2505	-0.1
7550	3776	0.2503	-0.1
7551	3777	0.2501	-0.1
7552	3777	0.2499	-0.1
7553	3778	0.2497	-0.1
7554	3778	0.2495	-0.1
7555	3779	0.2493	-0.1
7556	3779	0.2492	-0.1
7557	3780	0.249	-0.1
7558	3780	0.2488	-0.1
7559	3781	0.2486	-0.1
7560	3781	0.2484	-0.1
7561	3782	0.2482	-0.1
7562	3782	0.248	-0.1
7563	3783	0.2478	-0.1
7564	3783	0.2476	-0.1
7565	3784	0.2474	-0.1
7566	3784	0.2473	-0.1
7567	3785	0.2471	-0.1
7568	3785	0.2469	-0.1
7569	3786	0.2467	-0.1
7570	3786	0.2465	-0.1
7571	3787	0.2463	-0.1
7572	3787	0.2461	-0.1
7573	3788	0.246	-0.1
7574	3788	0.2458	-0.1
7575	3789	0.2456	-0.1
7576	3789	0.2454	-0.1
7577	3790	0.2452	-0.1
7578	3790	0.245	-0.1
7579	3791	0.2448	-0.1
7580	3791	0.2447	-0.1
7581	3792	0.2445	-0.1
7582	3792	0.2443	-0.1
7583	3793	0.2441	-0.1
7584	3793	0.2439	-0.1
7585	3794	0.2437	-0.1
7586	3794	0.2435	-0.1
7587	3795	0.2434	-0.1
7588	3795	0.2432	-0.1
7589	3796	0.243	-0.1
7590	3796	0.2428	-0.1
7591	3797	0.2426	-0.1
7592	3797	0.2424	-0.1
7593	3798	0.2423	-0.1
7594	3798	0.2421	-0.1
7595	3799	0.2419	-0.1
7596	3799	0.2417	-0.1
7597	3800	0.2415	-0.1
7598	3800	0.2414	-0.1
7599	3801	0.2412	-0.1
7600	3801	0.241	-0.1
7601	3802	0.2408	-0.1
7602	3802	0.2406	-0.1
7603	3803	0.2405	-0.1
7604	3803	0.2403	-0.1
7605	3804	0.2401	-0.1
7606	3804	0.2399	-0.1
7607	3805	0.2397	-0.1
7608	3805	0.2396	-0.1
7609	3806	0.2394	-0.1
7610	3806	0.2392	-0.1
7611	3807	0.239	-0.1
7612	3807	0.2388	-0.1
7613	3808	0.2386	-0.1
7614	3808	0.2385	-0.1
7615	3809	0.2383	-0.1
7616	3809	0.2381	-0.1
7617	3810	0.2379	-0.1
7618	3810	0.2377	-0.1
7619	3811	0.2376	-0.1
7620	3811	0.2374	-0.1
7621	3812	0.2372	-0.1
7622	3812	0.237	-0.1
7623	3813	0.2368	-0.1
7624	3813	0.2367	-0.1
7625	3814	0.2365	-0.1
7626	3814	0.2363	-0.1
7627	3815	0.2361	-0.1
7628	3815	0.2359	-0.1
7629	3816	0.2357	-0.1
7630	3816	0.2356	-0.1
7631	3817	0.2354	-0.1
7632	3817	0.2352	-0.1
7633	3818	0.235	-0.1
7634	3818	0.2349	-0.1
7635	3819	0.2347	-0.1
7636	3819	0.2345	-0.1
7637	3820	0.2343	-0.1
7638	3820	0.2342	-0.1
7639	3821	0.234	-0.1
7640	3821	0.2338	-0.1
7641	3822	0.2336	-0.1
7642	3822	0.2335	-0.1
7643	3823	0.2333	-0.1
7644	3823	0.2331	-0.1
7645	3824	0.2329	-0.1
7646	3824	0.2328	-0.1
7647	3825	0.2326	-0.1
7648	3825	0.2324	-0.1
7649	3826	0.2323	-0.1
7650	3826	0.2321	-0.1
7651	3827	0.2319	-0.1
7652	3827	0.2317	-0.1
7653	3828	0.2316	-0.1
7654	3828	0.2314	-0.1
7655	3829	0.2312	-0.1
7656	3829	0.2311	-0.1
7657	3830	0.2309	-0.1
7658	3830	0.2307	-0.1
7659	3831	0.2305	-0.1
7660	3831	0.2304	-0.1
7661	3832	0.2302	-0.1
7662	3832	0.23	-0.1
7663	3833	0.2299	-0.1
7664	3833	0.2297	-0.1
7665	3834	0.2295	-0.1
7666	3834	0.2294	-0.1
7667	3835	0.2292	-0.1
7668	3835	0.229	-0.1
7669	3836	0.2289	-0.1
7670	3836	0.2287	-0.1
7671	3837	0.2285	-0.1
7672	3837	0.2283	-0.1
7673	3838	0.2282	-0.1
7674	3838	0.228	-0.1
7675	3839	0.2278	-0.1
7676	3839	0.2277	-0.1
7677	3840	0.2275	-0.1
7678	3840	0.2273	-0.1
7679	3841	0.2272	-0.1
7680	3841	0.227	-0.1
7681	3842	0.2268	-0.1
7682	3842	0.2267	-0.1
7683	3843	0.2265	-0.1
7684	3843	0.2263	-0.1
7685	3844	0.2262	-0.1
7686	3844	0.226	-0.1
7687	3845	0.2258	-0.1
7688	3846	0.2257	-0.1
7689	3846	0.2255	-0.1
7690	3847	0.2253	-0.1
7691	3847	0.2252	-0.1
7692	3848	0.225	-0.1
7693	3848	0.2248	-0.1
7694	3849	0.2247	-0.1
7695	3849	0.2245	-0.1
7696	3850	0.2243	-0.1
7697	3850	0.2242	-0.1
7698	3851	0.224	-0.1
7699	3851	0.2238	-0.1
7700	3852	0.2237	-0.1
7701	3852	0.2235	-0.1
7702	3853	0.2233	-0.1
7703	3853	0.2232	-0.1
7704	3854	0.223	-0.1
7705	3854	0.2229	-0.1
7706	3855	0.2227	-0.1
7707	3855	0.2225	-0.1
7708	3856	0.2224	-0.1
7709	3856	0.2222	-0.1
7710	3857	0.222	-0.1
7711	3857	0.2219	-0.1
7712	3858	0.2217	-0.1
7713	3858	0.2216	-0.1
7714	3859	0.2214	-0.1
7715	3859	0.2212	-0.1
7716	3860	0.2211	-0.1
7717	3860	0.2209	-0.1
7718	3861	0.2208	-0.1
7719	3861	0.2206	-0.1
7720	3862	0.2204	-0.1
7721	3862	0.2203	-0.1
7722	3863	0.2201	-0.1
7723	3863	0.22	-0.1
7724	3864	0.2198	-0.1
7725	3864	0.2196	-0.1
7726	3865	0.2195	-0.1
7727	3865	0.2193	-0.1
7728	3866	0.2192	-0.1
7729	3866	0.219	-0.1
7730	3867	0.2188	-0.1
7731	3867	0.2187	-0.1
7732	3868	0.2185	-0.1
7733	3868	0.2184	-0.1
7734	3869	0.2182	-0.1
7735	3869	0.218	-0.1
7736	3870	0.2179	-0.1
7737	3870	0.2177	-0.1
7738	3871	0.2176	-0.1
7739	3871	0.2174	-0.1
7740	3872	0.2173	-0.1
7741	3872	0.2171	-0.1
7742	3873	0.2169	-0.1
7743	3873	0.2168	-0.1
7744	3874	0.2166	-0.1
7745	3874	0.2165	-0.1
7746	3875	0.2163	-0.1
7747	3875	0.2162	-0.1
7748	3876	0.216	-0.1
7749	3876	0.2158	-0.1
7750	3877	0.2157	-0.1
7751	3877	0.2155	-0.1
7752	3878	0.2154	-0.1
7753	3878	0.2152	-0.1
7754	3879	0.2151	-0.1
7755	3879	0.2149	-0.1
7756	3880	0.2147	-0.1
7757	3880	0.2146	-0.1
7758	3881	0.2144	-0.1
7759	3881	0.2143	-0.1
7760	3882	0.2141	-0.1
7761	3882	0.214	-0.1
7762	3883	0.2138	-0.1
7763	3883	0.2136	-0.1
7764	3884	0.2135	-0.1
7765	3884	0.2133	-0.1
7766	3885	0.2132	-0.1
7767	3885	0.213	-0.1
7768	3886	0.2129	-0.1
7769	3886	0.2127	-0.1
7770	3887	0.2126	-0.1
7771	3887	0.2124	-0.1
7772	3888	0.2123	-0.1
7773	3888	0.2121	-0.1
7774	3889	0.212	-0.1
7775	3889	0.2118	-0.1
7776	3890	0.2117	-0.1
7777	3890	0.2115	-0.1
7778	3891	0.2113	-0.1
7779	3891	0.2112	-0.1
7780	3892	0.211	-0.1
7781	3892	0.2109	-0.1
7782	3893	0.2107	-0.1
7783	3893	0.2106	-0.1
7784	3894	0.2104	-0.1
7785	3894	0.2103	-0.1
7786	3895	0.2101	-0.1
7787	3895	0.21	-0.1
7788	3896	0.2098	-0.1
7789	3896	0.2097	-0.1
7790	3897	0.2095	-0.1
7791	3897	0.2094	-0.1
7792	3898	0.2092	-0.1
7793	3898	0.2091	-0.1
7794	3899	0.2089	-0.1
7795	3899	0.2088	-0.1
7796	3900	0.2086	-0.1
7797	3900	0.2085	-0.1
7798	3901	0.2084	-0.1
7799	3901	0.2082	-0.1
7800	3902	0.2081	-0.1
7801	3902	0.2079	-0.1
7802	3903	0.2078	-0.1
7803	3903	0.2076	-0.1
7804	3904	0.2075	-0.1
7805	3904	0.2073	-0.1
7806	3905	0.2072	-0.1
7807	3905	0.207	-0.1
7808	3906	0.2069	-0.1
7809	3906	0.2067	-0.1
7810	3907	0.2066	-0.1
7811	3907	0.2064	-0.1
7812	3908	0.2063	-0.1
7813	3908	0.2061	-0.1
7814	3909	0.206	-0.1
7815	3909	0.2058	-0.1
7816	3910	0.2057	-0.1
7817	3910	0.2056	-0.1
7818	3911	0.2054	-0.1
7819	3911	0.2053	-0.1
7820	3912	0.2051	-0.1
7821	3912	0.205	-0.1
7822	3913	0.2048	-0.1
7823	3913	0.2047	-0.1
7824	3914	0.2045	-0.1
7825	3914	0.2044	-0.1
7826	3915	0.2042	-0.1
7827	3915	0.2041	-0.1
7828	3916	0.204	-0.1
7829	3916	0.2038	-0.1
7830	3917	0.2037	-0.1
7831	3917	0.2035	-0.1
7832	3918	0.2034	-0.1
7833	3918	0.2032	-0.1
7834	3919	0.2031	-0.1
7835	3919	0.2029	-0.1
7836	3920	0.2028	-0.1
7837	3920	0.2027	-0.1
7838	3921	0.2025	-0.1
7839	3921	0.2024	-0.1
7840	3922	0.2022	-0.1
7841	3922	0.2021	-0.1
7842	3923	0.2019	-0.1
7843	3923	0.2018	-0.1
7844	3924	0.2016	-0.1
7845	3924	0.2015	-0.1
7846	3925	0.2014	-0.1
7847	3925	0.2012	-0.1
7848	3926	0.2011	-0.1
7849	3926	0.2009	-0.1
7850	3927	0.2008	-0.1
7851	3927	0.2007	-0.1
CAPACITYCURVE	TABLE	95
Cycle	Type	Capacity	Duration
#	#	C	s
1	1	313.3270	3133.27
2	1	312.1757	3121.76
3	1	311.0179	3110.18
4	1	310.1771	3101.77
5	1	308.6906	3086.91
6	1	270.2154	1351.08
7	1	270.0495	1350.25
8	1	269.6240	1348.12
9	1	269.3415	1346.71
10	1	268.9985	1344.99
11	1	235.9954	471.99
12	1	235.6400	471.28
13	1	235.2361	470.47
14	1	235.0131	470.03
15	1	234.7419	469.48
16	1	216.8374	216.84
17	1	217.1514	217.15
18	1	216.4534	216.45
19	1	216.3673	216.37
20	1	216.4484	216.45
21	1	198.8807	99.44
22	1	198.8887	99.44
23	1	198.6507	99.33
24	1	199.0487	99.52
25	1	198.6867	99.34
26	1	187.7124	62.57
27	1	187.6590	62.55
28	1	188.6019	62.87
29	1	188.1182	62.71
30	1	187.7059	62.57
31	1	173.4048	34.68
32	1	173.2533	34.65
33	1	172.9971	34.60
34	1	172.8428	34.57
35	1	173.9286	34.79
36	1	148.3440	14.83
37	1	145.3537	14.54
38	1	148.5240	14.85
39	1	149.0140	14.90
40	1	149.0040	14.90
41	1	126.4709	6.32
42	1	127.7303	6.39
43	1	127.9704	6.40
44	1	128.3521	6.42
45	1	128.0104	6.40
46	1	114.1249	2.85
47	1	111.9245	2.80
48	1	113.6444	2.84
49	1	114.3244	2.86
50	1	114.1644	2.85
51	1	131.6924	6.58
52	1	138.7131	6.94
53	1	133.3326	6.67
54	1	138.0130	6.90
55	1	132.6925	6.63
56	1	159.6652	15.97
57	1	158.6436	15.86
58	1	159.3214	15.93
59	1	161.1642	16.12
60	1	161.0052	16.10
61	1	179.1635	35.83
62	1	182.0786	36.42
63	1	178.5885	35.72
64	1	180.6785	36.14
65	1	179.4285	35.89
66	1	191.3131	63.77
67	1	191.3551	63.79
68	1	190.7131	63.57
69	1	191.3584	63.79
70	1	191.2591	63.75
71	1	200.1548	100.08
72	1	199.6008	99.80
73	1	199.3888	99.69
74	1	199.2688	99.63
75	1	199.7308	99.87
76	1	214.0181	214.02
77	1	213.8801	213.88
78	1	213.7871	213.79
79	1	213.9871	213.99
80	1	213.7661	213.77
81	1	229.5215	459.04
82	1	229.9546	459.91
83	1	229.5720	459.14
84	1	229.4989	459.00
85	1	229.5204	459.04
86	1	252.1677	1260.84
87	1	252.2539	1261.27
88	1	251.7275	1258.64
89	1	251.6875	1258.44
90	1	250.4184	1252.09
91	1	272.7514	2727.51
92	1	271.8388	2718.39
93	1	270.0801	2700.80
94	1	271.1629	2711.63
95	1	270.8497	2708.50
